"V1","V2","V3","y0","y1","t","prob_t","y","prob_t_pred_log","prob_t_pred_tree"
1,-1,1,0.777312480530497,0.681598579694949,"1",0.75,0.681598579694949,0.71425100857702,0.776061776061776
-1,1,1,0.810991985891315,0.663608130153653,"1",0.75,0.663608130153653,0.581651778001201,0.661016949152542
-1,1,-1,0.174219676247125,0.297343868608964,"0",0.25,0.174219676247125,0.460769996517309,0.338983050847458
1,1,-1,0.393772736112566,0.583732571946712,"0",0.25,0.393772736112566,0.133084059302988,0.223938223938224
-1,-1,-1,0,0.0706251848584201,"0",0.75,0,0.725699494087801,0.804878048780488
1,-1,-1,0.234013828386473,0.327918975211838,"1",0.75,0.327918975211838,0.677827582168154,0.776061776061776
-1,1,1,0.792511882158141,0.648152179463492,"1",0.75,0.648152179463492,0.581651778001201,0.661016949152542
1,-1,1,0.798519494247812,0.673038129470451,"1",0.75,0.673038129470451,0.71425100857702,0.776061776061776
-1,-1,1,0.657877583769672,0.420345225591686,"1",0.25,0.420345225591686,0.30989779132981,0.195121951219512
1,1,-1,0.360112715937442,0.625359362477156,"1",0.75,0.625359362477156,0.866915940697012,0.776061776061776
-1,-1,-1,0.0471195315149498,0.0423073968612481,"0",0.75,0.0471195315149498,0.725699494087801,0.804878048780488
1,-1,1,0.778453824268444,0.730262572432714,"1",0.75,0.730262572432714,0.71425100857702,0.776061776061776
-1,1,1,0.753284544394369,0.765291792154859,"0",0.25,0.753284544394369,0.418348221998799,0.338983050847458
-1,1,-1,0.221042187143323,0.297070317813407,"1",0.75,0.297070317813407,0.539230003482691,0.661016949152542
1,-1,-1,0.216998557961035,0.318485176622352,"1",0.75,0.318485176622352,0.677827582168154,0.776061776061776
-1,-1,-1,0.116554804339326,0.0373518324834563,"0",0.75,0.116554804339326,0.725699494087801,0.804878048780488
1,1,-1,0.368954263942232,0.562236743158846,"1",0.75,0.562236743158846,0.866915940697012,0.776061776061776
-1,1,-1,0.199857583626857,0.34141290866417,"1",0.75,0.34141290866417,0.539230003482691,0.661016949152542
-1,-1,1,0.648546974762436,0.399077737592956,"1",0.25,0.399077737592956,0.30989779132981,0.195121951219512
1,-1,-1,0.230185823261241,0.291225850235015,"1",0.75,0.291225850235015,0.677827582168154,0.776061776061776
-1,1,-1,0.190226386912637,0.362166227280397,"1",0.75,0.362166227280397,0.539230003482691,0.661016949152542
1,-1,-1,0.200272263881171,0.281923732835606,"1",0.75,0.281923732835606,0.677827582168154,0.776061776061776
1,1,1,0.906735819827065,0.959652851046908,"0",0.25,0.906735819827065,0.114429247003438,0.223938223938224
-1,1,1,0.766985728540433,0.688948674763779,"1",0.75,0.688948674763779,0.581651778001201,0.661016949152542
1,-1,-1,0.259117624259966,0.34135130918695,"0",0.25,0.259117624259966,0.322172417831846,0.223938223938224
1,-1,-1,0.245393772148532,0.273917284853237,"0",0.25,0.245393772148532,0.322172417831846,0.223938223938224
-1,-1,1,0.596756858259462,0.390982397382781,"0",0.75,0.596756858259462,0.69010220867019,0.804878048780488
1,-1,1,0.790266577886557,0.672377270738476,"1",0.75,0.672377270738476,0.71425100857702,0.776061776061776
1,1,-1,0.373583361122375,0.601901861805886,"1",0.75,0.601901861805886,0.866915940697012,0.776061776061776
1,1,1,0.916139278501373,0.946123152469692,"1",0.75,0.946123152469692,0.885570752996562,0.776061776061776
-1,-1,1,0.618745014359809,0.434335878128871,"0",0.75,0.618745014359809,0.69010220867019,0.804878048780488
1,1,1,0.859749146870005,0.971023298994116,"1",0.75,0.971023298994116,0.885570752996562,0.776061776061776
-1,1,-1,0.225919958680308,0.342692702004791,"0",0.25,0.225919958680308,0.460769996517309,0.338983050847458
-1,1,-1,0.225581489345505,0.306237383845333,"1",0.75,0.306237383845333,0.539230003482691,0.661016949152542
1,-1,-1,0.259561752053511,0.328496396472306,"1",0.75,0.328496396472306,0.677827582168154,0.776061776061776
1,-1,1,0.803879244656329,0.671612055522196,"1",0.75,0.671612055522196,0.71425100857702,0.776061776061776
-1,-1,-1,0.119076947993741,0.0553418761194839,"1",0.25,0.0553418761194839,0.274300505912199,0.195121951219512
-1,1,-1,0.196629381960449,0.328375165814878,"0",0.25,0.196629381960449,0.460769996517309,0.338983050847458
-1,-1,1,0.60658277333345,0.392832421335676,"1",0.25,0.392832421335676,0.30989779132981,0.195121951219512
1,-1,-1,0.237288153936356,0.306584220915671,"1",0.75,0.306584220915671,0.677827582168154,0.776061776061776
-1,-1,1,0.601416847318967,0.427539046450121,"1",0.25,0.427539046450121,0.30989779132981,0.195121951219512
-1,1,1,0.783087599706399,0.710073325589567,"1",0.75,0.710073325589567,0.581651778001201,0.661016949152542
1,1,1,0.980628494941671,0.967263041781252,"1",0.75,0.967263041781252,0.885570752996562,0.776061776061776
-1,-1,1,0.645406626710204,0.382544922438053,"1",0.25,0.382544922438053,0.30989779132981,0.195121951219512
1,-1,-1,0.190314053792114,0.309807416063271,"0",0.25,0.190314053792114,0.322172417831846,0.223938223938224
-1,1,1,0.769867128849473,0.673010863874514,"0",0.25,0.769867128849473,0.418348221998799,0.338983050847458
1,-1,1,0.783775778889848,0.671719167008787,"1",0.75,0.671719167008787,0.71425100857702,0.776061776061776
-1,-1,-1,0.0990830672408883,0.0579620057504525,"0",0.75,0.0990830672408883,0.725699494087801,0.804878048780488
1,1,-1,0.364431523146097,0.601547547750308,"1",0.75,0.601547547750308,0.866915940697012,0.776061776061776
-1,1,1,0.77155989976694,0.689682736696583,"1",0.75,0.689682736696583,0.581651778001201,0.661016949152542
-1,-1,-1,0.0188354026253488,0.0248874471664874,"0",0.75,0.0188354026253488,0.725699494087801,0.804878048780488
-1,1,1,0.822426282199066,0.708831024101152,"1",0.75,0.708831024101152,0.581651778001201,0.661016949152542
-1,1,1,0.759520446288196,0.68712043895356,"0",0.25,0.759520446288196,0.418348221998799,0.338983050847458
1,-1,1,0.763809695426554,0.673866106869096,"1",0.75,0.673866106869096,0.71425100857702,0.776061776061776
1,-1,1,0.795134633937775,0.646823290009889,"1",0.75,0.646823290009889,0.71425100857702,0.776061776061776
1,-1,1,0.795434377176996,0.683147041728481,"1",0.75,0.683147041728481,0.71425100857702,0.776061776061776
-1,1,-1,0.221034909209864,0.318784138006642,"1",0.75,0.318784138006642,0.539230003482691,0.661016949152542
1,1,-1,0.300824057229047,0.580700838084121,"1",0.75,0.580700838084121,0.866915940697012,0.776061776061776
-1,1,1,0.809578412627109,0.658826109974431,"1",0.75,0.658826109974431,0.581651778001201,0.661016949152542
1,1,1,0.963769023607257,0.942926155419164,"1",0.75,0.942926155419164,0.885570752996562,0.776061776061776
1,-1,-1,0.216235238141976,0.342420675110387,"1",0.75,0.342420675110387,0.677827582168154,0.776061776061776
1,1,1,0.964595061365112,0.950740942250357,"1",0.75,0.950740942250357,0.885570752996562,0.776061776061776
-1,1,-1,0.210675132693416,0.303763095232419,"1",0.75,0.303763095232419,0.539230003482691,0.661016949152542
1,1,-1,0.347412724334933,0.590786983757484,"0",0.25,0.347412724334933,0.133084059302988,0.223938223938224
1,-1,-1,0.217730329300848,0.326928791323567,"1",0.75,0.326928791323567,0.677827582168154,0.776061776061776
-1,1,1,0.827090202808759,0.669941680448346,"1",0.75,0.669941680448346,0.581651778001201,0.661016949152542
-1,-1,-1,0.0804224144358508,0.0303513886674988,"0",0.75,0.0804224144358508,0.725699494087801,0.804878048780488
-1,1,-1,0.205139463729005,0.348993598157427,"1",0.75,0.348993598157427,0.539230003482691,0.661016949152542
-1,1,-1,0.208484847443127,0.355564600125828,"1",0.75,0.355564600125828,0.539230003482691,0.661016949152542
-1,-1,1,0.622882292389713,0.404272822418136,"0",0.75,0.622882292389713,0.69010220867019,0.804878048780488
1,-1,1,0.831955416340287,0.700311080908584,"1",0.75,0.700311080908584,0.71425100857702,0.776061776061776
1,-1,1,0.787407445941248,0.67259657960164,"0",0.25,0.787407445941248,0.28574899142298,0.223938223938224
1,1,-1,0.339408664208039,0.595189695968531,"0",0.25,0.339408664208039,0.133084059302988,0.223938223938224
-1,1,-1,0.25870397645331,0.306099587603733,"1",0.75,0.306099587603733,0.539230003482691,0.661016949152542
1,-1,-1,0.209585743038381,0.311765565619644,"1",0.75,0.311765565619644,0.677827582168154,0.776061776061776
-1,1,1,0.805947831429403,0.666299368996514,"1",0.75,0.666299368996514,0.581651778001201,0.661016949152542
1,-1,1,0.779746082493495,0.698193295014224,"1",0.75,0.698193295014224,0.71425100857702,0.776061776061776
1,-1,1,0.752405211042752,0.699349504505967,"0",0.25,0.752405211042752,0.28574899142298,0.223938223938224
1,1,-1,0.428373749977599,0.581822620563085,"1",0.75,0.581822620563085,0.866915940697012,0.776061776061776
1,-1,-1,0.180291836298757,0.301116777515169,"1",0.75,0.301116777515169,0.677827582168154,0.776061776061776
-1,-1,-1,0.0769333101857674,0.0449799977595021,"1",0.25,0.0449799977595021,0.274300505912199,0.195121951219512
-1,1,1,0.81466331647408,0.684948590619274,"1",0.75,0.684948590619274,0.581651778001201,0.661016949152542
-1,-1,1,0.676912024806101,0.425807275782363,"0",0.75,0.676912024806101,0.69010220867019,0.804878048780488
-1,-1,-1,0.0918278722660391,0.0392661315342485,"0",0.75,0.0918278722660391,0.725699494087801,0.804878048780488
-1,-1,1,0.63166393984325,0.378894901366408,"0",0.75,0.63166393984325,0.69010220867019,0.804878048780488
-1,-1,1,0.709293809561385,0.437952124308286,"0",0.75,0.709293809561385,0.69010220867019,0.804878048780488
-1,-1,1,0.653918399670189,0.404296440181672,"0",0.75,0.653918399670189,0.69010220867019,0.804878048780488
-1,-1,1,0.646251507803897,0.426126126302413,"0",0.75,0.646251507803897,0.69010220867019,0.804878048780488
-1,-1,1,0.649987025031627,0.406823462076872,"0",0.75,0.649987025031627,0.69010220867019,0.804878048780488
-1,-1,-1,0.0621513963664655,0.0705327532423512,"0",0.75,0.0621513963664655,0.725699494087801,0.804878048780488
-1,-1,-1,0.089397773548733,0.0561510621702662,"0",0.75,0.089397773548733,0.725699494087801,0.804878048780488
1,1,1,0.95566326406072,0.959020366143242,"1",0.75,0.959020366143242,0.885570752996562,0.776061776061776
1,-1,1,0.747623282874595,0.675878423755757,"1",0.75,0.675878423755757,0.71425100857702,0.776061776061776
-1,1,1,0.798685073388608,0.70100550239515,"1",0.75,0.70100550239515,0.581651778001201,0.661016949152542
-1,1,-1,0.227783105939583,0.347357171072842,"1",0.75,0.347357171072842,0.539230003482691,0.661016949152542
-1,1,-1,0.202611637046872,0.332387610091113,"1",0.75,0.332387610091113,0.539230003482691,0.661016949152542
-1,1,-1,0.220042703356662,0.307689078974802,"1",0.75,0.307689078974802,0.539230003482691,0.661016949152542
-1,-1,-1,0.0561926810133791,0.0381834289371012,"0",0.75,0.0561926810133791,0.725699494087801,0.804878048780488
-1,-1,-1,0.117028557458333,0.0257454561783269,"1",0.25,0.0257454561783269,0.274300505912199,0.195121951219512
1,-1,1,0.748214102730308,0.68492171312902,"1",0.75,0.68492171312902,0.71425100857702,0.776061776061776
1,1,-1,0.371299414471082,0.568504913631759,"1",0.75,0.568504913631759,0.866915940697012,0.776061776061776
1,1,-1,0.348519018217683,0.564101853247216,"1",0.75,0.564101853247216,0.866915940697012,0.776061776061776
-1,1,1,0.798593964042481,0.682337070782532,"1",0.75,0.682337070782532,0.581651778001201,0.661016949152542
1,-1,1,0.778542708093157,0.674287850609119,"1",0.75,0.674287850609119,0.71425100857702,0.776061776061776
1,-1,1,0.819273598029002,0.661425612895687,"0",0.25,0.819273598029002,0.28574899142298,0.223938223938224
-1,1,-1,0.232691630328062,0.304567834219843,"0",0.25,0.232691630328062,0.460769996517309,0.338983050847458
-1,-1,-1,0.10847179757384,0.0180643766775218,"0",0.75,0.10847179757384,0.725699494087801,0.804878048780488
1,1,-1,0.29454938568239,0.586951134258503,"0",0.25,0.29454938568239,0.133084059302988,0.223938223938224
1,1,1,0.91279214356565,0.961803024000572,"1",0.75,0.961803024000572,0.885570752996562,0.776061776061776
1,-1,1,0.826726426384755,0.681752369025422,"1",0.75,0.681752369025422,0.71425100857702,0.776061776061776
1,-1,-1,0.269828837785812,0.293773431992577,"1",0.75,0.293773431992577,0.677827582168154,0.776061776061776
-1,-1,-1,0.0473973756998231,0,"0",0.75,0.0473973756998231,0.725699494087801,0.804878048780488
-1,-1,1,0.656376331881349,0.383871585579513,"0",0.75,0.656376331881349,0.69010220867019,0.804878048780488
1,1,1,0.882283779043108,0.990874576766445,"1",0.75,0.990874576766445,0.885570752996562,0.776061776061776
-1,-1,1,0.65047319902754,0.389057598253733,"0",0.75,0.65047319902754,0.69010220867019,0.804878048780488
-1,-1,-1,0.0314562786643513,0.0300710065064014,"0",0.75,0.0314562786643513,0.725699494087801,0.804878048780488
-1,-1,-1,0.0554026667208354,0.0190085240492389,"0",0.75,0.0554026667208354,0.725699494087801,0.804878048780488
-1,-1,1,0.676783973784052,0.436024883806808,"0",0.75,0.676783973784052,0.69010220867019,0.804878048780488
1,1,-1,0.330001896123691,0.586422440604259,"1",0.75,0.586422440604259,0.866915940697012,0.776061776061776
-1,-1,-1,0.0469418616904511,0.024656361476172,"1",0.25,0.024656361476172,0.274300505912199,0.195121951219512
1,-1,-1,0.196305867954322,0.326721139171324,"1",0.75,0.326721139171324,0.677827582168154,0.776061776061776
1,-1,-1,0.261510052546847,0.317028734901082,"1",0.75,0.317028734901082,0.677827582168154,0.776061776061776
1,-1,-1,0.267655577229289,0.330378065423139,"0",0.25,0.267655577229289,0.322172417831846,0.223938223938224
1,1,1,0.889082040958927,0.963751746017087,"1",0.75,0.963751746017087,0.885570752996562,0.776061776061776
1,-1,-1,0.248753026648626,0.318939238511636,"1",0.75,0.318939238511636,0.677827582168154,0.776061776061776
1,1,1,0.931465251126292,0.953972203150993,"1",0.75,0.953972203150993,0.885570752996562,0.776061776061776
-1,1,-1,0.242595661628871,0.340073205337355,"1",0.75,0.340073205337355,0.539230003482691,0.661016949152542
1,-1,1,0.781918895553337,0.692314646412333,"0",0.25,0.781918895553337,0.28574899142298,0.223938223938224
-1,-1,-1,0.0476279185730821,0.04421814806473,"0",0.75,0.0476279185730821,0.725699494087801,0.804878048780488
-1,-1,1,0.648611368364343,0.383210528205521,"0",0.75,0.648611368364343,0.69010220867019,0.804878048780488
-1,-1,1,0.630900016038467,0.402941389724821,"0",0.75,0.630900016038467,0.69010220867019,0.804878048780488
1,1,1,0.947110829021892,0.970749004325576,"1",0.75,0.970749004325576,0.885570752996562,0.776061776061776
1,-1,-1,0.222891495040748,0.302454695956957,"0",0.25,0.222891495040748,0.322172417831846,0.223938223938224
1,1,-1,0.368123550021681,0.595433449132502,"1",0.75,0.595433449132502,0.866915940697012,0.776061776061776
-1,-1,1,0.628556815811122,0.424135369754136,"1",0.25,0.424135369754136,0.30989779132981,0.195121951219512
1,-1,-1,0.198697971225412,0.314247216943638,"1",0.75,0.314247216943638,0.677827582168154,0.776061776061776
1,-1,1,0.796613528775146,0.695038691558495,"0",0.25,0.796613528775146,0.28574899142298,0.223938223938224
1,1,1,0.928573001255681,0.986885670002978,"1",0.75,0.986885670002978,0.885570752996562,0.776061776061776
1,1,-1,0.372445616356384,0.606459601936195,"1",0.75,0.606459601936195,0.866915940697012,0.776061776061776
1,1,1,0.977997549442276,0.958915446696533,"1",0.75,0.958915446696533,0.885570752996562,0.776061776061776
-1,-1,-1,0.0987855502577972,0.0233865399973831,"0",0.75,0.0987855502577972,0.725699494087801,0.804878048780488
-1,1,-1,0.220446038460354,0.349924955108259,"0",0.25,0.220446038460354,0.460769996517309,0.338983050847458
1,-1,-1,0.245251100182115,0.322771478441878,"1",0.75,0.322771478441878,0.677827582168154,0.776061776061776
-1,1,1,0.828585029809878,0.691237127133052,"1",0.75,0.691237127133052,0.581651778001201,0.661016949152542
1,1,-1,0.314732418098018,0.633649559760724,"0",0.25,0.314732418098018,0.133084059302988,0.223938223938224
1,1,-1,0.351687870668685,0.554113854745927,"1",0.75,0.554113854745927,0.866915940697012,0.776061776061776
-1,1,-1,0.243663252816024,0.316451208895447,"1",0.75,0.316451208895447,0.539230003482691,0.661016949152542
1,-1,1,0.860568938841777,0.659264221708498,"1",0.75,0.659264221708498,0.71425100857702,0.776061776061776
1,1,-1,0.40032390504465,0.597765711143712,"1",0.75,0.597765711143712,0.866915940697012,0.776061776061776
-1,-1,1,0.680048486190915,0.387264736333368,"0",0.75,0.680048486190915,0.69010220867019,0.804878048780488
1,-1,-1,0.207037092653575,0.330039589874466,"1",0.75,0.330039589874466,0.677827582168154,0.776061776061776
1,1,-1,0.331925561620406,0.584909144658151,"1",0.75,0.584909144658151,0.866915940697012,0.776061776061776
-1,-1,-1,0.111266416336413,0.0503928445805378,"0",0.75,0.111266416336413,0.725699494087801,0.804878048780488
1,-1,-1,0.196064056043224,0.297639311816321,"1",0.75,0.297639311816321,0.677827582168154,0.776061776061776
1,-1,1,0.772785257070435,0.647934926509853,"1",0.75,0.647934926509853,0.71425100857702,0.776061776061776
-1,-1,1,0.614511910327152,0.412129588530426,"0",0.75,0.614511910327152,0.69010220867019,0.804878048780488
1,1,-1,0.366716596538877,0.634586574671557,"1",0.75,0.634586574671557,0.866915940697012,0.776061776061776
1,-1,-1,0.181345404950839,0.30619925386536,"1",0.75,0.30619925386536,0.677827582168154,0.776061776061776
-1,-1,-1,0.0853074638318373,0.0540917595325266,"0",0.75,0.0853074638318373,0.725699494087801,0.804878048780488
1,-1,1,0.820725380567237,0.682568299490814,"1",0.75,0.682568299490814,0.71425100857702,0.776061776061776
-1,-1,-1,0.0728122712674092,0.0583377873920977,"0",0.75,0.0728122712674092,0.725699494087801,0.804878048780488
-1,-1,-1,0.136230973715947,0.0370121830056953,"0",0.75,0.136230973715947,0.725699494087801,0.804878048780488
-1,1,1,0.779619877676072,0.664115335949025,"1",0.75,0.664115335949025,0.581651778001201,0.661016949152542
1,-1,1,0.831200275896088,0.671620024262617,"1",0.75,0.671620024262617,0.71425100857702,0.776061776061776
-1,-1,-1,0.056914445557063,0.0391938626681195,"0",0.75,0.056914445557063,0.725699494087801,0.804878048780488
1,-1,-1,0.162922016170067,0.313270843716704,"0",0.25,0.162922016170067,0.322172417831846,0.223938223938224
1,-1,1,0.801400748999535,0.694970464509322,"1",0.75,0.694970464509322,0.71425100857702,0.776061776061776
-1,1,-1,0.239159554025327,0.32384734142273,"1",0.75,0.32384734142273,0.539230003482691,0.661016949152542
-1,-1,1,0.628605471282525,0.430439515125198,"0",0.75,0.628605471282525,0.69010220867019,0.804878048780488
-1,-1,1,0.599279922792687,0.370168258903843,"0",0.75,0.599279922792687,0.69010220867019,0.804878048780488
-1,1,1,0.762626522091661,0.689205141629235,"0",0.25,0.762626522091661,0.418348221998799,0.338983050847458
1,1,-1,0.385136182281834,0.586294135353264,"1",0.75,0.586294135353264,0.866915940697012,0.776061776061776
1,1,-1,0.366162116404223,0.611697394705237,"1",0.75,0.611697394705237,0.866915940697012,0.776061776061776
1,-1,-1,0.25620989672862,0.341592419742849,"0",0.25,0.25620989672862,0.322172417831846,0.223938223938224
1,-1,1,0.826656851379459,0.694733362496567,"1",0.75,0.694733362496567,0.71425100857702,0.776061776061776
-1,1,1,0.774043676147922,0.659214240213545,"0",0.25,0.774043676147922,0.418348221998799,0.338983050847458
-1,-1,-1,0.0840642533848774,0.0250459237464389,"0",0.75,0.0840642533848774,0.725699494087801,0.804878048780488
-1,1,-1,0.192024985947111,0.308146872306056,"1",0.75,0.308146872306056,0.539230003482691,0.661016949152542
1,-1,1,0.781554953485132,0.667946408800559,"1",0.75,0.667946408800559,0.71425100857702,0.776061776061776
-1,1,-1,0.197252433192132,0.305517744699997,"1",0.75,0.305517744699997,0.539230003482691,0.661016949152542
1,1,-1,0.398092544233295,0.616326548103895,"1",0.75,0.616326548103895,0.866915940697012,0.776061776061776
1,1,1,0.947997587757412,0.987841563183669,"0",0.25,0.947997587757412,0.114429247003438,0.223938223938224
1,1,1,0.836423382917672,0.964685241152914,"1",0.75,0.964685241152914,0.885570752996562,0.776061776061776
-1,-1,1,0.623023965584946,0.386250115571118,"0",0.75,0.623023965584946,0.69010220867019,0.804878048780488
-1,-1,-1,0.104241815118233,0.0574493305779396,"0",0.75,0.104241815118233,0.725699494087801,0.804878048780488
-1,1,-1,0.258874924178325,0.347958726311189,"1",0.75,0.347958726311189,0.539230003482691,0.661016949152542
-1,1,1,0.804286858652038,0.670564455184352,"1",0.75,0.670564455184352,0.581651778001201,0.661016949152542
-1,1,-1,0.244646765748371,0.316970029151691,"0",0.25,0.244646765748371,0.460769996517309,0.338983050847458
1,1,1,0.92366644013704,0.987930980973363,"1",0.75,0.987930980973363,0.885570752996562,0.776061776061776
1,-1,1,0.808495854939386,0.704411893603725,"1",0.75,0.704411893603725,0.71425100857702,0.776061776061776
1,-1,1,0.774122544412135,0.683106294344633,"0",0.25,0.774122544412135,0.28574899142298,0.223938223938224
1,1,-1,0.391936388771585,0.550695138611001,"1",0.75,0.550695138611001,0.866915940697012,0.776061776061776
1,-1,-1,0.238148080630795,0.301877946943661,"1",0.75,0.301877946943661,0.677827582168154,0.776061776061776
-1,1,-1,0.191958637830868,0.328489599255847,"0",0.25,0.191958637830868,0.460769996517309,0.338983050847458
-1,-1,1,0.646914654477072,0.409625707356954,"1",0.25,0.409625707356954,0.30989779132981,0.195121951219512
-1,-1,1,0.605464565845001,0.413031756153257,"0",0.75,0.605464565845001,0.69010220867019,0.804878048780488
1,-1,-1,0.163675220287305,0.309164209186675,"1",0.75,0.309164209186675,0.677827582168154,0.776061776061776
1,-1,-1,0.229041413812504,0.325969235356867,"1",0.75,0.325969235356867,0.677827582168154,0.776061776061776
-1,1,1,0.751535010167637,0.667979355263899,"0",0.25,0.751535010167637,0.418348221998799,0.338983050847458
-1,1,1,0.833346018370787,0.696422044246777,"1",0.75,0.696422044246777,0.581651778001201,0.661016949152542
-1,1,-1,0.19104545658569,0.303633292954804,"0",0.25,0.19104545658569,0.460769996517309,0.338983050847458
1,-1,-1,0.192751193676629,0.322937650648416,"1",0.75,0.322937650648416,0.677827582168154,0.776061776061776
-1,-1,-1,0.0949054383845015,0.0106293562963601,"0",0.75,0.0949054383845015,0.725699494087801,0.804878048780488
-1,-1,1,0.632690413577437,0.43913833815863,"0",0.75,0.632690413577437,0.69010220867019,0.804878048780488
1,-1,-1,0.229532333832069,0.307881943710296,"0",0.25,0.229532333832069,0.322172417831846,0.223938223938224
-1,1,1,0.787397731841346,0.667663702513217,"1",0.75,0.667663702513217,0.581651778001201,0.661016949152542
1,1,1,0.898074580374861,0.947843578689578,"1",0.75,0.947843578689578,0.885570752996562,0.776061776061776
-1,1,-1,0.140409396735412,0.307116015399623,"1",0.75,0.307116015399623,0.539230003482691,0.661016949152542
1,-1,1,0.834346633643368,0.659487243581734,"1",0.75,0.659487243581734,0.71425100857702,0.776061776061776
1,-1,1,0.791695006734566,0.65913189244668,"1",0.75,0.65913189244668,0.71425100857702,0.776061776061776
-1,-1,1,0.710236109010944,0.409059553570739,"1",0.25,0.409059553570739,0.30989779132981,0.195121951219512
1,1,1,0.945672390636278,0.936340851626208,"1",0.75,0.936340851626208,0.885570752996562,0.776061776061776
1,1,1,0.967940445912547,0.986510896175533,"1",0.75,0.986510896175533,0.885570752996562,0.776061776061776
-1,-1,1,0.61574974367861,0.384782837863624,"0",0.75,0.61574974367861,0.69010220867019,0.804878048780488
-1,-1,1,0.620618771201636,0.408045080980551,"0",0.75,0.620618771201636,0.69010220867019,0.804878048780488
-1,-1,-1,0.0561293018518366,0.0505336001235692,"1",0.25,0.0505336001235692,0.274300505912199,0.195121951219512
1,-1,1,0.789418480859804,0.666579933087999,"1",0.75,0.666579933087999,0.71425100857702,0.776061776061776
-1,-1,-1,0.0960789670483038,0.0237955657738846,"1",0.25,0.0237955657738846,0.274300505912199,0.195121951219512
-1,1,1,0.830354109329621,0.675040492656287,"1",0.75,0.675040492656287,0.581651778001201,0.661016949152542
1,-1,-1,0.233414325253366,0.349837134401226,"1",0.75,0.349837134401226,0.677827582168154,0.776061776061776
1,1,-1,0.333016393810034,0.57799846165535,"1",0.75,0.57799846165535,0.866915940697012,0.776061776061776
1,-1,1,0.791617897915629,0.65722023002219,"1",0.75,0.65722023002219,0.71425100857702,0.776061776061776
-1,1,-1,0.265762699174442,0.314109351073369,"1",0.75,0.314109351073369,0.539230003482691,0.661016949152542
-1,-1,-1,0.0867640855149329,0.0337851310494185,"0",0.75,0.0867640855149329,0.725699494087801,0.804878048780488
1,1,1,0.959186358003735,0.965927555533184,"0",0.25,0.959186358003735,0.114429247003438,0.223938223938224
-1,-1,1,0.656892792769077,0.361145699261198,"0",0.75,0.656892792769077,0.69010220867019,0.804878048780488
1,-1,1,0.815773455644763,0.692466966460603,"0",0.25,0.815773455644763,0.28574899142298,0.223938223938224
1,1,1,0.915791328754908,0.952352021847809,"1",0.75,0.952352021847809,0.885570752996562,0.776061776061776
1,1,-1,0.33692186239907,0.623742469647893,"0",0.25,0.33692186239907,0.133084059302988,0.223938223938224
1,-1,1,0.762332461240357,0.720583676677643,"1",0.75,0.720583676677643,0.71425100857702,0.776061776061776
-1,-1,-1,0.108126380733148,0.00700623830025412,"0",0.75,0.108126380733148,0.725699494087801,0.804878048780488
1,-1,-1,0.204264153949124,0.326842067480621,"1",0.75,0.326842067480621,0.677827582168154,0.776061776061776
-1,-1,1,0.66171905202536,0.410123044631295,"1",0.25,0.410123044631295,0.30989779132981,0.195121951219512
-1,-1,1,0.647688014451249,0.384031868186649,"0",0.75,0.647688014451249,0.69010220867019,0.804878048780488
-1,-1,-1,0.0802359289870663,0.0623202990598587,"1",0.25,0.0623202990598587,0.274300505912199,0.195121951219512
1,-1,1,0.803837503022343,0.698347606746935,"1",0.75,0.698347606746935,0.71425100857702,0.776061776061776
1,1,-1,0.315380570754128,0.597389231965318,"1",0.75,0.597389231965318,0.866915940697012,0.776061776061776
1,1,1,0.911641571505296,0.919039392582766,"1",0.75,0.919039392582766,0.885570752996562,0.776061776061776
1,1,1,0.88926444536854,0.975639414803574,"1",0.75,0.975639414803574,0.885570752996562,0.776061776061776
-1,-1,1,0.653418111353886,0.408978591091789,"0",0.75,0.653418111353886,0.69010220867019,0.804878048780488
-1,1,-1,0.249245007126352,0.294895163688946,"0",0.25,0.249245007126352,0.460769996517309,0.338983050847458
1,1,1,0.923323893356636,0.959765880650334,"1",0.75,0.959765880650334,0.885570752996562,0.776061776061776
1,1,1,0.927978300183108,0.946024526449215,"0",0.25,0.927978300183108,0.114429247003438,0.223938223938224
1,-1,-1,0.269231699215856,0.325641996554117,"0",0.25,0.269231699215856,0.322172417831846,0.223938223938224
1,1,1,0.863470558639112,0.990803084459702,"1",0.75,0.990803084459702,0.885570752996562,0.776061776061776
1,1,1,0.916713406050182,0.957453880946383,"1",0.75,0.957453880946383,0.885570752996562,0.776061776061776
1,1,1,0.891511978522385,0.947413515860741,"0",0.25,0.891511978522385,0.114429247003438,0.223938223938224
-1,1,-1,0.226596875093043,0.327868456422511,"0",0.25,0.226596875093043,0.460769996517309,0.338983050847458
-1,1,-1,0.252200188413179,0.323107827995479,"1",0.75,0.323107827995479,0.539230003482691,0.661016949152542
-1,-1,1,0.638620980009272,0.423021212685727,"1",0.25,0.423021212685727,0.30989779132981,0.195121951219512
1,-1,1,0.822979725102372,0.683805174253144,"1",0.75,0.683805174253144,0.71425100857702,0.776061776061776
-1,-1,1,0.632672121012493,0.418760721349645,"0",0.75,0.632672121012493,0.69010220867019,0.804878048780488
1,1,-1,0.341532165757581,0.593677362453141,"0",0.25,0.341532165757581,0.133084059302988,0.223938223938224
-1,-1,-1,0.10262121561983,0.0619104013458018,"0",0.75,0.10262121561983,0.725699494087801,0.804878048780488
1,-1,-1,0.277959253225776,0.294615333527728,"1",0.75,0.294615333527728,0.677827582168154,0.776061776061776
-1,1,1,0.823774878223174,0.689985884065593,"1",0.75,0.689985884065593,0.581651778001201,0.661016949152542
-1,1,-1,0.196980136652591,0.31298839099103,"1",0.75,0.31298839099103,0.539230003482691,0.661016949152542
1,-1,1,0.782502485956597,0.70703268781791,"1",0.75,0.70703268781791,0.71425100857702,0.776061776061776
1,-1,-1,0.214895733229569,0.343964310619958,"1",0.75,0.343964310619958,0.677827582168154,0.776061776061776
1,-1,-1,0.249756604176103,0.28318489162072,"1",0.75,0.28318489162072,0.677827582168154,0.776061776061776
1,1,1,0.924428295757448,0.944185542063486,"1",0.75,0.944185542063486,0.885570752996562,0.776061776061776
1,-1,1,0.840667130585461,0.672382698612638,"1",0.75,0.672382698612638,0.71425100857702,0.776061776061776
1,-1,1,0.826025941116698,0.678248076541476,"1",0.75,0.678248076541476,0.71425100857702,0.776061776061776
1,1,1,0.975634712025695,0.968375745081094,"1",0.75,0.968375745081094,0.885570752996562,0.776061776061776
-1,-1,-1,0.0931173560919411,0.0765115270903155,"0",0.75,0.0931173560919411,0.725699494087801,0.804878048780488
1,-1,1,0.787013525532132,0.706524217840566,"1",0.75,0.706524217840566,0.71425100857702,0.776061776061776
1,-1,-1,0.174014514107351,0.296252322635176,"1",0.75,0.296252322635176,0.677827582168154,0.776061776061776
-1,1,1,0.790443862277548,0.685716062612411,"1",0.75,0.685716062612411,0.581651778001201,0.661016949152542
-1,-1,1,0.639186556008976,0.440524077051052,"0",0.75,0.639186556008976,0.69010220867019,0.804878048780488
-1,-1,-1,0.0698212668488198,0.041265835673056,"0",0.75,0.0698212668488198,0.725699494087801,0.804878048780488
1,1,-1,0.348773880484397,0.62554732537315,"1",0.75,0.62554732537315,0.866915940697012,0.776061776061776
-1,-1,-1,0.0720020204761188,0.0466141979022694,"0",0.75,0.0720020204761188,0.725699494087801,0.804878048780488
1,-1,-1,0.225167250656411,0.338972214828349,"1",0.75,0.338972214828349,0.677827582168154,0.776061776061776
1,1,-1,0.364181136294606,0.606972999890732,"1",0.75,0.606972999890732,0.866915940697012,0.776061776061776
-1,-1,1,0.578683971128702,0.420822982144723,"0",0.75,0.578683971128702,0.69010220867019,0.804878048780488
-1,-1,1,0.648058372164793,0.394917025535729,"0",0.75,0.648058372164793,0.69010220867019,0.804878048780488
-1,1,1,0.797925992624131,0.697918140756834,"0",0.25,0.797925992624131,0.418348221998799,0.338983050847458
-1,1,-1,0.229408147677183,0.315684421845057,"0",0.25,0.229408147677183,0.460769996517309,0.338983050847458
1,1,1,0.886411943215767,0.958516589746289,"0",0.25,0.886411943215767,0.114429247003438,0.223938223938224
-1,-1,1,0.651504223723527,0.377248469019264,"0",0.75,0.651504223723527,0.69010220867019,0.804878048780488
-1,1,1,0.748144840416464,0.71787226750433,"0",0.25,0.748144840416464,0.418348221998799,0.338983050847458
1,-1,1,0.778714174560417,0.677725040201307,"0",0.25,0.778714174560417,0.28574899142298,0.223938223938224
-1,-1,1,0.609863024952823,0.437680000801423,"0",0.75,0.609863024952823,0.69010220867019,0.804878048780488
1,1,1,0.959301005779983,0.945817637554197,"1",0.75,0.945817637554197,0.885570752996562,0.776061776061776
1,1,-1,0.317332186866959,0.600780436986169,"1",0.75,0.600780436986169,0.866915940697012,0.776061776061776
-1,1,-1,0.160938146291092,0.331964155232156,"0",0.25,0.160938146291092,0.460769996517309,0.338983050847458
1,-1,-1,0.244405496702278,0.320013025355621,"1",0.75,0.320013025355621,0.677827582168154,0.776061776061776
1,-1,-1,0.172878153493862,0.308890517149439,"1",0.75,0.308890517149439,0.677827582168154,0.776061776061776
-1,1,1,0.810466847139125,0.680624123387698,"0",0.25,0.810466847139125,0.418348221998799,0.338983050847458
1,-1,-1,0.238018309001446,0.291931697615689,"1",0.75,0.291931697615689,0.677827582168154,0.776061776061776
1,-1,1,0.780958100635779,0.681566636235808,"1",0.75,0.681566636235808,0.71425100857702,0.776061776061776
-1,1,1,0.817146349113961,0.679371900256338,"1",0.75,0.679371900256338,0.581651778001201,0.661016949152542
1,-1,1,0.794120874331176,0.667021294076764,"1",0.75,0.667021294076764,0.71425100857702,0.776061776061776
1,-1,-1,0.223722691257247,0.314215624220359,"1",0.75,0.314215624220359,0.677827582168154,0.776061776061776
1,-1,-1,0.2869606570962,0.342179463974429,"1",0.75,0.342179463974429,0.677827582168154,0.776061776061776
-1,1,-1,0.192111468297457,0.339242105154081,"0",0.25,0.192111468297457,0.460769996517309,0.338983050847458
1,-1,1,0.821991935083696,0.715855206942664,"1",0.75,0.715855206942664,0.71425100857702,0.776061776061776
1,1,-1,0.331569169129967,0.569502281594321,"1",0.75,0.569502281594321,0.866915940697012,0.776061776061776
-1,1,1,0.77429724355205,0.69597886679925,"0",0.25,0.77429724355205,0.418348221998799,0.338983050847458
1,1,1,1,0.926513255687104,"1",0.75,0.926513255687104,0.885570752996562,0.776061776061776
1,1,-1,0.372537481267436,0.614185387714723,"0",0.25,0.372537481267436,0.133084059302988,0.223938223938224
1,-1,1,0.78826855575186,0.671913126979864,"0",0.25,0.78826855575186,0.28574899142298,0.223938223938224
-1,1,1,0.778083073968579,0.685375892462704,"0",0.25,0.778083073968579,0.418348221998799,0.338983050847458
1,1,1,0.877943338318023,0.946682542217174,"1",0.75,0.946682542217174,0.885570752996562,0.776061776061776
1,-1,1,0.787744223700126,0.675148689431341,"0",0.25,0.787744223700126,0.28574899142298,0.223938223938224
-1,-1,-1,0.0440092224892103,0.0455651774563797,"0",0.75,0.0440092224892103,0.725699494087801,0.804878048780488
-1,1,1,0.810777596690777,0.659773842993506,"1",0.75,0.659773842993506,0.581651778001201,0.661016949152542
-1,-1,-1,0.101981669300206,0.0298002136504219,"0",0.75,0.101981669300206,0.725699494087801,0.804878048780488
-1,1,-1,0.251745131942151,0.305449396796613,"1",0.75,0.305449396796613,0.539230003482691,0.661016949152542
1,-1,1,0.801064181524323,0.692427813813968,"1",0.75,0.692427813813968,0.71425100857702,0.776061776061776
-1,1,-1,0.212174590037339,0.324926691362457,"0",0.25,0.212174590037339,0.460769996517309,0.338983050847458
-1,-1,-1,0.044248027794277,0.0398262706812555,"1",0.25,0.0398262706812555,0.274300505912199,0.195121951219512
-1,1,-1,0.217994456630271,0.307993986952215,"1",0.75,0.307993986952215,0.539230003482691,0.661016949152542
-1,-1,-1,0.0746540547872714,0.0398525382244374,"0",0.75,0.0746540547872714,0.725699494087801,0.804878048780488
1,1,1,0.967287029665266,1,"1",0.75,1,0.885570752996562,0.776061776061776
1,-1,1,0.784706774741614,0.709179270270388,"0",0.25,0.784706774741614,0.28574899142298,0.223938223938224
1,1,1,0.934182229778909,0.955458968129025,"1",0.75,0.955458968129025,0.885570752996562,0.776061776061776
1,1,-1,0.374855655671105,0.621183878558048,"1",0.75,0.621183878558048,0.866915940697012,0.776061776061776
1,-1,-1,0.242097588820872,0.307077882078452,"0",0.25,0.242097588820872,0.322172417831846,0.223938223938224
-1,-1,1,0.637819272691492,0.424225557223503,"1",0.25,0.424225557223503,0.30989779132981,0.195121951219512
1,1,-1,0.358062805455931,0.579855611214495,"1",0.75,0.579855611214495,0.866915940697012,0.776061776061776
-1,-1,-1,0.120266506253965,0.0396125699467092,"1",0.25,0.0396125699467092,0.274300505912199,0.195121951219512
1,-1,-1,0.182533774836862,0.30051400541895,"1",0.75,0.30051400541895,0.677827582168154,0.776061776061776
1,-1,1,0.728128360554076,0.714743494735994,"1",0.75,0.714743494735994,0.71425100857702,0.776061776061776
-1,1,-1,0.236312241538302,0.341891127942581,"1",0.75,0.341891127942581,0.539230003482691,0.661016949152542
-1,-1,-1,0.116036742473743,0.0664746128704557,"0",0.75,0.116036742473743,0.725699494087801,0.804878048780488
-1,-1,-1,0.132593811855365,0.0436285100321787,"0",0.75,0.132593811855365,0.725699494087801,0.804878048780488
-1,-1,-1,0.0481208464011648,0.0371015816399703,"0",0.75,0.0481208464011648,0.725699494087801,0.804878048780488
-1,1,-1,0.20725123290464,0.302202369593274,"1",0.75,0.302202369593274,0.539230003482691,0.661016949152542
1,-1,1,0.786133991041861,0.693090186259462,"0",0.25,0.786133991041861,0.28574899142298,0.223938223938224
-1,-1,-1,0.125802327955386,0.0287796577536091,"0",0.75,0.125802327955386,0.725699494087801,0.804878048780488
1,-1,1,0.844431683847705,0.684223758187281,"1",0.75,0.684223758187281,0.71425100857702,0.776061776061776
1,1,1,0.930428579882417,0.947458454338673,"1",0.75,0.947458454338673,0.885570752996562,0.776061776061776
1,-1,1,0.74171992131534,0.674418765276257,"1",0.75,0.674418765276257,0.71425100857702,0.776061776061776
-1,-1,1,0.675147212307904,0.404947618787728,"0",0.75,0.675147212307904,0.69010220867019,0.804878048780488
-1,1,-1,0.198672728380619,0.32110544308195,"0",0.25,0.198672728380619,0.460769996517309,0.338983050847458
1,-1,-1,0.21141787160107,0.319644889083122,"1",0.75,0.319644889083122,0.677827582168154,0.776061776061776
1,1,1,0.94869667862861,0.967459140297318,"1",0.75,0.967459140297318,0.885570752996562,0.776061776061776
-1,1,1,0.788901117667407,0.668018767452312,"0",0.25,0.788901117667407,0.418348221998799,0.338983050847458
1,1,-1,0.358069729022891,0.585335527286502,"1",0.75,0.585335527286502,0.866915940697012,0.776061776061776
1,-1,1,0.783861935411313,0.68252604083719,"1",0.75,0.68252604083719,0.71425100857702,0.776061776061776
1,1,1,0.956740742268128,0.948126726317828,"0",0.25,0.956740742268128,0.114429247003438,0.223938223938224
-1,1,-1,0.249660680141744,0.289479526597152,"1",0.75,0.289479526597152,0.539230003482691,0.661016949152542
1,1,-1,0.3678180128389,0.623078601220075,"1",0.75,0.623078601220075,0.866915940697012,0.776061776061776
-1,1,1,0.742830944814873,0.670701329366752,"0",0.25,0.742830944814873,0.418348221998799,0.338983050847458
-1,1,1,0.781000621691237,0.697067318550217,"0",0.25,0.781000621691237,0.418348221998799,0.338983050847458
1,1,-1,0.315245807187667,0.605139807322093,"1",0.75,0.605139807322093,0.866915940697012,0.776061776061776
-1,-1,1,0.662064613852521,0.413125247398228,"1",0.25,0.413125247398228,0.30989779132981,0.195121951219512
-1,-1,-1,0.111311010228317,0.031724995363413,"0",0.75,0.111311010228317,0.725699494087801,0.804878048780488
1,-1,1,0.788990594413995,0.681281206610929,"0",0.25,0.788990594413995,0.28574899142298,0.223938223938224
-1,1,1,0.797767964024822,0.679773871522403,"1",0.75,0.679773871522403,0.581651778001201,0.661016949152542
1,-1,-1,0.22025391117292,0.328487671419542,"1",0.75,0.328487671419542,0.677827582168154,0.776061776061776
1,1,-1,0.35027967961579,0.569658863361123,"0",0.25,0.35027967961579,0.133084059302988,0.223938223938224
-1,1,-1,0.236003126665592,0.315779299193283,"1",0.75,0.315779299193283,0.539230003482691,0.661016949152542
-1,1,1,0.792614308960085,0.687509319413278,"1",0.75,0.687509319413278,0.581651778001201,0.661016949152542
-1,1,-1,0.246136870422377,0.330791447536987,"1",0.75,0.330791447536987,0.539230003482691,0.661016949152542
1,-1,-1,0.227847473572821,0.296019658791829,"1",0.75,0.296019658791829,0.677827582168154,0.776061776061776
-1,-1,1,0.615171579934343,0.39087734029322,"0",0.75,0.615171579934343,0.69010220867019,0.804878048780488
-1,-1,-1,0.0540109878102828,0.0420814214339588,"0",0.75,0.0540109878102828,0.725699494087801,0.804878048780488
-1,1,1,0.806032963298349,0.628035967244033,"0",0.25,0.806032963298349,0.418348221998799,0.338983050847458
1,1,-1,0.365560852946473,0.591675907021268,"0",0.25,0.365560852946473,0.133084059302988,0.223938223938224
-1,-1,-1,0.0846504571316377,0.0494445447926032,"0",0.75,0.0846504571316377,0.725699494087801,0.804878048780488
-1,1,1,0.794273922128473,0.686106714080938,"1",0.75,0.686106714080938,0.581651778001201,0.661016949152542
-1,1,-1,0.205127750675689,0.326706473913093,"1",0.75,0.326706473913093,0.539230003482691,0.661016949152542
-1,-1,1,0.637922154668551,0.375383454347155,"0",0.75,0.637922154668551,0.69010220867019,0.804878048780488
1,1,1,0.929569118433476,0.982546672193542,"1",0.75,0.982546672193542,0.885570752996562,0.776061776061776
1,-1,1,0.820507374376753,0.694680193737028,"1",0.75,0.694680193737028,0.71425100857702,0.776061776061776
1,-1,1,0.781214931529247,0.677334606115224,"1",0.75,0.677334606115224,0.71425100857702,0.776061776061776
-1,-1,1,0.627336118838625,0.413464470433916,"1",0.25,0.413464470433916,0.30989779132981,0.195121951219512
1,-1,1,0.801429906688265,0.673936691978279,"0",0.25,0.801429906688265,0.28574899142298,0.223938223938224
-1,1,-1,0.218535305810489,0.306474408221807,"1",0.75,0.306474408221807,0.539230003482691,0.661016949152542
-1,1,1,0.814769994227864,0.69806241290085,"1",0.75,0.69806241290085,0.581651778001201,0.661016949152542
1,1,1,0.938261708766136,0.978631937550309,"1",0.75,0.978631937550309,0.885570752996562,0.776061776061776
-1,-1,-1,0.0476645411639922,0.0365408730616756,"0",0.75,0.0476645411639922,0.725699494087801,0.804878048780488
-1,-1,1,0.677995832768997,0.394067297588049,"0",0.75,0.677995832768997,0.69010220867019,0.804878048780488
1,-1,-1,0.277712197882787,0.323733967275186,"0",0.25,0.277712197882787,0.322172417831846,0.223938223938224
1,-1,-1,0.239103644801676,0.350932776794438,"1",0.75,0.350932776794438,0.677827582168154,0.776061776061776
-1,-1,-1,0.0483697323454191,0.0842899947089835,"0",0.75,0.0483697323454191,0.725699494087801,0.804878048780488
-1,1,1,0.763577231814454,0.681890752259039,"1",0.75,0.681890752259039,0.581651778001201,0.661016949152542
1,1,-1,0.335257798424452,0.599895347167633,"1",0.75,0.599895347167633,0.866915940697012,0.776061776061776
1,1,-1,0.358834832029601,0.583196661968135,"1",0.75,0.583196661968135,0.866915940697012,0.776061776061776
1,1,1,0.91833088244607,0.95562830330419,"1",0.75,0.95562830330419,0.885570752996562,0.776061776061776
1,-1,-1,0.197562277289413,0.313355945036095,"1",0.75,0.313355945036095,0.677827582168154,0.776061776061776
-1,1,1,0.745960233459174,0.657444753871408,"1",0.75,0.657444753871408,0.581651778001201,0.661016949152542
1,1,-1,0.418381818954761,0.618214208540371,"1",0.75,0.618214208540371,0.866915940697012,0.776061776061776
-1,1,1,0.807505294940234,0.666758773791229,"1",0.75,0.666758773791229,0.581651778001201,0.661016949152542
-1,-1,-1,0.123662381984382,0.0302477788857283,"0",0.75,0.123662381984382,0.725699494087801,0.804878048780488
-1,-1,1,0.594751121730739,0.412773549444857,"0",0.75,0.594751121730739,0.69010220867019,0.804878048780488
-1,1,1,0.742051566446162,0.681458075257687,"0",0.25,0.742051566446162,0.418348221998799,0.338983050847458
-1,-1,-1,0.0734252231881616,0.0377895974414968,"0",0.75,0.0734252231881616,0.725699494087801,0.804878048780488
-1,-1,1,0.710199389723499,0.43670849014991,"0",0.75,0.710199389723499,0.69010220867019,0.804878048780488
1,1,1,0.926307640613633,0.956819438413868,"0",0.25,0.926307640613633,0.114429247003438,0.223938223938224
-1,-1,1,0.675363933295494,0.40398658221458,"0",0.75,0.675363933295494,0.69010220867019,0.804878048780488
-1,1,-1,0.199462659442705,0.291573099274653,"0",0.25,0.199462659442705,0.460769996517309,0.338983050847458
1,-1,1,0.835047737786963,0.681798606669988,"1",0.75,0.681798606669988,0.71425100857702,0.776061776061776
-1,-1,1,0.639986010157738,0.392420914532598,"0",0.75,0.639986010157738,0.69010220867019,0.804878048780488
1,-1,1,0.809711618860076,0.680139605248701,"1",0.75,0.680139605248701,0.71425100857702,0.776061776061776
-1,1,-1,0.206794638294625,0.315144747338183,"1",0.75,0.315144747338183,0.539230003482691,0.661016949152542
-1,-1,-1,0.0859202898995586,0.0572896564631039,"0",0.75,0.0859202898995586,0.725699494087801,0.804878048780488
1,-1,1,0.776080123675334,0.707731661624691,"1",0.75,0.707731661624691,0.71425100857702,0.776061776061776
-1,-1,-1,0.054599241055925,0.0313153940938624,"0",0.75,0.054599241055925,0.725699494087801,0.804878048780488
1,-1,-1,0.200044591848294,0.320297556772194,"1",0.75,0.320297556772194,0.677827582168154,0.776061776061776
1,1,1,0.927560712955092,0.983341459030964,"1",0.75,0.983341459030964,0.885570752996562,0.776061776061776
1,-1,-1,0.258887303557173,0.335587187331837,"1",0.75,0.335587187331837,0.677827582168154,0.776061776061776
-1,1,-1,0.223029076049405,0.301559451001039,"1",0.75,0.301559451001039,0.539230003482691,0.661016949152542
1,-1,-1,0.207235538912237,0.305932822299686,"1",0.75,0.305932822299686,0.677827582168154,0.776061776061776
-1,-1,1,0.672031609098797,0.424743483512693,"0",0.75,0.672031609098797,0.69010220867019,0.804878048780488
-1,1,1,0.77842346007882,0.693910348509179,"1",0.75,0.693910348509179,0.581651778001201,0.661016949152542
1,-1,1,0.765822663149198,0.691208168947018,"1",0.75,0.691208168947018,0.71425100857702,0.776061776061776
1,-1,-1,0.202625872916981,0.335661525146383,"1",0.75,0.335661525146383,0.677827582168154,0.776061776061776
1,-1,-1,0.163060487113381,0.307781140729665,"1",0.75,0.307781140729665,0.677827582168154,0.776061776061776
1,1,1,0.969085373543413,0.967264848166444,"1",0.75,0.967264848166444,0.885570752996562,0.776061776061776
-1,1,-1,0.187833433470446,0.289526574307325,"1",0.75,0.289526574307325,0.539230003482691,0.661016949152542
-1,-1,-1,0.0688880456962295,0.0625550333262731,"0",0.75,0.0688880456962295,0.725699494087801,0.804878048780488
-1,1,1,0.778507731734765,0.687038094041195,"1",0.75,0.687038094041195,0.581651778001201,0.661016949152542
1,1,1,0.974974949628022,0.914683280152017,"1",0.75,0.914683280152017,0.885570752996562,0.776061776061776
1,-1,-1,0.241281273478748,0.323684760913519,"1",0.75,0.323684760913519,0.677827582168154,0.776061776061776
-1,1,1,0.798563352108703,0.653423219706747,"1",0.75,0.653423219706747,0.581651778001201,0.661016949152542
-1,-1,1,0.652139197793189,0.382854392449062,"0",0.75,0.652139197793189,0.69010220867019,0.804878048780488
-1,-1,-1,0.0751252711920382,0.0276206985596193,"0",0.75,0.0751252711920382,0.725699494087801,0.804878048780488
1,-1,1,0.807457875896205,0.677836844555483,"0",0.25,0.807457875896205,0.28574899142298,0.223938223938224
1,-1,1,0.81640457987864,0.700294101934263,"0",0.25,0.81640457987864,0.28574899142298,0.223938223938224
-1,-1,1,0.685292647289896,0.358209347562199,"0",0.75,0.685292647289896,0.69010220867019,0.804878048780488
-1,1,1,0.821756638005249,0.684791408076566,"1",0.75,0.684791408076566,0.581651778001201,0.661016949152542
1,1,-1,0.327263455019835,0.552600640556003,"0",0.25,0.327263455019835,0.133084059302988,0.223938223938224
1,1,1,0.869167624820875,0.930404527946619,"1",0.75,0.930404527946619,0.885570752996562,0.776061776061776
1,-1,1,0.81657958138746,0.677762443360341,"1",0.75,0.677762443360341,0.71425100857702,0.776061776061776
1,1,1,0.91185353303141,0.981439242128104,"0",0.25,0.91185353303141,0.114429247003438,0.223938223938224
1,1,-1,0.309895598790887,0.583072868343877,"1",0.75,0.583072868343877,0.866915940697012,0.776061776061776
-1,1,-1,0.208133346511819,0.312864808396558,"1",0.75,0.312864808396558,0.539230003482691,0.661016949152542
1,-1,1,0.793107431034527,0.712510590505474,"1",0.75,0.712510590505474,0.71425100857702,0.776061776061776
1,1,-1,0.368446959026339,0.59484602260883,"1",0.75,0.59484602260883,0.866915940697012,0.776061776061776
-1,-1,-1,0.0213627786219499,0.0203878121865122,"0",0.75,0.0213627786219499,0.725699494087801,0.804878048780488
-1,-1,1,0.699812499211255,0.413944153431494,"0",0.75,0.699812499211255,0.69010220867019,0.804878048780488
1,1,1,0.913749197130151,0.967105213839967,"1",0.75,0.967105213839967,0.885570752996562,0.776061776061776
-1,1,1,0.79451004482708,0.708920393457029,"1",0.75,0.708920393457029,0.581651778001201,0.661016949152542
1,1,-1,0.367522142972579,0.581717355990503,"1",0.75,0.581717355990503,0.866915940697012,0.776061776061776
-1,1,-1,0.224122843775599,0.281334164979854,"0",0.25,0.224122843775599,0.460769996517309,0.338983050847458
-1,-1,-1,0.0597524753607313,0.0642507814724973,"0",0.75,0.0597524753607313,0.725699494087801,0.804878048780488
-1,-1,-1,0.0912975971257312,0.0771840909875951,"0",0.75,0.0912975971257312,0.725699494087801,0.804878048780488
1,-1,-1,0.210806077473018,0.317184658509529,"1",0.75,0.317184658509529,0.677827582168154,0.776061776061776
-1,1,-1,0.224857367517964,0.305788461298874,"1",0.75,0.305788461298874,0.539230003482691,0.661016949152542
1,1,1,0.9742805766331,0.949659230018405,"1",0.75,0.949659230018405,0.885570752996562,0.776061776061776
1,-1,1,0.835738451813057,0.67979404639497,"1",0.75,0.67979404639497,0.71425100857702,0.776061776061776
1,1,1,0.942984060138024,0.95987518701251,"0",0.25,0.942984060138024,0.114429247003438,0.223938223938224
1,1,-1,0.306818954612267,0.560653769133605,"1",0.75,0.560653769133605,0.866915940697012,0.776061776061776
-1,1,-1,0.225328817125956,0.286371529552041,"0",0.25,0.225328817125956,0.460769996517309,0.338983050847458
1,-1,1,0.858570036736686,0.652121053402665,"0",0.25,0.858570036736686,0.28574899142298,0.223938223938224
1,-1,1,0.799447859442458,0.681638313037043,"1",0.75,0.681638313037043,0.71425100857702,0.776061776061776
-1,1,-1,0.21882901220026,0.307283675719339,"0",0.25,0.21882901220026,0.460769996517309,0.338983050847458
1,-1,-1,0.18176984699767,0.350638040430399,"1",0.75,0.350638040430399,0.677827582168154,0.776061776061776
1,-1,-1,0.185241564937887,0.3390691270542,"1",0.75,0.3390691270542,0.677827582168154,0.776061776061776
1,1,-1,0.351148096560265,0.622824126964187,"1",0.75,0.622824126964187,0.866915940697012,0.776061776061776
1,-1,-1,0.238405912000547,0.324119294556904,"1",0.75,0.324119294556904,0.677827582168154,0.776061776061776
1,1,-1,0.377249015354171,0.574356835378042,"1",0.75,0.574356835378042,0.866915940697012,0.776061776061776
-1,1,-1,0.196391893758731,0.336502701090655,"1",0.75,0.336502701090655,0.539230003482691,0.661016949152542
1,-1,-1,0.193626060730256,0.333481280157846,"1",0.75,0.333481280157846,0.677827582168154,0.776061776061776
1,-1,1,0.809054093465794,0.662406481176045,"1",0.75,0.662406481176045,0.71425100857702,0.776061776061776
-1,1,1,0.848424119436781,0.690906019746756,"0",0.25,0.848424119436781,0.418348221998799,0.338983050847458
1,1,-1,0.354271683436164,0.604761980561276,"0",0.25,0.354271683436164,0.133084059302988,0.223938223938224
1,-1,-1,0.175683145314144,0.350282817963941,"1",0.75,0.350282817963941,0.677827582168154,0.776061776061776
-1,1,-1,0.214354769609662,0.356855380530762,"0",0.25,0.214354769609662,0.460769996517309,0.338983050847458
-1,-1,1,0.645661470703182,0.41417684370327,"0",0.75,0.645661470703182,0.69010220867019,0.804878048780488
-1,1,1,0.773281424737851,0.6474408932966,"1",0.75,0.6474408932966,0.581651778001201,0.661016949152542
1,-1,1,0.783793138136741,0.705363309451533,"1",0.75,0.705363309451533,0.71425100857702,0.776061776061776
1,1,1,0.964783507262261,0.971999335363566,"1",0.75,0.971999335363566,0.885570752996562,0.776061776061776
-1,1,1,0.792543259644339,0.667635078041969,"1",0.75,0.667635078041969,0.581651778001201,0.661016949152542
1,-1,-1,0.196610764294822,0.326810727192059,"0",0.25,0.196610764294822,0.322172417831846,0.223938223938224
1,-1,1,0.792968950430612,0.698381198287567,"1",0.75,0.698381198287567,0.71425100857702,0.776061776061776
-1,1,1,0.793058210463607,0.6661307216187,"1",0.75,0.6661307216187,0.581651778001201,0.661016949152542
-1,-1,-1,0.0589104527918569,0.0624975658918577,"1",0.25,0.0624975658918577,0.274300505912199,0.195121951219512
1,-1,-1,0.233823300343875,0.283313905878686,"0",0.25,0.233823300343875,0.322172417831846,0.223938223938224
-1,1,1,0.771281686207464,0.672000667606828,"1",0.75,0.672000667606828,0.581651778001201,0.661016949152542
1,-1,1,0.81292940987878,0.707987371795541,"1",0.75,0.707987371795541,0.71425100857702,0.776061776061776
-1,1,-1,0.21053342474184,0.322581868451836,"0",0.25,0.21053342474184,0.460769996517309,0.338983050847458
-1,1,-1,0.170380415267965,0.337132752012843,"1",0.75,0.337132752012843,0.539230003482691,0.661016949152542
1,-1,-1,0.230606801827006,0.292384709453184,"0",0.25,0.230606801827006,0.322172417831846,0.223938223938224
1,-1,1,0.819416811839659,0.670751743941198,"0",0.25,0.819416811839659,0.28574899142298,0.223938223938224
1,1,1,0.952997463818955,0.970620110854347,"1",0.75,0.970620110854347,0.885570752996562,0.776061776061776
-1,1,-1,0.247227380851167,0.333181363999995,"1",0.75,0.333181363999995,0.539230003482691,0.661016949152542
1,-1,1,0.807829312681977,0.69902837796574,"1",0.75,0.69902837796574,0.71425100857702,0.776061776061776
1,1,1,0.966980119106684,0.960640599366396,"0",0.25,0.966980119106684,0.114429247003438,0.223938223938224
1,-1,-1,0.200697802064886,0.331856126177447,"1",0.75,0.331856126177447,0.677827582168154,0.776061776061776
1,1,-1,0.356415184341942,0.577041720497698,"1",0.75,0.577041720497698,0.866915940697012,0.776061776061776
1,1,-1,0.411809705375968,0.59888142319395,"0",0.25,0.411809705375968,0.133084059302988,0.223938223938224
1,1,1,0.949189795428358,0.955825157985862,"1",0.75,0.955825157985862,0.885570752996562,0.776061776061776
1,1,1,0.896811684978232,0.980033849442675,"1",0.75,0.980033849442675,0.885570752996562,0.776061776061776
-1,-1,1,0.637728867004431,0.434132890979888,"0",0.75,0.637728867004431,0.69010220867019,0.804878048780488
-1,1,1,0.752638382093844,0.68483715756017,"1",0.75,0.68483715756017,0.581651778001201,0.661016949152542
-1,1,1,0.832590240348753,0.666402780722148,"0",0.25,0.832590240348753,0.418348221998799,0.338983050847458
1,-1,1,0.768501382697011,0.672285489958596,"1",0.75,0.672285489958596,0.71425100857702,0.776061776061776
1,1,-1,0.363236473718971,0.614774554455279,"0",0.25,0.363236473718971,0.133084059302988,0.223938223938224
-1,-1,-1,0.0695913428044765,0.0276623469274465,"0",0.75,0.0695913428044765,0.725699494087801,0.804878048780488
1,-1,1,0.825242256993929,0.700453858466155,"1",0.75,0.700453858466155,0.71425100857702,0.776061776061776
-1,-1,1,0.628659884725591,0.379945802143284,"0",0.75,0.628659884725591,0.69010220867019,0.804878048780488
1,1,1,0.953642340257285,0.959079961899285,"1",0.75,0.959079961899285,0.885570752996562,0.776061776061776
-1,-1,1,0.573396764991921,0.411155258118838,"1",0.25,0.411155258118838,0.30989779132981,0.195121951219512
1,1,-1,0.357758753157161,0.603582729758566,"0",0.25,0.357758753157161,0.133084059302988,0.223938223938224
1,1,-1,0.353274886726184,0.604061616561647,"1",0.75,0.604061616561647,0.866915940697012,0.776061776061776
-1,1,1,0.783529699952058,0.678180786666275,"0",0.25,0.783529699952058,0.418348221998799,0.338983050847458
