V1.1,V1.2,V1.3,V1.4,V1.5,V1.6,V1.7,V1.8,V1.9,V1.10,V2.1,V2.2,V2.3,V2.4,V2.5,V2.6,V2.7,V2.8,V2.9,V2.10,y0,y1,t,prob_t,y,prob_t_pred,reg0,reg1
0,0,0,0,1,1,1,1,1,1,0,0,0,0,0,1,1,1,1,1,0.5637110300196421,0.5550812593285699,0,0.9,0.5637110300196421,0.536129939802896,0.5637110300196421,0.5112592283785711
1,1,1,1,1,1,1,1,1,1,0,0,0,0,1,1,1,1,1,1,0.4481609540944721,0.35323397628006,0,0.9,0.4481609540944721,0.9834535122796999,0.4481609540944721,0.5112592283785711
0,0,0,1,1,1,1,1,1,1,0,0,0,0,0,0,0,0,0,1,0.7804435034521731,0.69190427981161,0,0.9,0.7804435034521731,0.791399675674742,0.7804435034521731,0.654068215901396
0,0,0,0,0,0,1,1,1,1,0,0,0,0,0,0,0,0,1,1,0.7510536458091,0.7444855100269921,1,0.9,0.7444855100269921,0.7534143717182059,0.7605090173539341,0.7444855100269921
0,1,1,1,1,1,1,1,1,1,1,1,1,1,1,1,1,1,1,1,0.220040039422339,0.18123792317985501,0,0.9,0.220040039422339,0.9103622166294691,0.220040039422339,0.17683247929020302
0,0,0,1,1,1,1,1,1,1,0,1,1,1,1,1,1,1,1,1,0.36433332066378293,0.37525546399837,0,0.9,0.36433332066378293,0.6747298550053149,0.36433332066378293,0.329052637712987
0,0,0,0,0,0,1,1,1,1,0,0,0,0,0,0,0,0,0,1,0.7618507530297801,0.786401594152524,1,0.9,0.786401594152524,0.7125706427314259,0.81321363198375,0.786401594152524
0,0,0,0,1,1,1,1,1,1,0,0,0,0,0,0,0,0,1,1,0.759370159399092,0.6700735075067171,0,0.9,0.759370159399092,0.5577275403820461,0.759370159399092,0.737920142458598
0,0,1,1,1,1,1,1,1,1,0,0,0,0,0,0,1,1,1,1,0.600982461791683,0.528683524436139,0,0.9,0.600982461791683,0.860268237165516,0.600982461791683,0.587078308111041
1,1,1,1,1,1,1,1,1,1,0,0,0,0,1,1,1,1,1,1,0.43666171096719,0.299913337673614,0,0.9,0.43666171096719,0.9928592396465741,0.43666171096719,0.38728383096962293
0,0,0,0,0,0,0,0,0,1,0,0,0,1,1,1,1,1,1,1,0.6013654847750711,0.7023904409600171,0,0.1,0.6013654847750711,0.0181631501246964,0.6013654847750711,0.7120882372276379
0,1,1,1,1,1,1,1,1,1,0,0,0,0,0,0,0,1,1,1,0.586727242367,0.535410941304369,0,0.9,0.586727242367,0.9271017215121341,0.586727242367,0.5543253647884671
0,0,0,1,1,1,1,1,1,1,0,0,0,0,0,1,1,1,1,1,0.543559718911091,0.475358095798067,0,0.9,0.543559718911091,0.7221247739084059,0.543559718911091,0.5112592283785711
0,0,0,0,0,0,0,0,1,1,0,0,0,0,0,0,0,1,1,1,0.685318236536873,0.716973067592527,1,0.9,0.716973067592527,0.9414118124576709,0.7175454769354059,0.716973067592527
0,0,0,0,0,0,0,1,1,1,0,1,1,1,1,1,1,1,1,1,0.4180415382000329,0.436149290599745,1,0.9,0.436149290599745,0.807376482918763,0.428621354572127,0.436149290599745
0,0,0,0,0,0,0,0,0,1,0,0,0,0,1,1,1,1,1,1,0.6344365522696079,0.755353402111104,1,0.9,0.755353402111104,0.994777165608846,0.6341319962066271,0.755353402111104
0,0,0,0,0,0,0,0,0,1,0,0,0,0,1,1,1,1,1,1,0.6271103089967459,0.703755987386097,1,0.9,0.703755987386097,0.976407002816545,0.569728071122943,0.703755987386097
1,1,1,1,1,1,1,1,1,1,0,0,0,0,1,1,1,1,1,1,0.438336599187312,0.330713501228539,0,0.9,0.438336599187312,0.9863208479383241,0.438336599187312,0.38728383096962293
0,0,0,0,0,1,1,1,1,1,0,0,0,0,0,0,0,1,1,1,0.684896459058807,0.687289285441933,1,0.9,0.687289285441933,0.610935528090365,0.684908417253782,0.687289285441933
0,0,1,1,1,1,1,1,1,1,0,0,0,0,1,1,1,1,1,1,0.542553293660725,0.434116125603601,0,0.9,0.542553293660725,0.8695744433874258,0.542553293660725,0.5112592283785711
0,0,0,0,1,1,1,1,1,1,0,0,0,0,1,1,1,1,1,1,0.537338338228035,0.5002978898404229,0,0.9,0.537338338228035,0.611722518169065,0.537338338228035,0.5112592283785711
0,0,0,0,0,0,0,1,1,1,0,0,0,0,0,0,0,0,1,1,0.7803421574392441,0.7990932524144341,1,0.9,0.7990932524144341,0.858474084421192,0.81321363198375,0.7990932524144341
0,0,0,1,1,1,1,1,1,1,0,0,1,1,1,1,1,1,1,1,0.41174691229623994,0.386167257709784,0,0.9,0.41174691229623994,0.7229101798888672,0.41174691229623994,0.42414100620132794
0,0,0,0,1,1,1,1,1,1,0,0,0,0,0,0,0,1,1,1,0.654120436260841,0.62442948919739,0,0.9,0.654120436260841,0.522458284203649,0.654120436260841,0.642742218360264
0,0,0,0,0,0,0,1,1,1,0,0,0,0,0,0,1,1,1,1,0.604924343843697,0.615159886991709,1,0.9,0.615159886991709,0.808396107532012,0.6209613986353071,0.615159886991709
0,0,0,1,1,1,1,1,1,1,0,0,1,1,1,1,1,1,1,1,0.4271646721467,0.39283472898076294,0,0.9,0.4271646721467,0.686441195849606,0.4271646721467,0.42414100620132794
1,1,1,1,1,1,1,1,1,1,0,0,1,1,1,1,1,1,1,1,0.375561591588146,0.289840112324648,0,0.9,0.375561591588146,0.9735715711589681,0.375561591588146,0.395208269323115
0,0,0,0,1,1,1,1,1,1,0,0,1,1,1,1,1,1,1,1,0.46076772687267104,0.473717319773022,0,0.9,0.46076772687267104,0.562434938370824,0.46076772687267104,0.441272064695974
0,0,1,1,1,1,1,1,1,1,0,0,0,0,0,0,0,0,1,1,0.7577509532418171,0.639266043557978,0,0.9,0.7577509532418171,0.8636802070260922,0.7577509532418171,0.6361501211793771
0,0,1,1,1,1,1,1,1,1,0,0,0,0,0,0,0,0,1,1,0.661562071470682,0.590759585651086,0,0.9,0.661562071470682,0.8873477473974108,0.661562071470682,0.58450350862736
0,0,0,0,0,0,0,0,0,1,0,0,1,1,1,1,1,1,1,1,0.5045906521422521,0.6278469465322,1,0.9,0.6278469465322,0.9883612648385909,0.46076772687267104,0.6278469465322
0,0,0,0,0,0,1,1,1,1,0,0,0,0,1,1,1,1,1,1,0.5465933913457179,0.569791494116463,1,0.9,0.569791494116463,0.7552397045814959,0.569728071122943,0.569791494116463
0,0,0,0,1,1,1,1,1,1,0,0,0,0,0,1,1,1,1,1,0.542304490609528,0.5207666160053099,0,0.9,0.542304490609528,0.5869833383910861,0.542304490609528,0.5112592283785711
0,0,0,0,0,0,0,0,0,1,0,0,0,0,1,1,1,1,1,1,0.5899131887334189,0.7120882372276379,1,0.9,0.7120882372276379,0.986007434981383,0.569728071122943,0.7120882372276379
0,1,1,1,1,1,1,1,1,1,0,0,0,0,1,1,1,1,1,1,0.48853969575682,0.407290611380139,0,0.9,0.48853969575682,0.9533225018765591,0.48853969575682,0.38728383096962293
0,0,0,0,1,1,1,1,1,1,0,0,0,1,1,1,1,1,1,1,0.46678337467972597,0.47010421197597296,0,0.9,0.46678337467972597,0.5346216884663211,0.46678337467972597,0.441272064695974
0,0,0,0,0,0,0,0,1,1,0,0,0,0,1,1,1,1,1,1,0.6003868562368381,0.677805569857347,1,0.9,0.677805569857347,0.939649470310217,0.545017777651236,0.677805569857347
0,0,0,0,0,0,0,0,0,1,0,0,0,1,1,1,1,1,1,1,0.529588441000748,0.648700835132306,1,0.9,0.648700835132306,0.979036327421851,0.6013654847750711,0.648700835132306
0,0,0,0,0,0,0,0,1,1,0,0,0,0,0,0,1,1,1,1,0.6492866418377571,0.7075616487172091,0,0.1,0.6492866418377571,0.16593391326086301,0.6492866418377571,0.666651543850685
0,0,0,0,0,0,1,1,1,1,0,0,1,1,1,1,1,1,1,1,0.44505488995057,0.509672725105664,1,0.9,0.509672725105664,0.68429836806783,0.46076772687267104,0.509672725105664
0,0,0,0,0,0,0,0,0,1,0,0,0,0,1,1,1,1,1,1,0.634073006862048,0.7260172887724291,1,0.9,0.7260172887724291,0.99170999563577,0.569728071122943,0.7260172887724291
0,0,0,1,1,1,1,1,1,1,0,0,1,1,1,1,1,1,1,1,0.392507497735971,0.38035865116634293,0,0.9,0.392507497735971,0.7483838216645851,0.392507497735971,0.42993346849389097
0,1,1,1,1,1,1,1,1,1,0,0,0,0,0,0,0,1,1,1,0.621471545288399,0.5543253647884671,1,0.1,0.5543253647884671,0.0470592503267353,0.630187970457034,0.5543253647884671
0,0,0,0,0,0,0,1,1,1,0,0,0,0,1,1,1,1,1,1,0.5256510564877079,0.5776669002746561,1,0.9,0.5776669002746561,0.7962585852024681,0.569728071122943,0.5776669002746561
0,0,1,1,1,1,1,1,1,1,0,1,1,1,1,1,1,1,1,1,0.334337449505201,0.31238669550306203,0,0.9,0.334337449505201,0.890617430787874,0.334337449505201,0.329052637712987
0,0,0,0,0,0,0,1,1,1,0,1,1,1,1,1,1,1,1,1,0.41225595553061606,0.43426906963266604,1,0.9,0.43426906963266604,0.791811761583471,0.428621354572127,0.43426906963266604
0,0,0,0,0,0,1,1,1,1,0,0,0,0,0,0,0,0,1,1,0.7909918583054829,0.781237569648879,1,0.9,0.781237569648879,0.714073269347052,0.81321363198375,0.781237569648879
0,0,0,0,1,1,1,1,1,1,0,1,1,1,1,1,1,1,1,1,0.37047417656893894,0.35814389999613205,0,0.9,0.37047417656893894,0.655407443156347,0.37047417656893894,0.329052637712987
0,0,0,1,1,1,1,1,1,1,0,0,0,0,0,0,0,0,1,1,0.7097412706458549,0.6470491837567,0,0.9,0.7097412706458549,0.7952384770773492,0.7097412706458549,0.529672887343144
0,0,0,0,0,1,1,1,1,1,0,0,0,0,0,0,0,1,1,1,0.670979611587381,0.647507789408429,1,0.9,0.647507789408429,0.505390456360494,0.684908417253782,0.647507789408429
0,0,0,0,0,0,1,1,1,1,0,0,0,0,1,1,1,1,1,1,0.545017777651236,0.569290055165717,0,0.1,0.545017777651236,0.47270098434916896,0.545017777651236,0.620469052314813
0,0,0,0,0,0,1,1,1,1,0,0,0,0,0,0,1,1,1,1,0.6215792867348199,0.647853236713159,1,0.9,0.647853236713159,0.7253515704497572,0.6209613986353071,0.647853236713159
0,0,0,0,1,1,1,1,1,1,0,1,1,1,1,1,1,1,1,1,0.36644588508598297,0.367986873631747,0,0.9,0.36644588508598297,0.6146963058226271,0.36644588508598297,0.329052637712987
0,0,0,0,0,1,1,1,1,1,0,0,1,1,1,1,1,1,1,1,0.448875887156516,0.46057838078255997,1,0.9,0.46057838078255997,0.643107602918562,0.454621171179242,0.46057838078255997
0,1,1,1,1,1,1,1,1,1,0,0,0,0,0,0,0,0,1,1,0.666308537776359,0.5538963268540551,0,0.9,0.666308537776359,0.962928814056435,0.666308537776359,0.58450350862736
1,1,1,1,1,1,1,1,1,1,0,1,1,1,1,1,1,1,1,1,0.30020019973270895,0.18972136737070103,0,0.9,0.30020019973270895,0.995397959261723,0.30020019973270895,0.17396836471543398
0,0,0,1,1,1,1,1,1,1,0,0,1,1,1,1,1,1,1,1,0.42960071665997207,0.41771575067843697,0,0.9,0.42960071665997207,0.7923104033810809,0.42960071665997207,0.42993346849389097
0,0,0,0,0,1,1,1,1,1,0,0,0,0,0,0,0,0,1,1,0.7478716259952299,0.737920142458598,1,0.9,0.737920142458598,0.48849776968100606,0.735530854343318,0.737920142458598
0,1,1,1,1,1,1,1,1,1,0,0,1,1,1,1,1,1,1,1,0.40139307581711503,0.35468975670424396,0,0.9,0.40139307581711503,0.931698675580788,0.40139307581711503,0.395208269323115
0,0,0,0,0,0,0,0,1,1,0,0,0,0,0,0,0,1,1,1,0.688146432946575,0.7365975572089051,1,0.9,0.7365975572089051,0.932133682796975,0.692404419441604,0.7365975572089051
0,0,0,0,1,1,1,1,1,1,0,0,0,0,0,0,0,0,1,1,0.7149095837315049,0.659827384281413,0,0.9,0.7149095837315049,0.600063057178338,0.7149095837315049,0.692900364278937
0,0,0,0,0,1,1,1,1,1,0,1,1,1,1,1,1,1,1,1,0.351085326568019,0.364647252741565,1,0.9,0.364647252741565,0.513735165276129,0.323814218160466,0.364647252741565
0,0,0,0,1,1,1,1,1,1,0,0,0,0,0,0,0,0,0,1,0.8931475082037109,0.838159144621789,0,0.9,0.8931475082037109,0.563616472808248,0.8931475082037109,0.737920142458598
0,0,0,0,0,0,0,1,1,1,0,0,0,0,1,1,1,1,1,1,0.534648036985915,0.566079403138896,1,0.9,0.566079403138896,0.7947261213044399,0.569728071122943,0.566079403138896
0,0,0,0,0,0,0,1,1,1,0,0,0,0,0,0,0,0,1,1,0.7484226224195258,0.7723157719724109,1,0.9,0.7723157719724109,0.873300642279374,0.71289294957367,0.7723157719724109
0,1,1,1,1,1,1,1,1,1,0,0,0,1,1,1,1,1,1,1,0.419747914681069,0.355615304414406,0,0.9,0.419747914681069,0.957363282750175,0.419747914681069,0.395208269323115
1,1,1,1,1,1,1,1,1,1,0,0,0,0,0,0,0,1,1,1,0.617752626118321,0.502140090001825,0,0.9,0.617752626118321,0.9677547718465429,0.617752626118321,0.5543253647884671
0,0,0,0,0,1,1,1,1,1,0,0,1,1,1,1,1,1,1,1,0.45586581779456703,0.45134429263602505,1,0.9,0.45134429263602505,0.613128207076057,0.42997872890742295,0.45134429263602505
0,1,1,1,1,1,1,1,1,1,0,0,0,0,0,0,0,0,0,1,0.754730530172311,0.654068215901396,1,0.1,0.654068215901396,0.0335180562006345,0.784387415204439,0.654068215901396
0,0,0,0,0,0,0,1,1,1,0,0,0,0,0,0,0,1,1,1,0.664735682632158,0.6882499033504699,1,0.9,0.6882499033504699,0.813667881108212,0.692404419441604,0.6882499033504699
0,0,0,0,0,0,0,0,1,1,0,0,0,1,1,1,1,1,1,1,0.564302077752842,0.609881102516172,1,0.9,0.609881102516172,0.911679832322524,0.6013654847750711,0.609881102516172
0,0,0,0,0,0,0,1,1,1,0,0,0,0,1,1,1,1,1,1,0.576354291570935,0.620469052314813,1,0.9,0.620469052314813,0.81586440879098,0.545017777651236,0.620469052314813
0,0,0,0,0,0,1,1,1,1,0,0,1,1,1,1,1,1,1,1,0.414938463753163,0.422032688412571,1,0.9,0.422032688412571,0.658085860507774,0.42997872890742295,0.422032688412571
0,0,0,1,1,1,1,1,1,1,0,0,1,1,1,1,1,1,1,1,0.421508039020117,0.43569575721923404,0,0.9,0.421508039020117,0.679036453879032,0.421508039020117,0.42414100620132794
0,0,0,0,0,1,1,1,1,1,0,0,0,0,0,1,1,1,1,1,0.6177850302494841,0.59958694625493,1,0.9,0.59958694625493,0.608654046024504,0.611280379584064,0.59958694625493
0,0,0,0,0,0,0,0,0,1,1,1,1,1,1,1,1,1,1,1,0.136728783473189,0.318224631283956,1,0.9,0.318224631283956,0.9876921458105691,0.0,0.318224631283956
0,0,0,0,0,1,1,1,1,1,0,0,0,0,0,1,1,1,1,1,0.562725043990994,0.577387043917139,0,0.1,0.562725043990994,0.576061748815723,0.562725043990994,0.59958694625493
0,1,1,1,1,1,1,1,1,1,0,0,0,0,0,0,0,0,0,1,0.7480975914998871,0.5946570981652629,0,0.9,0.7480975914998871,0.965055934843247,0.7480975914998871,0.654068215901396
0,0,0,0,0,1,1,1,1,1,0,0,0,0,0,0,1,1,1,1,0.619376351669026,0.58631205889897,1,0.9,0.58631205889897,0.580605928018903,0.611280379584064,0.58631205889897
0,0,0,0,0,0,0,1,1,1,0,0,0,0,1,1,1,1,1,1,0.569728071122943,0.588265502786655,0,0.1,0.569728071122943,0.21945201747058102,0.569728071122943,0.588955944856713
0,0,0,0,1,1,1,1,1,1,0,1,1,1,1,1,1,1,1,1,0.38866058613533705,0.364770293709908,0,0.9,0.38866058613533705,0.556488273784138,0.38866058613533705,0.329052637712987
0,0,1,1,1,1,1,1,1,1,0,1,1,1,1,1,1,1,1,1,0.327068189889465,0.310374014276,0,0.9,0.327068189889465,0.847996375013438,0.327068189889465,0.329052637712987
0,1,1,1,1,1,1,1,1,1,0,0,0,0,0,0,0,0,0,1,0.782017727758295,0.6720055104337009,0,0.9,0.782017727758295,0.9505940050538191,0.782017727758295,0.654068215901396
1,1,1,1,1,1,1,1,1,1,0,0,0,0,1,1,1,1,1,1,0.44710045987225505,0.314583538814683,0,0.9,0.44710045987225505,0.994268994571645,0.44710045987225505,0.38728383096962293
0,0,0,0,0,0,0,1,1,1,0,0,0,0,0,0,0,1,1,1,0.697685289081548,0.74426967547619,1,0.9,0.74426967547619,0.87071924248301,0.692404419441604,0.74426967547619
0,0,0,0,0,0,0,0,1,1,0,1,1,1,1,1,1,1,1,1,0.45457704871253996,0.516417156834605,1,0.9,0.516417156834605,0.9440519173128492,0.42997872890742295,0.516417156834605
0,0,0,0,0,0,0,0,0,1,0,0,0,0,0,0,0,0,1,1,0.8226066386330829,0.8452295631911569,1,0.9,0.8452295631911569,0.983216647167697,0.7788496708218711,0.8452295631911569
0,0,0,0,0,0,0,1,1,1,0,0,0,1,1,1,1,1,1,1,0.494383361167065,0.5149866558967829,1,0.9,0.5149866558967829,0.8050127180322171,0.6013654847750711,0.5149866558967829
1,1,1,1,1,1,1,1,1,1,0,0,0,0,0,0,0,1,1,1,0.6016871156262951,0.46753725290343,0,0.9,0.6016871156262951,0.9852898014218799,0.6016871156262951,0.5543253647884671
0,0,1,1,1,1,1,1,1,1,0,0,0,0,0,0,0,0,1,1,0.6835007647608411,0.6395973475090451,0,0.9,0.6835007647608411,0.866729787673923,0.6835007647608411,0.529672887343144
0,0,0,0,0,0,0,0,1,1,0,0,1,1,1,1,1,1,1,1,0.472517285401603,0.538198827751485,1,0.9,0.538198827751485,0.9594344034714691,0.42997872890742295,0.538198827751485
0,0,0,0,0,0,0,0,0,1,0,1,1,1,1,1,1,1,1,1,0.39476291475725106,0.533472408948892,1,0.9,0.533472408948892,0.988324986997639,0.36158675108592,0.533472408948892
0,0,0,0,0,1,1,1,1,1,0,0,0,0,0,0,0,1,1,1,0.6845930305491931,0.6272844423973659,1,0.9,0.6272844423973659,0.575023275387948,0.684908417253782,0.6272844423973659
0,0,0,0,0,0,0,1,1,1,0,0,0,0,0,0,0,0,0,1,0.81321363198375,0.783446988549113,0,0.1,0.81321363198375,0.333447763267847,0.81321363198375,0.805467837336604
0,0,1,1,1,1,1,1,1,1,0,0,0,0,0,0,0,1,1,1,0.656543646670173,0.589060515469229,0,0.9,0.656543646670173,0.8447862850839829,0.656543646670173,0.58450350862736
0,0,0,1,1,1,1,1,1,1,0,0,1,1,1,1,1,1,1,1,0.413099721192039,0.40800856849517203,0,0.9,0.413099721192039,0.729566209655759,0.413099721192039,0.42993346849389097
0,0,0,1,1,1,1,1,1,1,0,1,1,1,1,1,1,1,1,1,0.297323888532851,0.32185160076504604,0,0.9,0.297323888532851,0.6884306134733421,0.297323888532851,0.286888798409349
0,0,0,0,0,0,0,0,0,1,0,0,0,0,0,0,0,1,1,1,0.7754319730993501,0.892854698408519,1,0.9,0.892854698408519,0.9944142660031651,0.71289294957367,0.892854698408519
0,0,0,0,1,1,1,1,1,1,0,0,0,0,0,1,1,1,1,1,0.547465854379346,0.5783494684889039,0,0.9,0.547465854379346,0.561548024613522,0.547465854379346,0.5112592283785711
0,0,0,0,0,0,0,0,0,1,0,0,0,0,0,0,0,0,1,1,0.8364025063103729,0.96024491320344,1,0.9,0.96024491320344,0.9986972425899779,0.71289294957367,0.96024491320344
0,1,1,1,1,1,1,1,1,1,0,1,1,1,1,1,1,1,1,1,0.33407291341665996,0.283971976963574,0,0.9,0.33407291341665996,0.900955690157559,0.33407291341665996,0.329052637712987
0,0,0,0,0,1,1,1,1,1,0,1,1,1,1,1,1,1,1,1,0.42997872890742295,0.3986070186103039,0,0.1,0.42997872890742295,0.639138297542701,0.42997872890742295,0.329052637712987
1,1,1,1,1,1,1,1,1,1,0,0,0,0,1,1,1,1,1,1,0.40888739606163005,0.260627795318596,0,0.9,0.40888739606163005,0.997815575992731,0.40888739606163005,0.38728383096962293
0,0,0,0,0,0,0,0,1,1,1,1,1,1,1,1,1,1,1,1,0.32732341294981604,0.390974597987945,1,0.9,0.390974597987945,0.8988984576150529,0.36158675108592,0.390974597987945
0,0,0,0,0,0,0,0,0,1,0,0,0,0,0,0,0,1,1,1,0.7175454769354059,0.78509443878815,0,0.1,0.7175454769354059,0.0524374070740325,0.7175454769354059,0.716973067592527
0,0,0,0,0,0,0,0,1,1,0,0,1,1,1,1,1,1,1,1,0.4404443961210539,0.5233164317352921,1,0.9,0.5233164317352921,0.8981295523616909,0.42997872890742295,0.5233164317352921
0,0,0,0,0,1,1,1,1,1,0,0,0,0,0,0,0,1,1,1,0.639615522206837,0.6542271902213039,1,0.9,0.6542271902213039,0.6271997366465191,0.684908417253782,0.6542271902213039
0,0,0,0,1,1,1,1,1,1,0,0,0,0,0,1,1,1,1,1,0.55400885274816,0.5112592283785711,1,0.1,0.5112592283785711,0.33370986887000503,0.543559718911091,0.5112592283785711
0,0,0,0,1,1,1,1,1,1,0,0,0,0,0,1,1,1,1,1,0.561807605771614,0.5532795591689771,0,0.9,0.561807605771614,0.668088585938013,0.561807605771614,0.5112592283785711
0,0,0,0,0,0,0,1,1,1,0,0,0,0,0,0,0,0,0,1,0.8184957471766942,0.805467837336604,1,0.9,0.805467837336604,0.813177189360971,0.81321363198375,0.805467837336604
0,0,0,0,0,0,0,0,1,1,0,0,0,0,0,0,0,0,1,1,0.7771858785041651,0.8057873725914709,1,0.9,0.8057873725914709,0.925632401665912,0.7605090173539341,0.8057873725914709
0,1,1,1,1,1,1,1,1,1,0,1,1,1,1,1,1,1,1,1,0.302399693286854,0.24876052918039804,0,0.9,0.302399693286854,0.941240622322153,0.302399693286854,0.136773574972301
0,0,0,0,0,1,1,1,1,1,0,0,0,0,0,0,0,1,1,1,0.6719084949066999,0.642091820568375,1,0.9,0.642091820568375,0.5652044721789731,0.684908417253782,0.642091820568375
0,0,0,0,0,0,0,0,1,1,0,0,0,0,0,0,0,0,1,1,0.7731355636769169,0.868369164086302,1,0.9,0.868369164086302,0.937448734372881,0.798873280810533,0.868369164086302
0,0,0,0,0,0,0,0,0,1,0,0,0,1,1,1,1,1,1,1,0.583574189311337,0.7369322974658149,1,0.9,0.7369322974658149,0.995485984593731,0.6341319962066271,0.7369322974658149
0,0,0,0,0,0,1,1,1,1,0,0,0,0,0,1,1,1,1,1,0.543937802829403,0.5824488933555679,0,0.1,0.543937802829403,0.45428088051432697,0.543937802829403,0.585589239877411
0,0,1,1,1,1,1,1,1,1,0,0,0,1,1,1,1,1,1,1,0.478577268803726,0.40874044786663205,0,0.9,0.478577268803726,0.8944084083280259,0.478577268803726,0.38728383096962293
0,0,0,0,0,0,0,0,0,1,0,1,1,1,1,1,1,1,1,1,0.423937788881914,0.555146270144956,1,0.9,0.555146270144956,0.9889817594281791,0.36158675108592,0.555146270144956
1,1,1,1,1,1,1,1,1,1,0,0,0,0,0,0,0,1,1,1,0.572845606292506,0.461146672676099,0,0.9,0.572845606292506,0.9846986899627629,0.572845606292506,0.5543253647884671
0,0,1,1,1,1,1,1,1,1,0,0,0,0,0,1,1,1,1,1,0.574856175682891,0.483725984060712,0,0.9,0.574856175682891,0.8961962569869979,0.574856175682891,0.587078308111041
0,0,0,1,1,1,1,1,1,1,0,0,0,0,0,0,0,0,0,1,0.760997608746108,0.688166315238131,0,0.9,0.760997608746108,0.7832963084606059,0.760997608746108,0.654068215901396
0,0,1,1,1,1,1,1,1,1,0,1,1,1,1,1,1,1,1,1,0.34572050846349606,0.31795535904306604,0,0.9,0.34572050846349606,0.841806588964474,0.34572050846349606,0.329052637712987
0,0,0,0,0,1,1,1,1,1,0,0,0,0,1,1,1,1,1,1,0.483971495957383,0.541361041968134,1,0.9,0.541361041968134,0.506826441824196,0.529313512347807,0.541361041968134
0,0,0,0,0,0,0,0,1,1,0,0,0,0,0,0,0,0,0,1,1.0,1.0,1,0.9,1.0,0.933005168630418,0.9410016513499191,1.0
0,0,0,0,0,0,0,1,1,1,0,0,0,0,0,0,0,1,1,1,0.7331817660344679,0.710045637422323,1,0.9,0.710045637422323,0.855866047678586,0.692404419441604,0.710045637422323
0,0,0,1,1,1,1,1,1,1,0,0,0,0,0,0,0,0,0,1,0.781544677520463,0.7446053382066241,0,0.9,0.781544677520463,0.775209309414442,0.781544677520463,0.5985865019148741
0,0,1,1,1,1,1,1,1,1,0,0,0,0,0,0,0,0,0,1,0.777504361317671,0.671527174217248,0,0.9,0.777504361317671,0.902989578945428,0.777504361317671,0.654068215901396
0,0,0,0,0,1,1,1,1,1,0,0,0,0,1,1,1,1,1,1,0.532389162098955,0.5394232131517971,1,0.9,0.5394232131517971,0.646669129689356,0.529313512347807,0.5394232131517971
0,0,0,0,0,0,1,1,1,1,0,0,0,1,1,1,1,1,1,1,0.519608292424406,0.529665690091933,1,0.9,0.529665690091933,0.745306362973662,0.6013654847750711,0.529665690091933
0,0,0,0,1,1,1,1,1,1,0,1,1,1,1,1,1,1,1,1,0.397406794896713,0.39727100556768397,0,0.9,0.397406794896713,0.55957502191416,0.397406794896713,0.329052637712987
0,0,0,0,0,0,1,1,1,1,1,1,1,1,1,1,1,1,1,1,0.315172746665544,0.35701442469262196,1,0.9,0.35701442469262196,0.7667589266974151,0.36158675108592,0.35701442469262196
0,0,0,0,0,0,0,1,1,1,0,0,0,0,1,1,1,1,1,1,0.563547807322755,0.567856278414315,1,0.9,0.567856278414315,0.802075366014803,0.569728071122943,0.567856278414315
0,0,0,0,0,0,0,0,0,1,1,1,1,1,1,1,1,1,1,1,0.405271820562511,0.5073731947530971,1,0.9,0.5073731947530971,0.988550669593479,0.36158675108592,0.5073731947530971
0,0,0,0,0,0,0,1,1,1,0,0,0,0,0,0,0,0,0,1,0.8338498691566079,0.8262019973714058,1,0.9,0.8262019973714058,0.778531324985761,0.8035145128956959,0.8262019973714058
0,0,0,0,0,1,1,1,1,1,0,0,0,1,1,1,1,1,1,1,0.50643226381394,0.518404776976369,1,0.9,0.518404776976369,0.622974389433866,0.494599201668808,0.518404776976369
0,0,0,0,0,0,1,1,1,1,0,1,1,1,1,1,1,1,1,1,0.343502466423388,0.39646364534995293,1,0.9,0.39646364534995293,0.744934791030174,0.36158675108592,0.39646364534995293
0,0,0,0,0,0,0,0,1,1,1,1,1,1,1,1,1,1,1,1,0.337197179828526,0.42259086232568605,1,0.9,0.42259086232568605,0.9319796202891679,0.263967218121745,0.42259086232568605
0,0,0,0,0,0,0,0,0,1,0,0,0,0,0,0,0,0,1,1,0.8073257811449408,0.9127781865475669,1,0.9,0.9127781865475669,0.993969158300864,0.71289294957367,0.9127781865475669
0,0,1,1,1,1,1,1,1,1,0,0,1,1,1,1,1,1,1,1,0.42727006629782793,0.39560818011876897,0,0.9,0.42727006629782793,0.8113027277586421,0.42727006629782793,0.42993346849389097
0,0,0,0,0,0,0,0,1,1,0,0,0,0,0,0,0,1,1,1,0.6787769883030319,0.7565384993369692,1,0.9,0.7565384993369692,0.9494189163828531,0.7175454769354059,0.7565384993369692
0,0,0,0,0,0,0,1,1,1,0,0,0,0,0,1,1,1,1,1,0.6209613986353071,0.616151694144235,0,0.1,0.6209613986353071,0.322975729294617,0.6209613986353071,0.630755325290169
1,1,1,1,1,1,1,1,1,1,0,0,0,0,0,0,0,0,0,1,0.715142973327581,0.545191900823778,0,0.9,0.715142973327581,0.9901960511735242,0.715142973327581,0.654068215901396
0,1,1,1,1,1,1,1,1,1,1,1,1,1,1,1,1,1,1,1,0.25426209890782003,0.24005716958030898,0,0.9,0.25426209890782003,0.9103379513610209,0.25426209890782003,0.136773574972301
0,0,0,0,0,0,0,0,0,1,1,1,1,1,1,1,1,1,1,1,0.308744619303549,0.42481591814759395,1,0.9,0.42481591814759395,0.9774275807897529,0.245490880255565,0.42481591814759395
0,0,0,1,1,1,1,1,1,1,0,0,0,0,0,0,0,0,0,1,0.9543411888617809,0.867419571938391,0,0.9,0.9543411888617809,0.71516497071487,0.9543411888617809,0.5985865019148741
0,0,0,0,0,0,0,0,0,1,0,0,0,0,0,0,0,0,1,1,0.7673944450786642,0.8224461421327591,0,0.1,0.7673944450786642,0.0577126818434626,0.7673944450786642,0.9127781865475669
0,1,1,1,1,1,1,1,1,1,0,1,1,1,1,1,1,1,1,1,0.374277863983327,0.32062797299459,0,0.9,0.374277863983327,0.906939624026195,0.374277863983327,0.136773574972301
0,1,1,1,1,1,1,1,1,1,0,1,1,1,1,1,1,1,1,1,0.34768882784940996,0.271101726353116,0,0.9,0.34768882784940996,0.9512920515339509,0.34768882784940996,0.136773574972301
0,0,0,0,1,1,1,1,1,1,0,0,0,0,0,0,0,0,1,1,0.71289294957367,0.6783560363960621,0,0.9,0.71289294957367,0.5638628003536911,0.71289294957367,0.692900364278937
0,0,1,1,1,1,1,1,1,1,0,0,0,1,1,1,1,1,1,1,0.47338123017183403,0.403050470841721,0,0.9,0.47338123017183403,0.870865108823641,0.47338123017183403,0.395208269323115
0,0,0,0,0,0,0,1,1,1,0,0,0,0,0,0,1,1,1,1,0.659229234064923,0.7078371629064709,1,0.9,0.7078371629064709,0.84259149199741,0.692404419441604,0.7078371629064709
0,0,0,0,0,0,0,1,1,1,1,1,1,1,1,1,1,1,1,1,0.23510122022109603,0.325033610047527,1,0.9,0.325033610047527,0.800188660075025,0.20909070387216397,0.325033610047527
0,0,1,1,1,1,1,1,1,1,0,0,0,0,0,0,0,1,1,1,0.630187970457034,0.5805206382916539,0,0.9,0.630187970457034,0.8899273357601499,0.630187970457034,0.587078308111041
0,0,0,0,0,0,0,0,1,1,0,0,0,0,0,0,0,0,0,1,0.9004710826837221,0.922444064374585,1,0.9,0.922444064374585,0.954297506310374,0.8275133122893271,0.922444064374585
1,1,1,1,1,1,1,1,1,1,0,1,1,1,1,1,1,1,1,1,0.358107287088031,0.23262188399776298,0,0.9,0.358107287088031,0.9844402740657321,0.358107287088031,0.136773574972301
0,0,0,0,1,1,1,1,1,1,0,0,0,0,0,0,0,0,1,1,0.7026497383946879,0.692971219484182,0,0.9,0.7026497383946879,0.669478661256816,0.7026497383946879,0.529672887343144
0,0,0,0,0,0,0,1,1,1,0,0,0,0,0,0,0,0,0,1,0.815845942019875,0.834058537609059,1,0.9,0.834058537609059,0.858320529008788,0.81321363198375,0.834058537609059
0,0,0,0,0,0,1,1,1,1,0,0,0,0,0,0,0,0,1,1,0.7556223902770899,0.7354950732581559,1,0.9,0.7354950732581559,0.7311864018427031,0.7605090173539341,0.7354950732581559
0,0,0,0,0,0,0,0,0,1,1,1,1,1,1,1,1,1,1,1,0.247937134229315,0.3577973437303,1,0.9,0.3577973437303,0.9685461409950881,0.122526254707841,0.3577973437303
0,0,0,0,0,0,0,0,1,1,0,0,0,0,0,1,1,1,1,1,0.608258358809572,0.660964787176295,1,0.9,0.660964787176295,0.930039298838353,0.5799819831275921,0.660964787176295
0,0,1,1,1,1,1,1,1,1,0,0,0,0,0,0,0,1,1,1,0.636419874729421,0.587078308111041,1,0.1,0.587078308111041,0.0734808557697441,0.6581850305072,0.587078308111041
0,0,0,0,0,0,0,1,1,1,0,0,1,1,1,1,1,1,1,1,0.46208569389267695,0.49451867805251504,1,0.9,0.49451867805251504,0.876269069729152,0.42428270571356796,0.49451867805251504
0,1,1,1,1,1,1,1,1,1,0,0,0,0,0,0,1,1,1,1,0.584977113685004,0.49509586724090293,0,0.9,0.584977113685004,0.902840452112779,0.584977113685004,0.5543253647884671
0,0,0,0,0,1,1,1,1,1,0,0,0,0,1,1,1,1,1,1,0.527845191926822,0.5037874938235971,1,0.9,0.5037874938235971,0.570082260125302,0.529313512347807,0.5037874938235971
0,0,1,1,1,1,1,1,1,1,0,0,0,0,0,0,1,1,1,1,0.6149877673284749,0.514427328530193,0,0.9,0.6149877673284749,0.8774002266790829,0.6149877673284749,0.587078308111041
0,0,0,0,0,0,0,1,1,1,0,0,0,1,1,1,1,1,1,1,0.47879000369378405,0.554587328977513,1,0.9,0.554587328977513,0.8800751441037521,0.6013654847750711,0.554587328977513
0,0,0,0,0,0,0,0,0,1,0,0,0,0,0,0,1,1,1,1,0.6851417773479511,0.8207585945931959,1,0.9,0.8207585945931959,0.9952796195074791,0.6209613986353071,0.8207585945931959
0,0,0,1,1,1,1,1,1,1,0,0,0,1,1,1,1,1,1,1,0.47747326569758103,0.42993346849389097,1,0.1,0.42993346849389097,0.133891946107122,0.470829611559697,0.42993346849389097
0,1,1,1,1,1,1,1,1,1,0,0,0,0,0,0,1,1,1,1,0.548781006821225,0.45021277492243,0,0.9,0.548781006821225,0.961711896054348,0.548781006821225,0.5543253647884671
0,1,1,1,1,1,1,1,1,1,1,1,1,1,1,1,1,1,1,1,0.173406654936588,0.13200414108441197,0,0.9,0.173406654936588,0.9151845388368051,0.173406654936588,0.17683247929020302
0,0,0,0,0,1,1,1,1,1,0,0,0,0,0,1,1,1,1,1,0.5524066555663381,0.546499845552885,1,0.9,0.546499845552885,0.518420643328957,0.565656490841848,0.546499845552885
0,0,0,0,0,0,0,0,1,1,0,0,1,1,1,1,1,1,1,1,0.477776280479685,0.541069913683134,1,0.9,0.541069913683134,0.9143635334343359,0.42428270571356796,0.541069913683134
0,0,0,0,0,0,0,1,1,1,0,0,0,0,0,0,1,1,1,1,0.6499972047201171,0.654596587403087,1,0.9,0.654596587403087,0.7934376753066871,0.6209613986353071,0.654596587403087
0,1,1,1,1,1,1,1,1,1,0,0,0,0,0,0,0,1,1,1,0.596010643489282,0.520643974748928,0,0.9,0.596010643489282,0.9509594092525371,0.596010643489282,0.5543253647884671
1,1,1,1,1,1,1,1,1,1,0,1,1,1,1,1,1,1,1,1,0.343916162736144,0.18331031232042602,0,0.9,0.343916162736144,0.9913484625879191,0.343916162736144,0.136773574972301
0,0,0,0,0,0,0,0,0,1,0,0,0,0,1,1,1,1,1,1,0.63176752356363,0.767004221505146,1,0.9,0.767004221505146,0.995009027961749,0.6341319962066271,0.767004221505146
0,0,0,0,0,0,0,0,1,1,0,0,0,0,1,1,1,1,1,1,0.6035361941091221,0.628099110433625,1,0.9,0.628099110433625,0.9333318906378271,0.569728071122943,0.628099110433625
0,0,1,1,1,1,1,1,1,1,0,1,1,1,1,1,1,1,1,1,0.32157107107318,0.28944378631289397,1,0.1,0.28944378631289397,0.0888641355792694,0.319287872576872,0.28944378631289397
0,1,1,1,1,1,1,1,1,1,0,0,0,0,1,1,1,1,1,1,0.49819532943472206,0.431972671699641,0,0.9,0.49819532943472206,0.9157125377388521,0.49819532943472206,0.38728383096962293
0,0,0,0,0,1,1,1,1,1,0,0,0,0,0,0,0,1,1,1,0.684908417253782,0.664464081376845,0,0.1,0.684908417253782,0.6146834023904499,0.684908417253782,0.687289285441933
0,0,1,1,1,1,1,1,1,1,1,1,1,1,1,1,1,1,1,1,0.307816695841355,0.265596203567478,0,0.9,0.307816695841355,0.8428828031462958,0.307816695841355,0.28944378631289397
0,0,0,0,1,1,1,1,1,1,1,1,1,1,1,1,1,1,1,1,0.0128677494610058,0.100898963854056,0,0.9,0.0128677494610058,0.5509757654004671,0.0128677494610058,0.286888798409349
1,1,1,1,1,1,1,1,1,1,0,1,1,1,1,1,1,1,1,1,0.337580350804132,0.252542150543457,0,0.9,0.337580350804132,0.969351971300448,0.337580350804132,0.136773574972301
0,0,0,0,0,1,1,1,1,1,0,0,1,1,1,1,1,1,1,1,0.47545817907551197,0.48757155315944106,1,0.9,0.48757155315944106,0.617578574984311,0.46076772687267104,0.48757155315944106
0,0,0,0,0,0,0,1,1,1,0,0,0,0,0,0,0,0,1,1,0.709242731905635,0.751687799987255,1,0.9,0.751687799987255,0.8695552973501651,0.71289294957367,0.751687799987255
0,0,0,1,1,1,1,1,1,1,0,0,0,0,0,1,1,1,1,1,0.5889593028923671,0.53825950482643,0,0.9,0.5889593028923671,0.730532511739486,0.5889593028923671,0.59958694625493
0,0,0,0,1,1,1,1,1,1,0,0,0,0,1,1,1,1,1,1,0.529313512347807,0.530779354045636,0,0.9,0.529313512347807,0.559735389988439,0.529313512347807,0.5112592283785711
0,0,1,1,1,1,1,1,1,1,1,1,1,1,1,1,1,1,1,1,0.10774924906216803,0.111388062192831,0,0.9,0.10774924906216803,0.8236768381406371,0.10774924906216803,0.28944378631289397
0,0,1,1,1,1,1,1,1,1,1,1,1,1,1,1,1,1,1,1,0.3275150180168,0.251662086539496,0,0.9,0.3275150180168,0.8402187935874821,0.3275150180168,0.28944378631289397
0,0,0,0,0,1,1,1,1,1,0,0,0,0,0,0,1,1,1,1,0.611007792675026,0.624821239103725,1,0.9,0.624821239103725,0.6176269440067199,0.611280379584064,0.624821239103725
0,0,0,0,1,1,1,1,1,1,0,0,0,0,0,0,1,1,1,1,0.6246882463996309,0.613526589161532,0,0.9,0.6246882463996309,0.608350000965494,0.6246882463996309,0.615337995679135
0,0,0,0,0,0,0,1,1,1,0,0,0,0,0,0,1,1,1,1,0.647237233149503,0.6529346382579471,1,0.9,0.6529346382579471,0.80666435592997,0.6209613986353071,0.6529346382579471
0,0,1,1,1,1,1,1,1,1,0,0,0,1,1,1,1,1,1,1,0.494599201668808,0.439479172088705,0,0.9,0.494599201668808,0.8053716439380979,0.494599201668808,0.42993346849389097
0,0,0,0,0,0,0,0,1,1,0,0,0,0,0,0,1,1,1,1,0.6571444098965661,0.712865065011924,1,0.9,0.712865065011924,0.930785142680241,0.6209613986353071,0.712865065011924
0,0,0,0,0,0,0,0,0,1,0,0,0,0,0,0,1,1,1,1,0.7098617583390121,0.796868864518811,1,0.9,0.796868864518811,0.9869514269137271,0.6209613986353071,0.796868864518811
0,0,1,1,1,1,1,1,1,1,0,0,0,0,0,0,0,0,0,1,0.9410016513499191,0.8213828055212359,0,0.9,0.9410016513499191,0.877030795249815,0.9410016513499191,0.5985865019148741
0,0,0,0,0,0,1,1,1,1,0,0,0,0,0,1,1,1,1,1,0.576328025671099,0.589461452563259,1,0.9,0.589461452563259,0.670155255250655,0.562725043990994,0.589461452563259
0,0,0,1,1,1,1,1,1,1,1,1,1,1,1,1,1,1,1,1,0.319287872576872,0.326955323175629,0,0.9,0.319287872576872,0.702127577663476,0.319287872576872,0.28944378631289397
0,0,0,0,0,1,1,1,1,1,1,1,1,1,1,1,1,1,1,1,0.283423079039531,0.336388464446864,1,0.9,0.336388464446864,0.5586339742031879,0.263967218121745,0.336388464446864
0,0,0,0,1,1,1,1,1,1,0,1,1,1,1,1,1,1,1,1,0.406962317591687,0.427504629740294,0,0.9,0.406962317591687,0.5383282507004921,0.406962317591687,0.329052637712987
0,1,1,1,1,1,1,1,1,1,0,0,0,0,0,0,0,0,0,1,0.908990793104596,0.784830244435752,0,0.9,0.908990793104596,0.9625365032214291,0.908990793104596,0.5985865019148741
0,0,0,0,0,0,1,1,1,1,0,0,0,0,0,0,0,1,1,1,0.66715560841636,0.698755045109008,1,0.9,0.698755045109008,0.703928862248779,0.684908417253782,0.698755045109008
1,1,1,1,1,1,1,1,1,1,1,1,1,1,1,1,1,1,1,1,0.255516099100641,0.136773574972301,1,0.1,0.136773574972301,0.0073399503313817905,0.210102763356071,0.136773574972301
0,0,0,0,0,0,0,0,0,1,0,0,0,0,1,1,1,1,1,1,0.639610859832403,0.8105952982483939,1,0.9,0.8105952982483939,0.9990440405061599,0.545017777651236,0.8105952982483939
1,1,1,1,1,1,1,1,1,1,1,1,1,1,1,1,1,1,1,1,0.280658264048918,0.195407693496951,0,0.9,0.280658264048918,0.966194600208,0.280658264048918,0.136773574972301
0,1,1,1,1,1,1,1,1,1,1,1,1,1,1,1,1,1,1,1,0.264381367147834,0.219028504490425,0,0.9,0.264381367147834,0.9119039762002851,0.264381367147834,0.136773574972301
0,0,0,0,0,0,0,1,1,1,0,0,0,0,0,0,0,0,1,1,0.7972929077541719,0.772419732600081,1,0.9,0.772419732600081,0.865790004913197,0.81321363198375,0.772419732600081
0,0,0,0,0,0,0,0,0,1,0,0,0,0,1,1,1,1,1,1,0.5991250105201861,0.678393708206048,1,0.9,0.678393708206048,0.96242333676639,0.569728071122943,0.678393708206048
0,0,1,1,1,1,1,1,1,1,1,1,1,1,1,1,1,1,1,1,0.316311447196997,0.273827708789251,0,0.9,0.316311447196997,0.80113704168082,0.316311447196997,0.28944378631289397
0,0,0,0,0,0,0,0,1,1,0,0,0,0,0,0,0,1,1,1,0.7417755933768659,0.769567007433738,1,0.9,0.769567007433738,0.911745444894271,0.692404419441604,0.769567007433738
0,0,0,0,0,0,0,0,1,1,0,0,0,0,0,0,0,0,1,1,0.7534675094674531,0.8244812245677571,1,0.9,0.8244812245677571,0.9597781915966239,0.7673944450786642,0.8244812245677571
0,0,0,0,0,0,0,0,0,1,0,1,1,1,1,1,1,1,1,1,0.387478413874307,0.524135252600516,1,0.9,0.524135252600516,0.9793892782894279,0.36158675108592,0.524135252600516
0,0,0,0,0,0,0,0,0,1,1,1,1,1,1,1,1,1,1,1,0.3993565180480871,0.526488828063188,1,0.9,0.526488828063188,0.9769992463919229,0.36158675108592,0.526488828063188
0,0,1,1,1,1,1,1,1,1,0,1,1,1,1,1,1,1,1,1,0.338848149054965,0.27994116051131396,0,0.9,0.338848149054965,0.882759291493624,0.338848149054965,0.329052637712987
1,1,1,1,1,1,1,1,1,1,1,1,1,1,1,1,1,1,1,1,0.15973290061639098,0.0497255278409823,0,0.9,0.15973290061639098,0.99422481845402,0.15973290061639098,0.17683247929020302
0,1,1,1,1,1,1,1,1,1,0,0,0,0,1,1,1,1,1,1,0.5131804220303421,0.403157233427929,0,0.9,0.5131804220303421,0.9480577293339171,0.5131804220303421,0.5112592283785711
1,1,1,1,1,1,1,1,1,1,0,0,0,0,0,0,1,1,1,1,0.5703782550575021,0.42189428979799004,0,0.9,0.5703782550575021,0.98686601875409,0.5703782550575021,0.5543253647884671
0,0,0,0,0,0,1,1,1,1,0,0,0,0,0,1,1,1,1,1,0.5872370347262901,0.604267382535754,1,0.9,0.604267382535754,0.694336346587402,0.5889593028923671,0.604267382535754
1,1,1,1,1,1,1,1,1,1,0,0,1,1,1,1,1,1,1,1,0.31388121180473,0.13006252053453699,0,0.9,0.31388121180473,0.999498665156303,0.31388121180473,0.395208269323115
1,1,1,1,1,1,1,1,1,1,0,0,0,0,0,0,0,1,1,1,0.589228604906876,0.49166695385526,0,0.9,0.589228604906876,0.9828420863017371,0.589228604906876,0.5543253647884671
0,0,0,0,0,0,1,1,1,1,0,1,1,1,1,1,1,1,1,1,0.36158675108592,0.37244110658644,0,0.1,0.36158675108592,0.43025566195413,0.36158675108592,0.393428789698946
0,0,0,0,0,0,0,0,1,1,0,0,0,0,0,0,0,0,1,1,0.7410220703268159,0.756387815371933,1,0.9,0.756387815371933,0.9232038440363101,0.71289294957367,0.756387815371933
0,0,0,0,0,1,1,1,1,1,1,1,1,1,1,1,1,1,1,1,0.37078914810040997,0.370611488080034,1,0.9,0.370611488080034,0.6520010597669771,0.36158675108592,0.370611488080034
0,0,0,0,0,0,0,0,0,1,0,1,1,1,1,1,1,1,1,1,0.46904533479639204,0.556846070384378,1,0.9,0.556846070384378,0.971342052193384,0.42997872890742295,0.556846070384378
0,0,0,0,0,1,1,1,1,1,0,0,0,0,0,0,0,0,0,1,0.906603573250173,0.8167091572562709,1,0.9,0.8167091572562709,0.533537482395179,0.8931475082037109,0.8167091572562709
0,0,0,0,0,0,1,1,1,1,0,0,0,0,0,0,1,1,1,1,0.654347707836922,0.6554411915240971,1,0.9,0.6554411915240971,0.781615805668185,0.6209613986353071,0.6554411915240971
0,0,1,1,1,1,1,1,1,1,0,0,0,0,0,0,0,0,1,1,0.738696006182729,0.6361501211793771,1,0.1,0.6361501211793771,0.0925681115947559,0.7472160903369041,0.6361501211793771
0,0,1,1,1,1,1,1,1,1,0,0,1,1,1,1,1,1,1,1,0.409674263317326,0.35774900352001204,0,0.9,0.409674263317326,0.867617196623184,0.409674263317326,0.395208269323115
1,1,1,1,1,1,1,1,1,1,0,0,0,0,1,1,1,1,1,1,0.49618316722068495,0.39187755338993296,0,0.9,0.49618316722068495,0.967771766439831,0.49618316722068495,0.38728383096962293
0,0,0,0,0,0,1,1,1,1,1,1,1,1,1,1,1,1,1,1,0.34132950644866994,0.40810734761763395,1,0.9,0.40810734761763395,0.777369663457244,0.36158675108592,0.40810734761763395
0,0,0,0,0,0,0,1,1,1,0,0,0,0,0,0,1,1,1,1,0.6523644792182289,0.65256411580936,1,0.9,0.65256411580936,0.862228334119004,0.6209613986353071,0.65256411580936
0,0,1,1,1,1,1,1,1,1,0,0,0,0,0,0,0,0,0,1,0.762291442575972,0.700047954596675,0,0.9,0.762291442575972,0.8500248513668691,0.762291442575972,0.654068215901396
0,0,0,0,0,1,1,1,1,1,0,0,0,0,0,0,0,0,1,1,0.7470952512640608,0.746327972683837,1,0.9,0.746327972683837,0.632540511614447,0.7605090173539341,0.746327972683837
1,1,1,1,1,1,1,1,1,1,0,0,0,0,0,0,0,1,1,1,0.6290414419516371,0.47947134116986995,0,0.9,0.6290414419516371,0.968051768026166,0.6290414419516371,0.5543253647884671
0,0,0,0,0,0,0,0,0,1,0,1,1,1,1,1,1,1,1,1,0.4278244233380739,0.531501350917264,1,0.9,0.531501350917264,0.9831416623453041,0.428621354572127,0.531501350917264
0,0,0,0,0,0,0,1,1,1,0,0,0,0,0,0,1,1,1,1,0.606848628572756,0.679344666074395,1,0.9,0.679344666074395,0.872746994022393,0.6209613986353071,0.679344666074395
1,1,1,1,1,1,1,1,1,1,0,0,1,1,1,1,1,1,1,1,0.350413373447591,0.213949924196618,0,0.9,0.350413373447591,0.9928481665165091,0.350413373447591,0.395208269323115
0,0,0,0,0,1,1,1,1,1,0,0,0,0,0,0,1,1,1,1,0.611280379584064,0.5882382139750749,0,0.1,0.611280379584064,0.5877708013028959,0.611280379584064,0.584802865421384
0,1,1,1,1,1,1,1,1,1,0,0,0,0,0,1,1,1,1,1,0.5573848748417309,0.4255202980140921,0,0.9,0.5573848748417309,0.9637887169972751,0.5573848748417309,0.5543253647884671
0,0,0,0,1,1,1,1,1,1,0,0,0,0,0,0,0,0,0,1,0.9489000155655358,0.850039854235551,0,0.9,0.9489000155655358,0.620110407223551,0.9489000155655358,0.737920142458598
0,0,0,0,0,0,0,1,1,1,0,0,0,0,0,0,0,0,1,1,0.7306716646060359,0.7427401351188521,1,0.9,0.7427401351188521,0.796955822760387,0.71289294957367,0.7427401351188521
0,0,0,0,0,0,0,1,1,1,0,0,0,0,0,0,0,0,0,1,0.7867919295892991,0.7994467670800459,1,0.9,0.7994467670800459,0.78945578164102,0.8035145128956959,0.7994467670800459
0,0,0,0,1,1,1,1,1,1,0,0,0,0,0,0,0,1,1,1,0.638574921881624,0.604778693579739,0,0.9,0.638574921881624,0.591812212916641,0.638574921881624,0.642742218360264
0,0,0,0,0,0,0,0,1,1,0,0,0,0,0,0,0,0,1,1,0.7788496708218711,0.867675524722445,0,0.1,0.7788496708218711,0.0780578636081135,0.7788496708218711,0.8244812245677571
0,0,1,1,1,1,1,1,1,1,0,0,0,0,1,1,1,1,1,1,0.497727613633639,0.47236399581803096,0,0.9,0.497727613633639,0.8108353061035821,0.497727613633639,0.42993346849389097
0,0,0,1,1,1,1,1,1,1,0,0,0,0,0,0,0,0,0,1,0.784387415204439,0.7086715663381541,0,0.9,0.784387415204439,0.802852857400765,0.784387415204439,0.654068215901396
0,0,0,0,0,1,1,1,1,1,0,0,0,0,0,1,1,1,1,1,0.546060912160858,0.557011163817925,1,0.9,0.557011163817925,0.5944223621566639,0.5637110300196421,0.557011163817925
0,0,1,1,1,1,1,1,1,1,0,0,0,0,0,0,0,1,1,1,0.636702128354896,0.557798531137103,0,0.9,0.636702128354896,0.892619993634395,0.636702128354896,0.587078308111041
0,1,1,1,1,1,1,1,1,1,0,0,0,0,0,0,0,0,1,1,0.690183001569851,0.5578393465877399,0,0.9,0.690183001569851,0.964843156579585,0.690183001569851,0.529672887343144
0,0,0,0,0,1,1,1,1,1,0,0,0,0,0,1,1,1,1,1,0.5669571669718679,0.5566443910393679,1,0.9,0.5566443910393679,0.49676365418109103,0.547465854379346,0.5566443910393679
0,0,0,0,0,0,0,1,1,1,0,0,0,1,1,1,1,1,1,1,0.532048522090168,0.550394655974785,1,0.9,0.550394655974785,0.878795040164693,0.6013654847750711,0.550394655974785
0,0,0,0,0,0,1,1,1,1,0,0,0,0,0,1,1,1,1,1,0.601873882354797,0.585589239877411,1,0.9,0.585589239877411,0.67856977254222,0.562725043990994,0.585589239877411
0,0,0,0,0,0,0,0,1,1,0,0,0,0,0,0,0,0,0,1,0.8035145128956959,0.857414267182408,0,0.1,0.8035145128956959,0.15782819956923497,0.8035145128956959,0.869072924437689
1,1,1,1,1,1,1,1,1,1,0,0,0,0,0,1,1,1,1,1,0.510076520643602,0.38758833485555,0,0.9,0.510076520643602,0.9766726692820481,0.510076520643602,0.5112592283785711
0,0,0,1,1,1,1,1,1,1,0,0,0,0,0,0,0,0,1,1,0.746200730538167,0.657408877155515,0,0.9,0.746200730538167,0.746552866106832,0.746200730538167,0.529672887343144
0,0,0,0,0,0,0,0,1,1,0,0,0,0,0,0,1,1,1,1,0.6820121528882751,0.737697275061167,1,0.9,0.737697275061167,0.933337168512024,0.6209613986353071,0.737697275061167
0,0,0,0,0,0,0,0,1,1,0,1,1,1,1,1,1,1,1,1,0.41105963336547596,0.511576242935308,1,0.9,0.511576242935308,0.9523611955343599,0.36158675108592,0.511576242935308
1,1,1,1,1,1,1,1,1,1,0,1,1,1,1,1,1,1,1,1,0.299001527780845,0.17396836471543398,1,0.1,0.17396836471543398,0.00286354531616105,0.30020019973270895,0.17396836471543398
0,1,1,1,1,1,1,1,1,1,1,1,1,1,1,1,1,1,1,1,0.23666632981292499,0.17683247929020302,1,0.1,0.17683247929020302,0.0330744788539745,0.281568434547524,0.17683247929020302
1,1,1,1,1,1,1,1,1,1,0,0,0,0,0,0,0,0,1,1,0.712040080805895,0.563758031998432,0,0.9,0.712040080805895,0.980760200212145,0.712040080805895,0.6361501211793771
0,0,0,0,0,0,0,0,0,1,0,0,0,0,0,0,0,0,1,1,0.798873280810533,0.8872583881268861,0,0.1,0.798873280810533,0.0364453553249313,0.798873280810533,0.8452295631911569
0,0,0,0,0,0,1,1,1,1,0,0,0,0,0,0,0,0,1,1,0.7993210211724701,0.7856616009814771,1,0.9,0.7856616009814771,0.746546916901256,0.81321363198375,0.7856616009814771
0,0,0,0,0,1,1,1,1,1,0,0,0,0,0,0,0,0,1,1,0.710157025306466,0.692900364278937,1,0.9,0.692900364278937,0.49200615663233005,0.71289294957367,0.692900364278937
0,0,1,1,1,1,1,1,1,1,0,0,0,0,0,0,0,1,1,1,0.638295844264062,0.603701991765246,0,0.9,0.638295844264062,0.8401001173586479,0.638295844264062,0.58450350862736
1,1,1,1,1,1,1,1,1,1,0,0,0,0,0,0,0,1,1,1,0.6363491836851141,0.4969860567911071,0,0.9,0.6363491836851141,0.97653862199258,0.6363491836851141,0.58450350862736
0,0,0,0,0,0,0,1,1,1,1,1,1,1,1,1,1,1,1,1,0.29880849968475104,0.396947234440808,1,0.9,0.396947234440808,0.7969384262248309,0.36158675108592,0.396947234440808
0,0,0,0,0,0,0,0,0,1,0,0,0,0,0,0,0,0,1,1,0.79554988117103,0.90192414082614,1,0.9,0.90192414082614,0.994576657636001,0.71289294957367,0.90192414082614
0,0,0,0,0,0,0,0,0,1,0,0,0,0,1,1,1,1,1,1,0.575936319771256,0.684251687165589,1,0.9,0.684251687165589,0.985124077223403,0.569728071122943,0.684251687165589
0,0,0,0,0,0,0,0,0,1,0,0,0,0,0,0,0,1,1,1,0.7648210818549259,0.8594039416326079,1,0.9,0.8594039416326079,0.9945774817179329,0.7175454769354059,0.8594039416326079
0,0,0,0,1,1,1,1,1,1,0,0,1,1,1,1,1,1,1,1,0.44190212704096704,0.43881776073162704,0,0.9,0.44190212704096704,0.5196098094017321,0.44190212704096704,0.460229180520457
0,0,0,0,0,0,1,1,1,1,0,0,0,0,0,0,0,1,1,1,0.656477904453893,0.6746305981358969,1,0.9,0.6746305981358969,0.692691404775452,0.684908417253782,0.6746305981358969
0,0,0,0,0,0,0,0,0,1,1,1,1,1,1,1,1,1,1,1,0.38630176859040505,0.57982598651077,1,0.9,0.57982598651077,0.9969339032458701,0.36158675108592,0.57982598651077
0,0,0,0,0,1,1,1,1,1,0,0,0,0,0,0,0,0,1,1,0.7784005971312541,0.745361561095371,1,0.9,0.745361561095371,0.517404173051287,0.735530854343318,0.745361561095371
0,0,1,1,1,1,1,1,1,1,0,0,0,0,0,0,1,1,1,1,0.569564621085534,0.495735086499058,0,0.9,0.569564621085534,0.8798583443912071,0.569564621085534,0.587078308111041
0,0,0,0,0,0,1,1,1,1,0,0,0,0,1,1,1,1,1,1,0.547133343687622,0.54190793447904,1,0.9,0.54190793447904,0.6884809510269999,0.529313512347807,0.54190793447904
0,0,0,0,0,1,1,1,1,1,0,0,1,1,1,1,1,1,1,1,0.410394130242484,0.460229180520457,1,0.9,0.460229180520457,0.5181409835677029,0.42428270571356796,0.460229180520457
0,0,0,0,0,0,0,1,1,1,0,0,0,0,0,1,1,1,1,1,0.614148991991615,0.630755325290169,1,0.9,0.630755325290169,0.798390968111862,0.6209613986353071,0.630755325290169
0,0,0,0,0,0,1,1,1,1,0,1,1,1,1,1,1,1,1,1,0.391630531114278,0.43422013888024896,1,0.9,0.43422013888024896,0.690022206357782,0.428621354572127,0.43422013888024896
0,0,0,0,1,1,1,1,1,1,0,0,0,0,0,0,0,0,0,1,0.946876070134866,0.892661789371462,0,0.9,0.946876070134866,0.589941609239856,0.946876070134866,0.737920142458598
0,0,0,0,0,0,1,1,1,1,1,1,1,1,1,1,1,1,1,1,0.245490880255565,0.296228236109695,0,0.1,0.245490880255565,0.48242713046980895,0.245490880255565,0.325033610047527
0,0,0,0,0,0,0,1,1,1,0,0,0,0,0,1,1,1,1,1,0.6528332158917011,0.666651543850685,1,0.9,0.666651543850685,0.880621762309969,0.6209613986353071,0.666651543850685
0,0,0,0,0,0,0,1,1,1,0,1,1,1,1,1,1,1,1,1,0.39011507538435497,0.449327283568644,1,0.9,0.449327283568644,0.794402876827181,0.42997872890742295,0.449327283568644
0,0,0,0,1,1,1,1,1,1,0,0,0,0,0,0,1,1,1,1,0.615435987600192,0.5782071312332591,0,0.9,0.615435987600192,0.666965393946273,0.615435987600192,0.615337995679135
1,1,1,1,1,1,1,1,1,1,0,0,0,0,1,1,1,1,1,1,0.446582470927503,0.291151497620201,0,0.9,0.446582470927503,0.991468485191958,0.446582470927503,0.38728383096962293
0,0,0,0,0,0,1,1,1,1,0,0,0,0,1,1,1,1,1,1,0.56371022680398,0.564853437493044,1,0.9,0.564853437493044,0.7415522099452859,0.569728071122943,0.564853437493044
0,0,0,0,0,0,0,0,1,1,0,0,0,0,0,0,1,1,1,1,0.6899792941260711,0.7328972446466858,1,0.9,0.7328972446466858,0.955780636496212,0.7175454769354059,0.7328972446466858
0,1,1,1,1,1,1,1,1,1,0,0,0,0,0,1,1,1,1,1,0.513960304846072,0.39351502420269197,0,0.9,0.513960304846072,0.9555849741071141,0.513960304846072,0.5112592283785711
0,0,0,0,1,1,1,1,1,1,0,0,0,0,0,0,1,1,1,1,0.6348141147703311,0.615337995679135,1,0.1,0.615337995679135,0.29651883910047,0.6492866418377571,0.615337995679135
0,0,1,1,1,1,1,1,1,1,0,0,0,0,0,0,0,1,1,1,0.6581850305072,0.582624461027012,0,0.9,0.6581850305072,0.8681543186269921,0.6581850305072,0.587078308111041
1,1,1,1,1,1,1,1,1,1,0,0,0,0,0,0,0,1,1,1,0.561237683492173,0.459089654990633,0,0.9,0.561237683492173,0.966956619449623,0.561237683492173,0.5543253647884671
0,0,0,0,0,0,1,1,1,1,0,0,0,0,0,0,0,0,0,1,0.830543683792937,0.831815648751246,1,0.9,0.831815648751246,0.730128666268399,0.8275133122893271,0.831815648751246
0,0,0,1,1,1,1,1,1,1,0,0,0,0,0,0,0,0,1,1,0.7605090173539341,0.6678664903950451,0,0.9,0.7605090173539341,0.7313042851909349,0.7605090173539341,0.529672887343144
0,0,1,1,1,1,1,1,1,1,0,0,0,0,0,0,0,0,0,1,0.8656161680237329,0.727675205791723,0,0.9,0.8656161680237329,0.880307295024905,0.8656161680237329,0.5985865019148741
0,0,0,0,0,0,0,0,1,1,0,0,0,0,0,0,0,0,0,1,0.8621177766091851,0.875570346683071,1,0.9,0.875570346683071,0.909556997956837,0.8035145128956959,0.875570346683071
0,0,0,0,0,0,0,0,0,1,0,0,0,0,0,0,0,0,0,1,0.844266624854897,0.896075321604327,1,0.9,0.896075321604327,0.9716180798968349,0.798873280810533,0.896075321604327
0,0,0,1,1,1,1,1,1,1,0,0,0,0,0,0,1,1,1,1,0.5981571830846889,0.561051944381014,0,0.9,0.5981571830846889,0.797456534487231,0.5981571830846889,0.587078308111041
1,1,1,1,1,1,1,1,1,1,0,0,0,1,1,1,1,1,1,1,0.436642522654756,0.27554591263051503,0,0.9,0.436642522654756,0.9937839549401299,0.436642522654756,0.395208269323115
0,0,0,0,0,0,0,0,1,1,0,0,1,1,1,1,1,1,1,1,0.5058773148979749,0.588148404580857,1,0.9,0.588148404580857,0.9142488338511451,0.46076772687267104,0.588148404580857
0,0,0,0,0,0,0,1,1,1,0,0,1,1,1,1,1,1,1,1,0.465483677360283,0.506006246266843,1,0.9,0.506006246266843,0.792430812985673,0.44190212704096704,0.506006246266843
0,0,0,0,0,0,0,0,1,1,0,0,0,0,0,0,0,1,1,1,0.7153534710622691,0.744057042194968,1,0.9,0.744057042194968,0.9358995248623889,0.7175454769354059,0.744057042194968
1,1,1,1,1,1,1,1,1,1,1,1,1,1,1,1,1,1,1,1,0.122526254707841,0.0697292130632383,0,0.9,0.122526254707841,0.9735155172899409,0.122526254707841,0.17683247929020302
0,0,0,0,0,0,1,1,1,1,0,0,0,0,0,0,0,0,0,1,0.8581798739814329,0.836254270308689,1,0.9,0.836254270308689,0.638024450612006,0.8275133122893271,0.836254270308689
0,0,0,0,0,0,0,1,1,1,1,1,1,1,1,1,1,1,1,1,0.288065334320237,0.339102892471165,1,0.9,0.339102892471165,0.8727956695696341,0.20909070387216397,0.339102892471165
0,0,0,0,1,1,1,1,1,1,0,0,0,0,0,0,1,1,1,1,0.616454558225324,0.582213942382818,0,0.9,0.616454558225324,0.5651751581141121,0.616454558225324,0.615337995679135
0,0,0,0,0,0,1,1,1,1,0,0,0,0,0,0,1,1,1,1,0.615618134897091,0.6435537248741271,1,0.9,0.6435537248741271,0.674692002925296,0.611280379584064,0.6435537248741271
0,0,0,0,0,0,1,1,1,1,0,0,0,0,0,0,1,1,1,1,0.6374716213929781,0.62216257932858,1,0.9,0.62216257932858,0.654436228819674,0.611280379584064,0.62216257932858
1,1,1,1,1,1,1,1,1,1,0,0,0,1,1,1,1,1,1,1,0.416595941617421,0.184417038304166,0,0.9,0.416595941617421,0.9996165763603091,0.416595941617421,0.38728383096962293
0,0,0,0,1,1,1,1,1,1,0,0,1,1,1,1,1,1,1,1,0.43568176562224104,0.43690391060257705,0,0.9,0.43568176562224104,0.567351751553112,0.43568176562224104,0.441272064695974
0,0,0,0,0,0,0,1,1,1,0,0,0,0,0,0,0,0,0,1,0.912951201590207,0.896383126189045,1,0.9,0.896383126189045,0.7865684356865741,0.8931475082037109,0.896383126189045
0,1,1,1,1,1,1,1,1,1,1,1,1,1,1,1,1,1,1,1,0.281568434547524,0.23164793897854802,0,0.9,0.281568434547524,0.947510315886925,0.281568434547524,0.136773574972301
0,0,0,0,0,0,0,0,1,1,0,1,1,1,1,1,1,1,1,1,0.443619321777045,0.538131348599198,1,0.9,0.538131348599198,0.9458540480489309,0.42997872890742295,0.538131348599198
0,0,0,0,1,1,1,1,1,1,0,1,1,1,1,1,1,1,1,1,0.35290674970543495,0.3923601824450061,0,0.9,0.35290674970543495,0.533242250035835,0.35290674970543495,0.286888798409349
0,1,1,1,1,1,1,1,1,1,0,0,0,0,0,0,0,0,0,1,0.748877278144193,0.63183410140772,0,0.9,0.748877278144193,0.9350799514686909,0.748877278144193,0.654068215901396
0,0,0,0,0,1,1,1,1,1,0,0,0,0,1,1,1,1,1,1,0.520346555258556,0.5278392107446,1,0.9,0.5278392107446,0.505639766931805,0.537338338228035,0.5278392107446
0,0,0,1,1,1,1,1,1,1,0,0,0,0,0,1,1,1,1,1,0.565656490841848,0.5068884580078571,0,0.9,0.565656490841848,0.7025674181678789,0.565656490841848,0.5112592283785711
0,0,0,0,0,0,0,0,1,1,0,1,1,1,1,1,1,1,1,1,0.429308960168989,0.514104208317224,1,0.9,0.514104208317224,0.9472482776690949,0.428621354572127,0.514104208317224
0,0,0,0,1,1,1,1,1,1,0,0,1,1,1,1,1,1,1,1,0.41389872190051297,0.41128013858953105,0,0.9,0.41389872190051297,0.5771133410227479,0.41389872190051297,0.441272064695974
0,0,0,0,0,1,1,1,1,1,0,0,0,0,0,0,0,1,1,1,0.646939535387673,0.642742218360264,1,0.9,0.642742218360264,0.557473155777817,0.684908417253782,0.642742218360264
1,1,1,1,1,1,1,1,1,1,0,1,1,1,1,1,1,1,1,1,0.266065069043445,0.18610270701856,0,0.9,0.266065069043445,0.9893613654070699,0.266065069043445,0.136773574972301
1,1,1,1,1,1,1,1,1,1,0,0,0,0,0,1,1,1,1,1,0.44656414491176294,0.34079054213940196,0,0.9,0.44656414491176294,0.994255157130211,0.44656414491176294,0.5112592283785711
0,0,0,0,0,0,1,1,1,1,0,0,0,1,1,1,1,1,1,1,0.5269715978949979,0.5173188988562739,1,0.9,0.5173188988562739,0.652272748698713,0.474116791531075,0.5173188988562739
0,0,0,0,1,1,1,1,1,1,0,0,0,0,0,0,0,0,0,1,0.735530854343318,0.7137534867945542,0,0.9,0.735530854343318,0.52263522292664,0.735530854343318,0.737920142458598
0,0,0,0,0,0,1,1,1,1,0,0,0,1,1,1,1,1,1,1,0.514188304223248,0.548720871623878,1,0.9,0.548720871623878,0.759877929469243,0.6013654847750711,0.548720871623878
0,0,1,1,1,1,1,1,1,1,0,0,0,0,0,1,1,1,1,1,0.562480078944401,0.490726732642724,0,0.9,0.562480078944401,0.8547193931354811,0.562480078944401,0.587078308111041
0,0,0,0,0,0,0,0,0,1,0,0,0,0,0,0,0,0,0,1,0.848540039055855,0.9074714763503859,1,0.9,0.9074714763503859,0.9661496547584679,0.8035145128956959,0.9074714763503859
0,0,0,0,0,0,1,1,1,1,0,0,0,0,0,1,1,1,1,1,0.5907501210957111,0.588598493835416,1,0.9,0.588598493835416,0.64992095192791,0.5889593028923671,0.588598493835416
0,0,0,0,1,1,1,1,1,1,0,0,0,0,0,0,0,0,0,1,0.913306268153075,0.864246787805624,0,0.9,0.913306268153075,0.6068744683400961,0.913306268153075,0.737920142458598
0,0,0,0,0,0,0,0,0,1,0,0,0,0,0,0,0,1,1,1,0.7573991705099241,0.776409571418676,1,0.9,0.776409571418676,0.9615858154299051,0.7175454769354059,0.776409571418676
0,0,0,0,0,0,0,0,1,1,1,1,1,1,1,1,1,1,1,1,0.37095338925488003,0.4296588987928449,1,0.9,0.4296588987928449,0.913523255357649,0.36158675108592,0.4296588987928449
0,0,0,0,0,0,0,0,0,1,0,0,0,0,1,1,1,1,1,1,0.588818827909333,0.6713329737209681,1,0.9,0.6713329737209681,0.9849789268636819,0.569728071122943,0.6713329737209681
0,0,1,1,1,1,1,1,1,1,0,0,0,0,0,1,1,1,1,1,0.522558047906475,0.44087546769619107,0,0.9,0.522558047906475,0.8994603153403771,0.522558047906475,0.5543253647884671
0,0,0,0,0,1,1,1,1,1,0,0,0,0,0,0,0,0,0,1,0.9634760122283851,0.912976418328646,1,0.9,0.912976418328646,0.557928415079666,0.913306268153075,0.912976418328646
0,0,0,0,0,1,1,1,1,1,0,0,0,0,1,1,1,1,1,1,0.551559257235034,0.5284257367195411,1,0.9,0.5284257367195411,0.641320520360355,0.529313512347807,0.5284257367195411
0,0,0,0,0,0,0,0,1,1,0,0,0,0,1,1,1,1,1,1,0.57065000479512,0.5910840645594421,1,0.9,0.5910840645594421,0.898759948541027,0.569728071122943,0.5910840645594421
0,0,1,1,1,1,1,1,1,1,1,1,1,1,1,1,1,1,1,1,0.255530780980216,0.180854810169047,0,0.9,0.255530780980216,0.894672221362101,0.255530780980216,0.28944378631289397
0,0,0,0,0,0,0,0,0,1,0,1,1,1,1,1,1,1,1,1,0.39433277357498997,0.514778022304594,1,0.9,0.514778022304594,0.9792750866116591,0.36158675108592,0.514778022304594
0,1,1,1,1,1,1,1,1,1,0,0,0,0,0,1,1,1,1,1,0.514465527440524,0.47165223420602204,0,0.9,0.514465527440524,0.9242418454776791,0.514465527440524,0.5543253647884671
0,0,0,0,0,0,0,0,1,1,0,0,0,1,1,1,1,1,1,1,0.539150873328152,0.586495761107473,1,0.9,0.586495761107473,0.946111207117635,0.6013654847750711,0.586495761107473
0,0,0,0,0,1,1,1,1,1,0,0,1,1,1,1,1,1,1,1,0.46652265802223297,0.45696667850583794,1,0.9,0.45696667850583794,0.56719145644922,0.44190212704096704,0.45696667850583794
0,0,0,0,0,0,0,0,0,1,0,0,0,1,1,1,1,1,1,1,0.579805722065035,0.723933922087629,1,0.9,0.723933922087629,0.9977536491827841,0.6341319962066271,0.723933922087629
0,0,0,0,0,0,0,0,1,1,0,1,1,1,1,1,1,1,1,1,0.45703769816214396,0.544311181443634,1,0.9,0.544311181443634,0.9530308957770028,0.42997872890742295,0.544311181443634
0,0,0,0,0,0,1,1,1,1,0,0,0,0,0,1,1,1,1,1,0.590516575473461,0.604497083948604,1,0.9,0.604497083948604,0.6547966158693659,0.611280379584064,0.604497083948604
0,0,1,1,1,1,1,1,1,1,0,0,0,0,0,0,0,1,1,1,0.60466443135975,0.565757017198103,0,0.9,0.60466443135975,0.8272551257775921,0.60466443135975,0.587078308111041
0,1,1,1,1,1,1,1,1,1,0,0,0,0,0,0,0,0,1,1,0.6573810781571271,0.5738398117054581,0,0.9,0.6573810781571271,0.947440828535103,0.6573810781571271,0.529672887343144
0,0,1,1,1,1,1,1,1,1,0,0,0,1,1,1,1,1,1,1,0.49463219751880794,0.42073874178682497,0,0.9,0.49463219751880794,0.8638965797853321,0.49463219751880794,0.395208269323115
0,0,0,0,0,0,1,1,1,1,0,1,1,1,1,1,1,1,1,1,0.342574998318903,0.393428789698946,1,0.9,0.393428789698946,0.685554500777697,0.36158675108592,0.393428789698946
0,0,0,0,0,0,0,0,1,1,0,1,1,1,1,1,1,1,1,1,0.38901092652128794,0.4876414641191629,1,0.9,0.4876414641191629,0.9210653915557271,0.428621354572127,0.4876414641191629
0,0,0,0,1,1,1,1,1,1,0,0,0,1,1,1,1,1,1,1,0.513832198229113,0.49384014483130395,0,0.9,0.513832198229113,0.62294659041007,0.513832198229113,0.42414100620132794
0,0,0,0,0,0,1,1,1,1,0,0,1,1,1,1,1,1,1,1,0.438151757650175,0.429967301913359,1,0.9,0.429967301913359,0.6691853870231701,0.42997872890742295,0.429967301913359
0,0,0,0,0,0,1,1,1,1,0,1,1,1,1,1,1,1,1,1,0.40300140835622206,0.439040911349212,1,0.9,0.439040911349212,0.7169923228483092,0.428621354572127,0.439040911349212
0,0,0,0,0,0,0,0,1,1,0,1,1,1,1,1,1,1,1,1,0.418529255677783,0.512896691269505,1,0.9,0.512896691269505,0.946103055847777,0.428621354572127,0.512896691269505
0,0,0,1,1,1,1,1,1,1,0,0,1,1,1,1,1,1,1,1,0.412785422047519,0.39563197144119205,0,0.9,0.412785422047519,0.7788211933264829,0.412785422047519,0.42993346849389097
0,0,0,0,0,0,1,1,1,1,0,0,0,0,0,0,0,0,1,1,0.736739831170519,0.74536319686672,1,0.9,0.74536319686672,0.7415190565522629,0.7149095837315049,0.74536319686672
0,0,1,1,1,1,1,1,1,1,0,0,0,1,1,1,1,1,1,1,0.508625310934226,0.42837002349574893,0,0.9,0.508625310934226,0.86230477288985,0.508625310934226,0.38728383096962293
0,0,0,1,1,1,1,1,1,1,0,0,0,0,0,1,1,1,1,1,0.5520890491272491,0.535503470144218,0,0.9,0.5520890491272491,0.78660314440988,0.5520890491272491,0.587078308111041
0,0,0,0,1,1,1,1,1,1,0,0,0,0,0,1,1,1,1,1,0.608932495417304,0.5798158316597251,0,0.9,0.608932495417304,0.5177009963571529,0.608932495417304,0.59958694625493
0,1,1,1,1,1,1,1,1,1,0,0,0,0,0,0,1,1,1,1,0.5746474871631421,0.45261088687391104,0,0.9,0.5746474871631421,0.955143592722404,0.5746474871631421,0.5543253647884671
0,1,1,1,1,1,1,1,1,1,0,0,0,0,0,0,0,0,0,1,0.723148315915192,0.6231967539514219,0,0.9,0.723148315915192,0.9553071763705809,0.723148315915192,0.654068215901396
0,1,1,1,1,1,1,1,1,1,0,0,0,0,0,0,0,0,0,1,0.813945637120237,0.7074111005305491,0,0.9,0.813945637120237,0.9499698262993349,0.813945637120237,0.5985865019148741
1,1,1,1,1,1,1,1,1,1,0,0,1,1,1,1,1,1,1,1,0.349843341798726,0.291816930394631,0,0.9,0.349843341798726,0.9794551850514049,0.349843341798726,0.395208269323115
1,1,1,1,1,1,1,1,1,1,0,0,0,0,0,0,0,0,0,1,0.8940791466023001,0.7258149037040942,0,0.9,0.8940791466023001,0.9850284615827641,0.8940791466023001,0.5985865019148741
0,0,0,0,0,0,0,1,1,1,0,0,0,0,1,1,1,1,1,1,0.556692748013944,0.588955944856713,1,0.9,0.588955944856713,0.8598714492788609,0.569728071122943,0.588955944856713
0,0,0,0,1,1,1,1,1,1,0,0,0,0,0,0,0,0,0,1,0.890466928339885,0.8235698608240999,0,0.9,0.890466928339885,0.6089223642453628,0.890466928339885,0.737920142458598
0,0,1,1,1,1,1,1,1,1,0,0,0,0,0,0,0,0,1,1,0.7038739614461851,0.6117173974813721,0,0.9,0.7038739614461851,0.8514210626301401,0.7038739614461851,0.529672887343144
1,1,1,1,1,1,1,1,1,1,0,0,0,0,1,1,1,1,1,1,0.49108458404644706,0.369103864776776,0,0.9,0.49108458404644706,0.9799886354487141,0.49108458404644706,0.38728383096962293
0,0,1,1,1,1,1,1,1,1,0,0,0,0,0,0,0,0,0,1,0.9981327244830771,0.884475421297943,0,0.9,0.9981327244830771,0.8989822236679391,0.9981327244830771,0.5985865019148741
0,0,0,0,0,0,0,0,0,1,0,0,0,0,0,1,1,1,1,1,0.671025000627533,0.8247217723027429,1,0.9,0.8247217723027429,0.9986728348289681,0.5799819831275921,0.8247217723027429
0,0,0,1,1,1,1,1,1,1,0,0,0,0,0,0,0,1,1,1,0.687863110082161,0.567004916458741,0,0.9,0.687863110082161,0.8039217965929979,0.687863110082161,0.58450350862736
0,0,0,0,1,1,1,1,1,1,0,0,1,1,1,1,1,1,1,1,0.46725412611687495,0.441272064695974,1,0.1,0.441272064695974,0.29945773951017896,0.46076772687267104,0.441272064695974
0,0,0,1,1,1,1,1,1,1,0,0,0,0,0,1,1,1,1,1,0.560967609872075,0.5488661192258979,0,0.9,0.560967609872075,0.689146895545657,0.560967609872075,0.59958694625493
0,0,0,0,0,1,1,1,1,1,0,0,1,1,1,1,1,1,1,1,0.436812012698415,0.47132543246407205,1,0.9,0.47132543246407205,0.5816415718788001,0.44190212704096704,0.47132543246407205
0,0,0,1,1,1,1,1,1,1,0,0,0,0,0,1,1,1,1,1,0.5366204990518321,0.518582340464411,0,0.9,0.5366204990518321,0.7648198881749692,0.5366204990518321,0.5112592283785711
0,0,0,0,1,1,1,1,1,1,0,0,0,0,0,0,1,1,1,1,0.600562039986935,0.593930650570025,0,0.9,0.600562039986935,0.524526864802021,0.600562039986935,0.615337995679135
0,0,0,0,0,0,0,0,0,1,0,0,0,0,0,0,0,0,1,1,0.8110177919379692,0.8397101791789592,1,0.9,0.8397101791789592,0.9654889636187071,0.7788496708218711,0.8397101791789592
0,0,0,0,0,1,1,1,1,1,0,0,0,1,1,1,1,1,1,1,0.48955690329114504,0.501473476062383,1,0.9,0.501473476062383,0.6400322374738829,0.46678337467972597,0.501473476062383
0,0,0,1,1,1,1,1,1,1,0,0,0,0,0,0,0,0,0,1,0.782141558110116,0.707579659440633,0,0.9,0.782141558110116,0.7100109843364929,0.782141558110116,0.654068215901396
0,0,0,0,0,0,0,1,1,1,0,0,0,0,0,0,0,0,1,1,0.7316397631984849,0.750538725562816,1,0.9,0.750538725562816,0.802452050304783,0.71289294957367,0.750538725562816
0,1,1,1,1,1,1,1,1,1,0,0,0,0,0,1,1,1,1,1,0.5229851302573221,0.44546765900713003,0,0.9,0.5229851302573221,0.9551724623233271,0.5229851302573221,0.5112592283785711
0,1,1,1,1,1,1,1,1,1,0,0,1,1,1,1,1,1,1,1,0.40162403779839395,0.321069284592632,0,0.9,0.40162403779839395,0.958204054486348,0.40162403779839395,0.395208269323115
0,0,0,0,0,0,0,1,1,1,0,0,0,0,0,1,1,1,1,1,0.6232881235008101,0.644232139513092,1,0.9,0.644232139513092,0.8040346718870971,0.6209613986353071,0.644232139513092
0,1,1,1,1,1,1,1,1,1,1,1,1,1,1,1,1,1,1,1,0.224838135452508,0.17872330214697196,0,0.9,0.224838135452508,0.9616760753796341,0.224838135452508,0.17683247929020302
0,0,0,1,1,1,1,1,1,1,0,0,0,0,0,0,0,0,0,1,0.8275133122893271,0.71456531823884,0,0.9,0.8275133122893271,0.7322214771405999,0.8275133122893271,0.5985865019148741
0,0,0,0,0,0,0,1,1,1,0,0,0,0,0,0,1,1,1,1,0.6450925490018771,0.650506253208895,1,0.9,0.650506253208895,0.853395990860395,0.6209613986353071,0.650506253208895
0,0,0,1,1,1,1,1,1,1,0,0,0,0,0,1,1,1,1,1,0.5673584072406371,0.543366835067427,0,0.9,0.5673584072406371,0.7192279945494651,0.5673584072406371,0.59958694625493
0,0,0,0,1,1,1,1,1,1,0,0,0,0,0,0,1,1,1,1,0.578782440865345,0.5991993594430159,0,0.9,0.578782440865345,0.596398380716391,0.578782440865345,0.615337995679135
0,1,1,1,1,1,1,1,1,1,0,0,0,0,0,0,0,1,1,1,0.630680484253576,0.533187365076945,0,0.9,0.630680484253576,0.9240020812195819,0.630680484253576,0.5543253647884671
0,0,0,0,0,1,1,1,1,1,0,0,0,0,0,1,1,1,1,1,0.58241441153381,0.554467637567179,1,0.9,0.554467637567179,0.534238256086611,0.543937802829403,0.554467637567179
0,0,0,0,0,0,0,0,0,1,0,0,0,0,0,1,1,1,1,1,0.637145903332361,0.78626582192067,1,0.9,0.78626582192067,0.9892634954208891,0.5889593028923671,0.78626582192067
0,0,0,0,1,1,1,1,1,1,0,0,0,0,0,0,1,1,1,1,0.600788000815109,0.56365920216796,0,0.9,0.600788000815109,0.63029068196685,0.600788000815109,0.615337995679135
0,0,0,0,0,0,1,1,1,1,0,0,0,0,0,0,0,1,1,1,0.6963792343291789,0.72124204893912,1,0.9,0.72124204893912,0.7090158355156221,0.684908417253782,0.72124204893912
0,0,0,1,1,1,1,1,1,1,1,1,1,1,1,1,1,1,1,1,0.30491743725230197,0.30101903069113395,0,0.9,0.30491743725230197,0.689810971841913,0.30491743725230197,0.286888798409349
0,0,0,0,1,1,1,1,1,1,0,0,0,0,1,1,1,1,1,1,0.501545838317041,0.5129414919396661,0,0.9,0.501545838317041,0.5970675035946971,0.501545838317041,0.441272064695974
0,0,0,0,0,0,0,1,1,1,0,0,0,0,0,0,0,1,1,1,0.692404419441604,0.7102077426859941,0,0.1,0.692404419441604,0.236238509005633,0.692404419441604,0.6882499033504699
0,0,1,1,1,1,1,1,1,1,0,0,0,0,1,1,1,1,1,1,0.495225719873383,0.444936744937389,0,0.9,0.495225719873383,0.812413553984897,0.495225719873383,0.42993346849389097
0,1,1,1,1,1,1,1,1,1,0,0,1,1,1,1,1,1,1,1,0.3737004554779939,0.3399563320486961,0,0.9,0.3737004554779939,0.9520342968425509,0.3737004554779939,0.395208269323115
0,0,0,0,1,1,1,1,1,1,1,1,1,1,1,1,1,1,1,1,0.117614081786172,0.14216274741489401,0,0.9,0.117614081786172,0.548616758332983,0.117614081786172,0.286888798409349
0,0,0,0,0,0,0,1,1,1,0,1,1,1,1,1,1,1,1,1,0.430713404117688,0.48420290069703603,1,0.9,0.48420290069703603,0.8605452242410959,0.42997872890742295,0.48420290069703603
0,0,0,0,0,0,0,0,1,1,0,0,1,1,1,1,1,1,1,1,0.49688332559285797,0.557404410115511,1,0.9,0.557404410115511,0.960119571241303,0.44190212704096704,0.557404410115511
1,1,1,1,1,1,1,1,1,1,1,1,1,1,1,1,1,1,1,1,0.210102763356071,0.17522549453899403,0,0.9,0.210102763356071,0.9801657560955308,0.210102763356071,0.136773574972301
1,1,1,1,1,1,1,1,1,1,0,0,0,0,1,1,1,1,1,1,0.47437825759001395,0.38728383096962293,1,0.1,0.38728383096962293,0.0182236624685758,0.49208521678459294,0.38728383096962293
0,0,0,0,0,0,0,0,1,1,0,0,0,0,0,0,1,1,1,1,0.6529420765811059,0.71249159010321,1,0.9,0.71249159010321,0.923155939923763,0.6492866418377571,0.71249159010321
0,0,0,0,1,1,1,1,1,1,0,0,0,0,0,1,1,1,1,1,0.575683485694918,0.5513248869999039,0,0.9,0.575683485694918,0.603284223778052,0.575683485694918,0.59958694625493
0,1,1,1,1,1,1,1,1,1,1,1,1,1,1,1,1,1,1,1,0.0,0.0,0,0.9,0.0,0.947734740514937,0.0,0.17683247929020302
0,0,0,0,0,0,0,0,0,1,0,0,0,0,0,0,0,0,0,1,0.9155232231182701,0.9785170943932671,1,0.9,0.9785170943932671,0.970961465380494,0.8275133122893271,0.9785170943932671
0,0,1,1,1,1,1,1,1,1,0,0,0,1,1,1,1,1,1,1,0.473389794840213,0.423959839843216,0,0.9,0.473389794840213,0.862528961941577,0.473389794840213,0.395208269323115
0,0,0,0,0,0,0,1,1,1,0,0,0,1,1,1,1,1,1,1,0.49190688311781505,0.5783091632464841,1,0.9,0.5783091632464841,0.835666177205016,0.6013654847750711,0.5783091632464841
0,0,1,1,1,1,1,1,1,1,0,0,0,0,0,0,0,0,1,1,0.6681138604349539,0.6292269451588891,0,0.9,0.6681138604349539,0.8343849677627,0.6681138604349539,0.58450350862736
0,0,0,0,0,0,0,0,0,1,0,0,0,0,1,1,1,1,1,1,0.600963634923297,0.719416229072899,1,0.9,0.719416229072899,0.990299022019832,0.569728071122943,0.719416229072899
0,1,1,1,1,1,1,1,1,1,0,0,0,0,0,0,0,1,1,1,0.599424249836437,0.512228198051217,0,0.9,0.599424249836437,0.9264051867962259,0.599424249836437,0.5543253647884671
0,0,1,1,1,1,1,1,1,1,0,0,0,0,1,1,1,1,1,1,0.538651945214218,0.43892602487783,0,0.9,0.538651945214218,0.883548565331609,0.538651945214218,0.5112592283785711
1,1,1,1,1,1,1,1,1,1,0,1,1,1,1,1,1,1,1,1,0.255474310151865,0.21252097306109802,0,0.9,0.255474310151865,0.980417793575486,0.255474310151865,0.136773574972301
0,1,1,1,1,1,1,1,1,1,0,0,0,0,0,0,0,1,1,1,0.639916871501844,0.572234651616796,0,0.9,0.639916871501844,0.9036769172661551,0.639916871501844,0.58450350862736
0,0,0,0,0,0,0,1,1,1,0,0,0,0,0,1,1,1,1,1,0.5799819831275921,0.615277918480702,0,0.1,0.5799819831275921,0.275537708262362,0.5799819831275921,0.6754883899324959
0,0,0,1,1,1,1,1,1,1,0,0,0,1,1,1,1,1,1,1,0.474116791531075,0.4245046879977021,0,0.9,0.474116791531075,0.788743604974788,0.474116791531075,0.42993346849389097
0,0,1,1,1,1,1,1,1,1,0,0,0,1,1,1,1,1,1,1,0.470829611559697,0.40052508206612,0,0.9,0.470829611559697,0.8287273042295501,0.470829611559697,0.42993346849389097
0,0,0,0,0,0,0,0,1,1,0,0,0,0,0,1,1,1,1,1,0.594797331801276,0.6811925430960349,1,0.9,0.6811925430960349,0.937785779143468,0.5799819831275921,0.6811925430960349
0,0,1,1,1,1,1,1,1,1,1,1,1,1,1,1,1,1,1,1,0.20909070387216397,0.16605117293290303,0,0.9,0.20909070387216397,0.876354046604537,0.20909070387216397,0.28944378631289397
0,0,0,0,0,0,1,1,1,1,0,0,0,1,1,1,1,1,1,1,0.505937042662204,0.533663127182738,1,0.9,0.533663127182738,0.7734747290226801,0.6013654847750711,0.533663127182738
0,0,0,0,0,1,1,1,1,1,0,0,0,0,0,0,1,1,1,1,0.576463522283264,0.584802865421384,1,0.9,0.584802865421384,0.550831515094928,0.611280379584064,0.584802865421384
0,0,0,0,1,1,1,1,1,1,0,0,0,0,0,0,0,1,1,1,0.638370988096845,0.611028964920731,0,0.9,0.638370988096845,0.6122801922594039,0.638370988096845,0.642091820568375
0,1,1,1,1,1,1,1,1,1,0,0,0,1,1,1,1,1,1,1,0.4349467850296,0.395208269323115,1,0.1,0.395208269323115,0.048774089550567,0.47338123017183403,0.395208269323115
0,0,0,0,0,0,0,0,1,1,1,1,1,1,1,1,1,1,1,1,0.257672648889883,0.37556703682877896,1,0.9,0.37556703682877896,0.9277520744469109,0.20909070387216397,0.37556703682877896
0,0,0,1,1,1,1,1,1,1,0,0,0,0,1,1,1,1,1,1,0.49578314814360996,0.46347114825653396,0,0.9,0.49578314814360996,0.7133796354538641,0.49578314814360996,0.42414100620132794
0,0,0,0,0,0,0,0,0,1,0,0,0,0,0,0,0,0,0,1,0.8788014390021741,0.9566860309119641,1,0.9,0.9566860309119641,0.972497429949885,0.8035145128956959,0.9566860309119641
0,1,1,1,1,1,1,1,1,1,0,0,0,0,0,0,0,0,0,1,0.7298621923875791,0.657227170710136,0,0.9,0.7298621923875791,0.950596016798153,0.7298621923875791,0.654068215901396
1,1,1,1,1,1,1,1,1,1,0,0,0,0,0,0,0,0,0,1,0.7747049150944559,0.5985865019148741,1,0.1,0.5985865019148741,0.0015038866187466302,0.813945637120237,0.5985865019148741
0,0,1,1,1,1,1,1,1,1,0,0,0,0,1,1,1,1,1,1,0.51967152497332,0.482262539976008,0,0.9,0.51967152497332,0.841292555305236,0.51967152497332,0.5112592283785711
1,1,1,1,1,1,1,1,1,1,0,0,0,0,0,0,0,0,1,1,0.669501745049053,0.529672887343144,1,0.1,0.529672887343144,0.00447904668818386,0.715142973327581,0.529672887343144
0,0,0,0,0,0,0,0,0,1,0,0,1,1,1,1,1,1,1,1,0.5249152455014421,0.5946743890395519,1,0.9,0.5946743890395519,0.9849643945963129,0.44190212704096704,0.5946743890395519
1,1,1,1,1,1,1,1,1,1,0,0,1,1,1,1,1,1,1,1,0.410570268179187,0.313787350913134,0,0.9,0.410570268179187,0.9675514179590841,0.410570268179187,0.395208269323115
0,0,0,0,0,0,0,1,1,1,0,1,1,1,1,1,1,1,1,1,0.428621354572127,0.470959157492759,0,0.1,0.428621354572127,0.240225186203901,0.428621354572127,0.48420290069703603
0,1,1,1,1,1,1,1,1,1,0,0,0,0,0,1,1,1,1,1,0.525310232248139,0.44745704661064795,0,0.9,0.525310232248139,0.949097931151587,0.525310232248139,0.5543253647884671
0,0,0,0,1,1,1,1,1,1,1,1,1,1,1,1,1,1,1,1,0.129734434222145,0.141551111917133,0,0.9,0.129734434222145,0.619110972633236,0.129734434222145,0.286888798409349
0,0,0,0,1,1,1,1,1,1,0,0,0,1,1,1,1,1,1,1,0.479196634755603,0.496012809285613,0,0.9,0.479196634755603,0.5697231596626,0.479196634755603,0.441272064695974
0,0,0,0,0,0,0,1,1,1,0,0,0,0,0,0,0,0,1,1,0.7289915925739829,0.7491366604198749,1,0.9,0.7491366604198749,0.832238457223452,0.71289294957367,0.7491366604198749
0,0,0,0,0,1,1,1,1,1,0,0,0,0,0,0,1,1,1,1,0.655016904024576,0.6315773010745059,1,0.9,0.6315773010745059,0.5971841536872329,0.6492866418377571,0.6315773010745059
0,0,0,0,1,1,1,1,1,1,0,0,0,0,0,0,0,1,1,1,0.6576542765001271,0.5949734612639871,0,0.9,0.6576542765001271,0.669695415219639,0.6576542765001271,0.647507789408429
0,0,0,0,0,0,0,0,1,1,0,0,1,1,1,1,1,1,1,1,0.454621171179242,0.5331034073395611,0,0.1,0.454621171179242,0.141562455612231,0.454621171179242,0.541069913683134
1,1,1,1,1,1,1,1,1,1,0,0,0,0,0,0,0,0,1,1,0.6284354620407729,0.5161247870645589,0,0.9,0.6284354620407729,0.985484128811065,0.6284354620407729,0.529672887343144
0,0,1,1,1,1,1,1,1,1,0,0,0,1,1,1,1,1,1,1,0.439857113366204,0.371786495828844,0,0.9,0.439857113366204,0.897628912179194,0.439857113366204,0.395208269323115
0,0,0,0,1,1,1,1,1,1,0,0,0,0,0,0,1,1,1,1,0.605469999241178,0.5908189652128211,0,0.9,0.605469999241178,0.5597696475603621,0.605469999241178,0.615337995679135
1,1,1,1,1,1,1,1,1,1,1,1,1,1,1,1,1,1,1,1,0.260116796858177,0.183459984894085,0,0.9,0.260116796858177,0.986479587022052,0.260116796858177,0.136773574972301
0,0,0,1,1,1,1,1,1,1,0,0,0,0,0,0,0,1,1,1,0.621921872508363,0.58450350862736,1,0.1,0.58450350862736,0.140699928085428,0.687863110082161,0.58450350862736
0,0,0,0,0,0,0,1,1,1,0,0,0,0,0,0,0,0,0,1,0.8368847661773678,0.8298213910057801,1,0.9,0.8298213910057801,0.8472984489890659,0.81321363198375,0.8298213910057801
0,0,0,0,0,1,1,1,1,1,1,1,1,1,1,1,1,1,1,1,0.28375175364092403,0.286888798409349,1,0.9,0.286888798409349,0.507395206654502,0.263967218121745,0.286888798409349
0,0,0,1,1,1,1,1,1,1,0,0,0,0,0,0,0,0,0,1,0.790611697089206,0.733997187286806,0,0.9,0.790611697089206,0.725540382409412,0.790611697089206,0.654068215901396
0,0,0,0,0,0,0,1,1,1,0,0,0,0,0,0,0,0,0,1,0.874329947397394,0.846757831821019,1,0.9,0.846757831821019,0.7928751305258921,0.8931475082037109,0.846757831821019
0,0,0,0,1,1,1,1,1,1,0,0,0,0,0,0,0,1,1,1,0.7054355764269761,0.6371139426640661,0,0.9,0.7054355764269761,0.591139158565733,0.7054355764269761,0.692900364278937
0,0,1,1,1,1,1,1,1,1,0,0,0,0,1,1,1,1,1,1,0.49208521678459294,0.440019853318318,0,0.9,0.49208521678459294,0.8092984618281379,0.49208521678459294,0.42993346849389097
0,0,0,0,0,1,1,1,1,1,0,0,1,1,1,1,1,1,1,1,0.43729299998956,0.448143880165099,1,0.9,0.448143880165099,0.545417091077828,0.44190212704096704,0.448143880165099
0,0,0,0,0,0,0,0,0,1,0,0,0,0,0,1,1,1,1,1,0.656572893959516,0.776013656952836,1,0.9,0.776013656952836,0.994288716198875,0.5799819831275921,0.776013656952836
0,0,0,1,1,1,1,1,1,1,0,0,0,1,1,1,1,1,1,1,0.490116266396968,0.42414100620132794,1,0.1,0.42414100620132794,0.21501956140160103,0.47284523928022204,0.42414100620132794
0,0,0,0,0,1,1,1,1,1,0,1,1,1,1,1,1,1,1,1,0.354123825975572,0.39531966795378903,1,0.9,0.39531966795378903,0.613306863530805,0.36158675108592,0.39531966795378903
0,1,1,1,1,1,1,1,1,1,0,0,1,1,1,1,1,1,1,1,0.35100285524537506,0.279515752925916,0,0.9,0.35100285524537506,0.9497787199148711,0.35100285524537506,0.395208269323115
0,1,1,1,1,1,1,1,1,1,0,1,1,1,1,1,1,1,1,1,0.34857711235718103,0.287978640183527,0,0.9,0.34857711235718103,0.957927021150472,0.34857711235718103,0.136773574972301
0,0,0,1,1,1,1,1,1,1,0,1,1,1,1,1,1,1,1,1,0.365522297772384,0.36995712178263895,0,0.9,0.365522297772384,0.7543625423228599,0.365522297772384,0.329052637712987
0,0,1,1,1,1,1,1,1,1,0,0,0,0,0,0,0,1,1,1,0.590349133934946,0.5322739216921311,0,0.9,0.590349133934946,0.8973632285143579,0.590349133934946,0.587078308111041
0,0,0,0,0,0,1,1,1,1,0,0,0,0,0,1,1,1,1,1,0.5737884237203821,0.626244256413386,1,0.9,0.626244256413386,0.751611314328263,0.562725043990994,0.626244256413386
0,0,1,1,1,1,1,1,1,1,0,0,1,1,1,1,1,1,1,1,0.41727709457106105,0.413634737034439,0,0.9,0.41727709457106105,0.8323635319350771,0.41727709457106105,0.42993346849389097
0,0,0,0,1,1,1,1,1,1,0,0,1,1,1,1,1,1,1,1,0.425882445875623,0.41117925180264203,0,0.9,0.425882445875623,0.625456848430259,0.425882445875623,0.42414100620132794
0,0,1,1,1,1,1,1,1,1,0,1,1,1,1,1,1,1,1,1,0.38143841753917,0.33909783777725006,0,0.9,0.38143841753917,0.8931154615373691,0.38143841753917,0.329052637712987
0,0,0,0,0,1,1,1,1,1,0,0,1,1,1,1,1,1,1,1,0.42428270571356796,0.453502225473821,0,0.1,0.42428270571356796,0.512143611406473,0.42428270571356796,0.46057838078255997
0,0,0,0,1,1,1,1,1,1,0,0,0,0,0,0,0,0,0,1,0.881497709443605,0.8566430883559529,0,0.9,0.881497709443605,0.639989814522978,0.881497709443605,0.737920142458598
0,0,0,0,0,0,0,1,1,1,0,0,0,0,0,0,0,0,1,1,0.7360072471157559,0.774575110498375,1,0.9,0.774575110498375,0.872626279236047,0.71289294957367,0.774575110498375
0,0,0,0,0,0,0,0,0,1,0,0,0,0,0,1,1,1,1,1,0.607684733420709,0.719868970511815,1,0.9,0.719868970511815,0.968294740409986,0.6209613986353071,0.719868970511815
0,0,0,0,0,0,0,1,1,1,0,0,0,0,0,0,1,1,1,1,0.6448515615176971,0.666094858051564,1,0.9,0.666094858051564,0.8393540595586411,0.6492866418377571,0.666094858051564
0,0,0,1,1,1,1,1,1,1,0,0,0,0,0,0,0,0,0,1,0.9074372245346091,0.8061442765939499,0,0.9,0.9074372245346091,0.736367249400877,0.9074372245346091,0.5985865019148741
0,0,0,0,1,1,1,1,1,1,0,1,1,1,1,1,1,1,1,1,0.323814218160466,0.355976850862125,0,0.9,0.323814218160466,0.528331017332357,0.323814218160466,0.286888798409349
0,0,0,0,0,1,1,1,1,1,0,0,1,1,1,1,1,1,1,1,0.47173453022593,0.46171936973129796,1,0.9,0.46171936973129796,0.550180176091362,0.46076772687267104,0.46171936973129796
0,0,0,0,0,0,0,0,1,1,0,0,0,0,0,0,0,0,0,1,0.860892260084337,0.869072924437689,1,0.9,0.869072924437689,0.9220151625140791,0.8035145128956959,0.869072924437689
0,0,0,0,0,0,0,0,1,1,0,1,1,1,1,1,1,1,1,1,0.43648526146730104,0.520224587845335,1,0.9,0.520224587845335,0.9505912103602859,0.42997872890742295,0.520224587845335
1,1,1,1,1,1,1,1,1,1,0,0,0,0,0,0,0,1,1,1,0.622252639546366,0.480951376452581,0,0.9,0.622252639546366,0.980874319679337,0.622252639546366,0.58450350862736
0,0,0,0,0,1,1,1,1,1,0,0,0,0,0,0,0,0,1,1,0.7594834688509159,0.7011773457646661,1,0.9,0.7011773457646661,0.599851664804114,0.7149095837315049,0.7011773457646661
0,0,1,1,1,1,1,1,1,1,1,1,1,1,1,1,1,1,1,1,0.263967218121745,0.24015327313487198,0,0.9,0.263967218121745,0.838517812022182,0.263967218121745,0.28944378631289397
0,0,1,1,1,1,1,1,1,1,0,0,0,0,0,0,1,1,1,1,0.575221496418187,0.520116953317269,0,0.9,0.575221496418187,0.9010256695471119,0.575221496418187,0.5543253647884671
0,0,1,1,1,1,1,1,1,1,0,0,0,1,1,1,1,1,1,1,0.46297226417288506,0.371864407234807,0,0.9,0.46297226417288506,0.8504869733591479,0.46297226417288506,0.42993346849389097
0,0,0,1,1,1,1,1,1,1,0,0,0,0,0,0,0,0,1,1,0.7340048755945,0.6748808719682329,0,0.9,0.7340048755945,0.723628265894069,0.7340048755945,0.529672887343144
0,0,0,0,0,0,0,1,1,1,0,0,0,0,0,0,1,1,1,1,0.642586526680337,0.6754883899324959,1,0.9,0.6754883899324959,0.8372847849244058,0.6209613986353071,0.6754883899324959
0,0,0,0,0,0,0,1,1,1,0,0,1,1,1,1,1,1,1,1,0.446267641055901,0.540719859464536,1,0.9,0.540719859464536,0.8503211820671072,0.44190212704096704,0.540719859464536
1,1,1,1,1,1,1,1,1,1,0,0,0,0,0,0,1,1,1,1,0.562072177604486,0.43338716771737,0,0.9,0.562072177604486,0.967053467808485,0.562072177604486,0.5543253647884671
0,0,0,1,1,1,1,1,1,1,0,0,0,0,0,1,1,1,1,1,0.552302220356196,0.5483986214715489,0,0.9,0.552302220356196,0.6728919279036399,0.552302220356196,0.59958694625493
0,0,0,0,0,0,0,0,0,1,0,0,0,0,0,1,1,1,1,1,0.612829526333518,0.6943042999506639,1,0.9,0.6943042999506639,0.965821481808032,0.5799819831275921,0.6943042999506639
0,0,0,0,1,1,1,1,1,1,1,1,1,1,1,1,1,1,1,1,0.178357856181195,0.228456210774852,0,0.9,0.178357856181195,0.49823502325427793,0.178357856181195,0.286888798409349
0,0,0,0,1,1,1,1,1,1,0,0,0,1,1,1,1,1,1,1,0.47284523928022204,0.461140783621483,0,0.9,0.47284523928022204,0.5530801008418,0.47284523928022204,0.441272064695974
0,0,0,0,0,1,1,1,1,1,0,0,0,0,0,0,0,1,1,1,0.679889767803289,0.629436696298254,1,0.9,0.629436696298254,0.607507266072678,0.684908417253782,0.629436696298254
0,0,0,0,1,1,1,1,1,1,0,1,1,1,1,1,1,1,1,1,0.33837498486003803,0.329052637712987,1,0.1,0.329052637712987,0.245459894514448,0.297323888532851,0.329052637712987
0,0,0,1,1,1,1,1,1,1,0,0,1,1,1,1,1,1,1,1,0.43274723883571,0.391024784660002,0,0.9,0.43274723883571,0.7787175653788491,0.43274723883571,0.42993346849389097
0,0,1,1,1,1,1,1,1,1,0,0,0,0,0,0,0,0,1,1,0.7472160903369041,0.6532244982215121,0,0.9,0.7472160903369041,0.8783998051023342,0.7472160903369041,0.6361501211793771
0,0,0,0,0,0,0,0,1,1,0,0,0,0,0,0,0,0,0,1,0.970138303732703,0.949882080687218,1,0.9,0.949882080687218,0.9323111540743029,0.890466928339885,0.949882080687218
0,0,0,0,0,0,0,0,0,1,0,0,0,0,1,1,1,1,1,1,0.6341319962066271,0.7483129944567041,0,0.1,0.6341319962066271,0.0110263649471828,0.6341319962066271,0.7369322974658149
0,0,0,0,0,1,1,1,1,1,1,1,1,1,1,1,1,1,1,1,0.29225195927278697,0.32924630657469,1,0.9,0.32924630657469,0.517655515224064,0.323814218160466,0.32924630657469
0,0,0,0,0,0,0,0,0,1,0,1,1,1,1,1,1,1,1,1,0.39152276069609904,0.519383511878217,1,0.9,0.519383511878217,0.9738424507110379,0.36158675108592,0.519383511878217
0,0,0,0,0,0,1,1,1,1,0,0,0,1,1,1,1,1,1,1,0.503040357292363,0.544192670103863,1,0.9,0.544192670103863,0.7298074279544409,0.6013654847750711,0.544192670103863
1,1,1,1,1,1,1,1,1,1,0,0,0,0,0,0,0,0,1,1,0.596699385242055,0.46915721778876496,0,0.9,0.596699385242055,0.9933973155895319,0.596699385242055,0.58450350862736
0,0,0,0,0,0,0,0,1,1,0,0,0,0,0,0,0,0,0,1,0.820804902034511,0.8645451801024591,1,0.9,0.8645451801024591,0.9318430356719171,0.798873280810533,0.8645451801024591
0,0,0,0,0,0,1,1,1,1,1,1,1,1,1,1,1,1,1,1,0.305164566330046,0.38984273771589795,1,0.9,0.38984273771589795,0.6559299988155389,0.36158675108592,0.38984273771589795
0,0,1,1,1,1,1,1,1,1,0,0,0,0,1,1,1,1,1,1,0.47853137101370297,0.434953885320207,0,0.9,0.47853137101370297,0.851635537459179,0.47853137101370297,0.42993346849389097
0,0,0,0,0,0,1,1,1,1,0,0,0,0,0,0,1,1,1,1,0.6832764397937429,0.63584285136049,1,0.9,0.63584285136049,0.759974890221593,0.6492866418377571,0.63584285136049
0,0,1,1,1,1,1,1,1,1,0,0,0,0,0,0,0,1,1,1,0.642301080295979,0.593742555697745,0,0.9,0.642301080295979,0.867656613689183,0.642301080295979,0.587078308111041
0,0,0,0,0,1,1,1,1,1,0,0,0,0,0,0,0,0,0,1,0.890925728547606,0.843656001739133,1,0.9,0.843656001739133,0.579610927779676,0.8931475082037109,0.843656001739133
