V1.1,V1.2,V1.3,V1.4,V1.5,V1.6,V1.7,V1.8,V1.9,V1.10,V2.1,V2.2,V2.3,V2.4,V2.5,V2.6,V2.7,V2.8,V2.9,V2.10,y0,y1,t,prob_t,y,prob_t_pred_log,prob_t_pred_tree,reg0,reg1
0,0,0,0,0,0,0,0,1,1,0,0,0,0,0,1,1,1,1,1,0.5924018996704069,0.600568965974938,1,0.5,0.600568965974938,0.485338650268543,0.85,0.5280480807203944,0.46043252165991083
0,0,0,0,1,1,1,1,1,1,0,0,0,0,1,1,1,1,1,1,0.505160283651545,0.442146964916204,1,0.5,0.442146964916204,0.47713024467187004,0.37142857142857105,0.512398753333253,0.4516324207397169
0,1,1,1,1,1,1,1,1,1,1,1,1,1,1,1,1,1,1,1,0.23105389004097196,0.158506013941753,1,0.5,0.158506013941753,0.476582470251728,0.6764705882352939,0.41908267845000224,0.3991579049900028
0,0,0,0,1,1,1,1,1,1,0,0,0,0,0,1,1,1,1,1,0.568579338550148,0.460276943536391,1,0.5,0.460276943536391,0.47644985287638103,0.85,0.5305512749960468,0.46184014524037814
0,1,1,1,1,1,1,1,1,1,0,0,0,0,0,0,0,0,0,1,0.71162845678588,0.523575330833302,0,0.5,0.71162845678588,0.535317770469806,0.59375,0.6155965921561237,0.5096637580567043
0,1,1,1,1,1,1,1,1,1,1,1,1,1,1,1,1,1,1,1,0.160672349455491,0.0484518378576716,0,0.5,0.160672349455491,0.522037426177749,0.323529411764706,0.3812785317344043,0.3778994637759456
0,0,0,1,1,1,1,1,1,1,0,0,0,0,0,0,0,0,1,1,0.70555789199635,0.54064753408704,1,0.5,0.54064753408704,0.4713638666632511,0.625,0.586424939733525,0.4932596354399954
0,0,0,0,0,0,0,1,1,1,1,1,1,1,1,1,1,1,1,1,0.324541793443547,0.29925283631061106,0,0.5,0.324541793443547,0.5115941977930349,0.645833333333333,0.3957606411292658,0.38604320190981495
0,0,0,0,0,0,0,0,0,1,0,0,1,1,1,1,1,1,1,1,0.434421669696851,0.532045170541361,1,0.5,0.532045170541361,0.49238808928526095,0.652173913043478,0.45459356643525123,0.41912677587532055
1,1,1,1,1,1,1,1,1,1,0,0,0,0,0,0,1,1,1,1,0.555320603870947,0.39785253006838,1,0.5,0.39785253006838,0.465379247220163,0.307692307692308,0.5538251426014933,0.4749277609994714
1,1,1,1,1,1,1,1,1,1,1,1,1,1,1,1,1,1,1,1,0.11195718391777901,0.0,1,0.5,0.0,0.4762363173389029,0.8888888888888891,0.3732300818202695,0.3733735714009347
0,0,0,0,0,0,1,1,1,1,0,0,0,0,0,0,0,0,1,1,0.724528032119854,0.667514407017015,0,0.5,0.724528032119854,0.52280448272128,0.375,0.5881340145756884,0.49422070109599026
0,0,0,0,0,0,0,0,1,1,1,1,1,1,1,1,1,1,1,1,0.32912775111611503,0.31300549981087,0,0.5,0.32912775111611503,0.509890581155473,0.645833333333333,0.4053581369400111,0.39144017071405224
0,0,0,1,1,1,1,1,1,1,0,0,0,0,0,0,0,0,1,1,0.671485887066777,0.544498185931755,1,0.5,0.544498185931755,0.47142013306636,0.625,0.5864791129823337,0.4932900987337139
0,0,0,0,0,0,1,1,1,1,1,1,1,1,1,1,1,1,1,1,0.22174899754423302,0.233882034912214,0,0.5,0.22174899754423302,0.511385800940324,0.645833333333333,0.3792759525737499,0.3767733515617608
0,0,1,1,1,1,1,1,1,1,0,0,0,0,0,0,0,1,1,1,0.603913501118749,0.5048024807858771,1,0.5,0.5048024807858771,0.46963533026823295,0.428571428571428,0.5779806620860891,0.48851115688515134
0,0,1,1,1,1,1,1,1,1,1,1,1,1,1,1,1,1,1,1,0.232809114576674,0.16286803772332997,1,0.5,0.16286803772332997,0.47879725138676293,0.6764705882352939,0.4085043008230502,0.3932093559957764
0,0,0,0,0,1,1,1,1,1,0,0,0,0,1,1,1,1,1,1,0.481544818712816,0.461780693748165,0,0.5,0.481544818712816,0.520548730538469,0.628571428571429,0.5014146487250591,0.4454557189122954
0,0,1,1,1,1,1,1,1,1,0,0,0,1,1,1,1,1,1,1,0.4394334252304221,0.327612983755403,0,0.5,0.4394334252304221,0.524443419959977,0.628571428571429,0.4862260904294363,0.43691472270669773
0,0,0,0,1,1,1,1,1,1,0,0,0,0,0,0,0,0,1,1,0.731383119803465,0.616083746922538,1,0.5,0.616083746922538,0.472300573209806,0.40625,0.6046461096957865,0.5035059630031634
1,1,1,1,1,1,1,1,1,1,0,0,0,0,0,0,0,0,1,1,0.614135307442104,0.431938050636554,0,0.5,0.614135307442104,0.537753957254194,0.6923076923076921,0.5934611542821531,0.4972163165542867
0,0,0,0,0,0,0,0,0,1,0,0,0,0,0,0,0,0,0,1,0.804217404748604,0.811612939294889,0,0.5,0.804217404748604,0.518886858997387,0.59375,0.6137852505300637,0.5086451846243808
0,0,0,0,0,0,0,1,1,1,0,1,1,1,1,1,1,1,1,1,0.387456760885222,0.41109893031982897,1,0.5,0.41109893031982897,0.486646563230881,0.3541666666666671,0.4515974281958844,0.4174419546542536
0,0,0,0,0,0,0,0,1,1,0,0,0,0,0,0,1,1,1,1,0.6683026935553449,0.666851072704945,1,0.5,0.666851072704945,0.48458708157847497,0.625,0.5492408746798413,0.47234988532739025
0,0,0,0,0,0,1,1,1,1,0,0,1,1,1,1,1,1,1,1,0.439263593179776,0.41603650873304604,1,0.5,0.41603650873304604,0.483179355131622,0.857142857142857,0.4707430049363899,0.4282081047464425
0,1,1,1,1,1,1,1,1,1,1,1,1,1,1,1,1,1,1,1,0.22282407986207298,0.134340018640536,1,0.5,0.134340018640536,0.475283407320137,0.6764705882352939,0.4184457590014362,0.39879974548021957
1,1,1,1,1,1,1,1,1,1,0,0,0,0,0,0,0,0,1,1,0.659848335388693,0.466310070005206,1,0.5,0.466310070005206,0.4636127426335929,0.8888888888888891,0.6006785494388345,0.5012748811295222
0,0,0,0,0,0,0,0,0,1,0,0,0,0,0,1,1,1,1,1,0.5894222762265661,0.631191794685815,0,0.5,0.5894222762265661,0.511631516366181,0.628571428571429,0.5175585471464622,0.4545339324251931
1,1,1,1,1,1,1,1,1,1,0,0,1,1,1,1,1,1,1,1,0.33701999996262105,0.138663634013946,0,0.5,0.33701999996262105,0.530860073474528,0.6923076923076921,0.4567774397262797,0.42035483538756246
0,0,0,1,1,1,1,1,1,1,0,0,0,0,0,0,0,0,0,1,0.8822743803269691,0.733977542183515,0,0.5,0.8822743803269691,0.533610129883412,0.7857142857142858,0.679430150858742,0.54555934288163
0,0,0,0,0,0,0,1,1,1,0,1,1,1,1,1,1,1,1,1,0.37554550085530797,0.38071224722196995,0,0.5,0.37554550085530797,0.513800247503434,0.645833333333333,0.4348382403748006,0.408017744877212
0,0,0,0,1,1,1,1,1,1,0,1,1,1,1,1,1,1,1,1,0.36838086782168894,0.321136146337415,1,0.5,0.321136146337415,0.4815661641540421,0.3571428571428571,0.4458459118629798,0.41420769909031846
0,0,0,0,0,1,1,1,1,1,0,0,1,1,1,1,1,1,1,1,0.39050557142133707,0.325556953259094,0,0.5,0.39050557142133707,0.518593033667639,0.6428571428571429,0.45499878779024044,0.4193546443792317
1,1,1,1,1,1,1,1,1,1,1,1,1,1,1,1,1,1,1,1,0.17499615304131,0.0153498531518689,0,0.5,0.17499615304131,0.527905459143981,0.6923076923076921,0.40200812001869324,0.3895563525624697
1,1,1,1,1,1,1,1,1,1,0,1,1,1,1,1,1,1,1,1,0.219284966779917,0.0696026557814874,0,0.5,0.219284966779917,0.5307090632410999,0.6923076923076921,0.4308174346510338,0.40575672143036945
0,0,0,0,0,0,0,0,1,1,0,0,0,0,0,0,0,0,0,1,0.935792584927876,0.8831348998911179,1,0.5,0.8831348998911179,0.476230434521558,0.214285714285714,0.67383449124255,0.5424127303711138
0,0,0,0,0,0,1,1,1,1,1,1,1,1,1,1,1,1,1,1,0.21539909262831897,0.21587960639138698,1,0.5,0.21587960639138698,0.48710800597447,0.3541666666666671,0.3812218925148357,0.3778676137905811
0,0,0,0,0,0,0,1,1,1,0,0,0,0,1,1,1,1,1,1,0.547380701690703,0.518202842082843,1,0.5,0.518202842082843,0.482327888354604,0.37142857142857105,0.509327110145629,0.44990514075041027
0,0,0,0,0,0,0,0,1,1,0,0,0,0,0,1,1,1,1,1,0.638756250529416,0.619580468002321,0,0.5,0.638756250529416,0.515663170635352,0.375,0.530607019623558,0.4618714921689535
0,0,0,0,0,0,0,0,0,1,0,0,0,1,1,1,1,1,1,1,0.515750229892075,0.615685871583474,1,0.5,0.615685871583474,0.490703535384557,0.37142857142857105,0.4958720058001212,0.4423389193274052
0,0,1,1,1,1,1,1,1,1,0,0,0,1,1,1,1,1,1,1,0.415597404892464,0.30408372975613396,0,0.5,0.415597404892464,0.525309289312118,0.628571428571429,0.48196379190378236,0.43451790038648935
0,0,0,0,1,1,1,1,1,1,0,0,0,0,0,0,0,0,0,1,0.7832291317166841,0.645667815147885,0,0.5,0.7832291317166841,0.5299851871402009,0.59375,0.6280926685566943,0.5166906883976103
0,0,1,1,1,1,1,1,1,1,0,0,0,0,0,1,1,1,1,1,0.509949349514372,0.377913180406891,0,0.5,0.509949349514372,0.52697583086486,0.628571428571429,0.5210162151705011,0.45647828612214947
0,0,0,0,1,1,1,1,1,1,0,0,0,0,0,0,0,1,1,1,0.671005500785577,0.588004145238479,1,0.5,0.588004145238479,0.474159062705663,0.625,0.5785253767950362,0.48881746681738447
0,1,1,1,1,1,1,1,1,1,0,0,0,0,0,1,1,1,1,1,0.520922617847336,0.349936643108161,0,0.5,0.520922617847336,0.529232691860247,0.628571428571429,0.5231891417212635,0.45770018994368944
0,1,1,1,1,1,1,1,1,1,1,1,1,1,1,1,1,1,1,1,0.128991918031039,0.0376400364439743,1,0.5,0.0376400364439743,0.478713895319596,0.6764705882352939,0.36777415964499993,0.37030553757639173
0,0,0,0,0,1,1,1,1,1,0,0,0,0,0,0,0,0,1,1,0.741221666858034,0.600397900885593,1,0.5,0.600397900885593,0.47344252767951006,0.625,0.5983144993372449,0.49994550262271964
0,0,0,1,1,1,1,1,1,1,0,1,1,1,1,1,1,1,1,1,0.346989139424247,0.28678790409170596,1,0.5,0.28678790409170596,0.47885961795532705,0.3571428571428571,0.4524124632750987,0.4179002740933675
0,0,0,1,1,1,1,1,1,1,0,0,0,0,1,1,1,1,1,1,0.47444864232056105,0.39692498887309,1,0.5,0.39692498887309,0.476302897813504,0.37142857142857105,0.5068069479255621,0.44848797556987535
0,0,1,1,1,1,1,1,1,1,0,0,0,0,1,1,1,1,1,1,0.45033400146042496,0.354179062337808,1,0.5,0.354179062337808,0.47345858089578,0.37142857142857105,0.5080045086356014,0.4491614010050838
0,0,0,0,0,0,0,1,1,1,1,1,1,1,1,1,1,1,1,1,0.283279699662695,0.304944887567636,0,0.5,0.283279699662695,0.511555915376671,0.645833333333333,0.3979877358813967,0.38729556618674166
0,0,0,0,1,1,1,1,1,1,0,0,0,0,0,0,0,0,0,1,0.7742888067025159,0.6732717314104539,0,0.5,0.7742888067025159,0.528532742824336,0.59375,0.6307544321909428,0.5181874804339464
0,0,0,0,0,0,0,0,1,1,0,0,0,0,0,0,0,1,1,1,0.7023444906017778,0.6578507505684599,1,0.5,0.6578507505684599,0.48089209529547794,0.625,0.5683975483558033,0.48312227556968307
0,0,0,0,1,1,1,1,1,1,0,1,1,1,1,1,1,1,1,1,0.36727563689906,0.333172342418706,0,0.5,0.36727563689906,0.5200205784770909,0.6428571428571429,0.45169349684714116,0.4174959770288523
0,0,0,0,0,0,1,1,1,1,0,0,0,0,0,1,1,1,1,1,0.587101506373177,0.49959423996714003,1,0.5,0.49959423996714003,0.47903844825338,0.625,0.5314884535147344,0.4623671497141592
0,0,0,0,0,0,0,0,1,1,1,1,1,1,1,1,1,1,1,1,0.270641029263182,0.326814119131486,1,0.5,0.326814119131486,0.4904106575417,0.3541666666666671,0.39570615230583717,0.38601256115872506
0,0,0,0,1,1,1,1,1,1,0,0,0,0,0,0,0,0,0,1,0.7554371848821229,0.6176332934801829,1,0.5,0.6176332934801829,0.47051546557639895,0.40625,0.619460185364138,0.5118363760423845
0,0,1,1,1,1,1,1,1,1,0,0,0,0,0,1,1,1,1,1,0.49956353036046103,0.404760401011639,0,0.5,0.49956353036046103,0.527448676634955,0.628571428571429,0.5231302187637117,0.4576670557418069
1,1,1,1,1,1,1,1,1,1,0,0,0,1,1,1,1,1,1,1,0.393988447457364,0.19790679124272,0,0.5,0.393988447457364,0.530313256079332,0.6923076923076921,0.47797142615202337,0.4322728696157309
0,0,0,0,0,1,1,1,1,1,0,1,1,1,1,1,1,1,1,1,0.39516351032813507,0.32567140662412,0,0.5,0.39516351032813507,0.516304291859077,0.645833333333333,0.43708578142434873,0.40928160673970676
0,0,0,0,0,0,1,1,1,1,0,1,1,1,1,1,1,1,1,1,0.280451562963847,0.322028644846267,1,0.5,0.322028644846267,0.486209206772749,0.3541666666666671,0.42279133113407785,0.4012433951258044
0,0,0,0,0,1,1,1,1,1,0,0,0,1,1,1,1,1,1,1,0.430444849160898,0.4053079664031961,1,0.5,0.4053079664031961,0.479833328944629,0.37142857142857105,0.4888040047787044,0.43836436369611276
0,0,0,0,0,0,0,0,1,1,0,0,0,1,1,1,1,1,1,1,0.45499991727226,0.5166337237376439,1,0.5,0.5166337237376439,0.488043423249719,0.37142857142857105,0.4816064806686796,0.4343169732251465
0,0,1,1,1,1,1,1,1,1,0,0,0,1,1,1,1,1,1,1,0.43779777479441395,0.31812550953036794,1,0.5,0.31812550953036794,0.47542586970948497,0.37142857142857105,0.48525394218064766,0.43636805367185094
1,1,1,1,1,1,1,1,1,1,0,0,0,0,1,1,1,1,1,1,0.47631818109098395,0.29446087422555395,1,0.5,0.29446087422555395,0.46876210562997794,0.8888888888888891,0.5133670047363748,0.45217689845769166
0,0,1,1,1,1,1,1,1,1,0,0,0,0,0,0,0,1,1,1,0.627253545342349,0.493986319129052,1,0.5,0.493986319129052,0.469923615544818,0.428571428571428,0.573490815321648,0.4859863771507998
0,0,0,0,0,1,1,1,1,1,1,1,1,1,1,1,1,1,1,1,0.305542474966676,0.25493416521775,0,0.5,0.305542474966676,0.514772398272466,0.645833333333333,0.4045246797228294,0.39097149193684866
0,0,0,0,1,1,1,1,1,1,0,0,0,0,0,0,0,0,1,1,0.65547700848714,0.566507881396823,1,0.5,0.566507881396823,0.473237702104798,0.625,0.5865717418705939,0.4933421868231665
0,0,0,0,0,0,1,1,1,1,0,0,0,0,0,0,1,1,1,1,0.592259669322353,0.590456002838506,0,0.5,0.592259669322353,0.520241181688524,0.375,0.5427415295231892,0.4686951024808951
0,0,0,0,0,1,1,1,1,1,1,1,1,1,1,1,1,1,1,1,0.232012189649196,0.229697673077061,1,0.5,0.229697673077061,0.48489673156938107,0.6764705882352939,0.3933136364958532,0.384667175503472
0,1,1,1,1,1,1,1,1,1,1,1,1,1,1,1,1,1,1,1,0.256892140370218,0.15794472224315198,1,0.5,0.15794472224315198,0.47786775033596396,0.6764705882352939,0.40771745408251014,0.3927668877315385
0,0,0,0,0,0,0,0,0,1,0,0,0,0,1,1,1,1,1,1,0.555813622245889,0.5932532955570029,1,0.5,0.5932532955570029,0.487967389548751,0.37142857142857105,0.5092333835183597,0.44985243536835295
0,0,0,0,0,0,0,1,1,1,0,0,0,0,1,1,1,1,1,1,0.534834415092184,0.511513894676903,0,0.5,0.534834415092184,0.516738953195234,0.628571428571429,0.5066439233950661,0.44839630183302126
0,0,0,1,1,1,1,1,1,1,0,0,0,1,1,1,1,1,1,1,0.436927801525568,0.352187796553936,0,0.5,0.436927801525568,0.523730876302055,0.628571428571429,0.48762802196603205,0.4377030721801315
0,0,0,0,0,1,1,1,1,1,1,1,1,1,1,1,1,1,1,1,0.123438325548411,0.12614309773209698,1,0.5,0.12614309773209698,0.4866022265981021,0.6764705882352939,0.35615225348231505,0.3637701802037364
0,0,0,0,0,0,0,1,1,1,0,0,0,1,1,1,1,1,1,1,0.504575070636269,0.47987394042372294,0,0.5,0.504575070636269,0.5166320471374071,0.628571428571429,0.4880140443436315,0.4379201445051133
1,1,1,1,1,1,1,1,1,1,0,0,0,0,1,1,1,1,1,1,0.406808723159448,0.19374582118690598,0,0.5,0.406808723159448,0.53538370438163,0.6923076923076921,0.4992186261589486,0.4442208274868227
0,0,0,0,0,0,0,0,1,1,0,0,0,0,0,0,0,0,1,1,0.7437743006113822,0.7318523703566909,0,0.5,0.7437743006113822,0.5186312152985171,0.375,0.5814992767973549,0.49048978278979316
0,0,0,0,0,1,1,1,1,1,0,0,1,1,1,1,1,1,1,1,0.37045675449816495,0.35632639391921,0,0.5,0.37045675449816495,0.518661665024331,0.645833333333333,0.4641237773655439,0.42448590830974214
0,1,1,1,1,1,1,1,1,1,0,0,1,1,1,1,1,1,1,1,0.368579916067845,0.269818523034927,0,0.5,0.368579916067845,0.5269352943637611,0.628571428571429,0.4758952918421382,0.4311053950656184
1,1,1,1,1,1,1,1,1,1,0,0,1,1,1,1,1,1,1,1,0.329620095384836,0.24095044547648,0,0.5,0.329620095384836,0.529023433674063,0.111111111111111,0.4721678194084388,0.42900932200239217
0,1,1,1,1,1,1,1,1,1,0,0,0,0,0,1,1,1,1,1,0.505911027929275,0.38879700991895294,1,0.5,0.38879700991895294,0.47071754201891497,0.85,0.5254631513645428,0.45897893591527644
1,1,1,1,1,1,1,1,1,1,0,1,1,1,1,1,1,1,1,1,0.326674832058402,0.15118016833245998,0,0.5,0.326674832058402,0.528405914772185,0.6923076923076921,0.44543974749915316,0.41397930030336505
0,0,0,0,0,0,1,1,1,1,0,0,0,0,0,0,0,0,0,1,0.9156452906240259,0.81709957134496,0,0.5,0.9156452906240259,0.528269969795828,0.7857142857142858,0.6827703342046265,0.547437631309533
0,1,1,1,1,1,1,1,1,1,0,0,0,0,0,0,0,1,1,1,0.597770541586063,0.399646405109971,1,0.5,0.399646405109971,0.4668654716745301,0.428571428571428,0.5639245485297023,0.4806069693899401
1,1,1,1,1,1,1,1,1,1,0,0,0,0,0,0,1,1,1,1,0.45414941579973206,0.264903213216155,1,0.5,0.264903213216155,0.46095834772137,0.307692307692308,0.5443629850361107,0.4696068970774499
0,0,0,0,0,0,0,0,0,1,0,1,1,1,1,1,1,1,1,1,0.43713497087381,0.47358893612477293,1,0.5,0.47358893612477293,0.49235948447232203,0.652173913043478,0.44301491585785546,0.4126157424564359
0,0,0,0,0,0,1,1,1,1,0,0,0,0,0,0,0,0,0,1,0.7829031478285431,0.7434562855749871,0,0.5,0.7829031478285431,0.525578467318206,0.59375,0.6354180591992713,0.5208099821755328
0,0,0,1,1,1,1,1,1,1,0,0,0,1,1,1,1,1,1,1,0.438523290662299,0.34253497417727796,0,0.5,0.438523290662299,0.524402101010792,0.628571428571429,0.49183320088776,0.44006777437998995
0,0,0,0,0,0,0,1,1,1,0,0,0,0,0,1,1,1,1,1,0.608648268076267,0.560777250758086,1,0.5,0.560777250758086,0.48032735760003403,0.625,0.53405466553104,0.46381021011972395
0,0,0,0,0,0,1,1,1,1,0,1,1,1,1,1,1,1,1,1,0.350925722130643,0.354973427109759,1,0.5,0.354973427109759,0.48555673630233603,0.3541666666666671,0.43149917253659315,0.40614008373378524
0,0,0,0,0,0,0,0,0,1,0,0,0,0,0,0,1,1,1,1,0.653467375153721,0.716122261885218,1,0.5,0.716122261885218,0.488939506522701,0.33333333333333304,0.5447684081015707,0.4698348790093989
0,0,0,0,1,1,1,1,1,1,1,1,1,1,1,1,1,1,1,1,0.243427515610043,0.20145933733469698,0,0.5,0.243427515610043,0.5170101211632341,0.323529411764706,0.40150881079703044,0.38927557554040887
0,0,0,0,1,1,1,1,1,1,0,0,0,0,0,0,0,1,1,1,0.630170270805965,0.531684786268125,0,0.5,0.630170270805965,0.526228216698118,0.375,0.5684461588591478,0.48314961075953705
0,0,0,0,0,0,0,0,0,1,0,0,0,0,0,0,0,0,1,1,0.7668520060104659,0.8121606079512499,0,0.5,0.7668520060104659,0.517845962595929,0.666666666666667,0.6092140612305809,0.5060746634661479
0,0,0,0,0,0,0,0,1,1,0,0,0,0,0,1,1,1,1,1,0.554682243064901,0.578981528338485,1,0.5,0.578981528338485,0.483841585673895,0.37142857142857105,0.5172009999533859,0.45433287257738203
0,0,0,0,0,0,0,0,0,1,0,0,0,0,1,1,1,1,1,1,0.575759686340467,0.6892774296954611,0,0.5,0.575759686340467,0.50710179232986,0.628571428571429,0.5045415683135954,0.44721408253187567
0,1,1,1,1,1,1,1,1,1,0,0,0,0,0,0,0,0,1,1,0.6448429939462921,0.48125539496180897,1,0.5,0.48125539496180897,0.46474862727489,0.428571428571428,0.5989263915012373,0.5002895885161385
0,0,0,0,0,0,0,1,1,1,0,0,0,1,1,1,1,1,1,1,0.4687524745345771,0.46681658273139903,1,0.5,0.46681658273139903,0.4830030100657679,0.37142857142857105,0.4851668645731888,0.43631908723932833
0,0,1,1,1,1,1,1,1,1,0,0,0,0,0,0,0,1,1,1,0.584006337600004,0.50222097366041,0,0.5,0.584006337600004,0.528664657322373,0.5714285714285721,0.5684304031789893,0.4831407508531633
1,1,1,1,1,1,1,1,1,1,0,0,1,1,1,1,1,1,1,1,0.28648517384202005,0.121006823395151,0,0.5,0.28648517384202005,0.532388362746669,0.6923076923076921,0.45951351918391237,0.4218934175104351
0,0,0,0,1,1,1,1,1,1,1,1,1,1,1,1,1,1,1,1,0.0458681374077784,0.0284426039509188,1,0.5,0.0284426039509188,0.48788929187056707,0.6764705882352939,0.3126271094596702,0.3392946452181259
0,0,0,0,0,0,0,0,0,1,0,0,1,1,1,1,1,1,1,1,0.46082725958165704,0.520948391686281,0,0.5,0.46082725958165704,0.510014474060103,0.34782608695652195,0.4646911861033821,0.42480497979648724
0,0,0,0,0,0,0,0,0,1,0,0,0,0,0,0,0,0,0,1,0.842022851404168,0.874520935939008,1,0.5,0.874520935939008,0.47986869826480605,0.40625,0.6442672213122538,0.5257861397909321
0,0,0,0,0,1,1,1,1,1,0,0,0,0,0,0,0,1,1,1,0.6267348182685961,0.586761429350192,1,0.5,0.586761429350192,0.476286607193063,0.625,0.5663442826056859,0.48196766071819386
0,0,0,0,1,1,1,1,1,1,0,0,0,0,0,0,1,1,1,1,0.56304541511592,0.496656680002258,1,0.5,0.496656680002258,0.47590682222753294,0.625,0.536793295708806,0.4653502265914371
0,0,0,0,0,0,0,0,1,1,0,0,0,0,0,0,0,1,1,1,0.632845628623693,0.6443997257698979,1,0.5,0.6443997257698979,0.481537261916549,0.625,0.5620805802347644,0.47957004897236194
1,1,1,1,1,1,1,1,1,1,0,0,0,0,0,0,0,0,1,1,0.556773592976717,0.368332126114646,0,0.5,0.556773592976717,0.538476957571416,0.6923076923076921,0.5805267945609405,0.48994292594337213
0,0,0,0,0,0,0,1,1,1,0,0,0,0,0,0,0,0,1,1,0.7462515437432858,0.6716923867957451,0,0.5,0.7462515437432858,0.522166444069425,0.375,0.5953028614899779,0.49825196549263173
0,1,1,1,1,1,1,1,1,1,0,0,0,0,0,0,0,1,1,1,0.580205963725043,0.42068018683760705,0,0.5,0.580205963725043,0.5306662525842121,0.5714285714285721,0.5665000270920344,0.4820552406610071
0,0,0,0,0,0,0,0,1,1,0,1,1,1,1,1,1,1,1,1,0.371358822379433,0.36455221427167,0,0.5,0.371358822379433,0.511621953305661,0.645833333333333,0.4340696075681505,0.40758551887147
0,1,1,1,1,1,1,1,1,1,0,0,1,1,1,1,1,1,1,1,0.36150512636098703,0.232927558229554,1,0.5,0.232927558229554,0.472481771459323,0.3571428571428571,0.46061528262831214,0.42251297317957304
0,0,0,0,0,1,1,1,1,1,0,0,0,0,0,0,0,0,1,1,0.723081739072347,0.634821294214449,0,0.5,0.723081739072347,0.526286837979625,0.59375,0.6039332355852519,0.5031050918372083
0,0,0,0,0,0,0,1,1,1,0,0,0,0,0,0,0,0,1,1,0.668475323059417,0.675143959694771,1,0.5,0.675143959694771,0.47809892488117406,0.625,0.58063839929022,0.49000568473526995
0,0,0,0,0,0,0,0,1,1,0,0,1,1,1,1,1,1,1,1,0.424834149352334,0.46708166599820294,1,0.5,0.46708166599820294,0.48855393106118894,0.652173913043478,0.4567055369181258,0.42031440221413935
0,0,0,1,1,1,1,1,1,1,0,1,1,1,1,1,1,1,1,1,0.311876099887382,0.257941812825123,0,0.5,0.311876099887382,0.5196373978169571,0.6428571428571429,0.433140278973176,0.40706292865263943
0,0,1,1,1,1,1,1,1,1,0,0,0,0,0,1,1,1,1,1,0.479252830344955,0.39431721125960706,1,0.5,0.39431721125960706,0.472726559034472,0.85,0.5237105897781601,0.45799341631769325
0,0,0,0,1,1,1,1,1,1,1,1,1,1,1,1,1,1,1,1,0.26328335928350305,0.216883363847439,0,0.5,0.26328335928350305,0.516429763801207,0.323529411764706,0.4019517190541073,0.38952463655525266
0,0,0,0,0,1,1,1,1,1,0,1,1,1,1,1,1,1,1,1,0.350480425921742,0.36667912778602296,0,0.5,0.350480425921742,0.516912700104764,0.645833333333333,0.44456826930092563,0.4134892411522955
0,0,0,0,0,0,1,1,1,1,0,0,0,0,0,0,0,0,1,1,0.6867338103301529,0.640096265284375,1,0.5,0.640096265284375,0.476140773928007,0.625,0.5799076909784449,0.4895947848462351
0,0,1,1,1,1,1,1,1,1,0,0,0,0,1,1,1,1,1,1,0.477556103308558,0.36213398205949104,0,0.5,0.477556103308558,0.527732446761219,0.628571428571429,0.5149085374205999,0.4530437499751636
0,0,0,0,0,0,1,1,1,1,0,0,0,0,0,0,0,0,1,1,0.673176304628803,0.6318791311414731,1,0.5,0.6318791311414731,0.477227183905084,0.625,0.5829019049543878,0.49127852399444943
0,0,0,0,0,1,1,1,1,1,0,0,0,0,0,0,1,1,1,1,0.5870131810661291,0.521311327439652,0,0.5,0.5870131810661291,0.523707476939971,0.375,0.5504622274886386,0.47303668979576696
0,0,0,0,0,1,1,1,1,1,0,0,0,0,0,1,1,1,1,1,0.5383077776801479,0.467533857721441,0,0.5,0.5383077776801479,0.52203470731848,0.628571428571429,0.5231918921353272,0.4577017365866048
0,1,1,1,1,1,1,1,1,1,1,1,1,1,1,1,1,1,1,1,0.20931801150619,0.0472776537830921,0,0.5,0.20931801150619,0.523356764622774,0.323529411764706,0.3940959590378605,0.38510709967091344
0,0,0,0,0,1,1,1,1,1,0,0,0,0,0,0,0,1,1,1,0.663117990310346,0.613495789452626,1,0.5,0.613495789452626,0.47477028041955893,0.625,0.5740853034846337,0.48632067623603925
0,0,0,0,0,0,0,1,1,1,0,0,0,0,1,1,1,1,1,1,0.533376682525755,0.49139910703189,1,0.5,0.49139910703189,0.48323822691659296,0.37142857142857105,0.5037410892499795,0.44676394839064026
0,0,0,0,0,0,0,0,1,1,1,1,1,1,1,1,1,1,1,1,0.33708136188081705,0.38457662184855296,0,0.5,0.33708136188081705,0.509890840506932,0.34782608695652195,0.4198842644919879,0.39960866161942116
0,0,0,1,1,1,1,1,1,1,0,0,0,0,1,1,1,1,1,1,0.46595389568494106,0.403186393316501,0,0.5,0.46595389568494106,0.523938841623262,0.628571428571429,0.5089861640924398,0.44971341623713357
0,0,0,0,0,0,0,0,1,1,0,0,0,0,1,1,1,1,1,1,0.589754363354848,0.582441844379619,0,0.5,0.589754363354848,0.514759590590062,0.628571428571429,0.514610205436749,0.45287598867139234
0,0,0,0,0,0,1,1,1,1,0,0,0,0,0,0,1,1,1,1,0.5774533839486871,0.559465471092712,0,0.5,0.5774533839486871,0.520201886831252,0.375,0.5377992224526142,0.46591589031901104
0,0,0,0,0,0,0,0,0,1,0,0,0,0,0,1,1,1,1,1,0.642740143621569,0.7095751991508341,1,0.5,0.7095751991508341,0.488688098212122,0.33333333333333304,0.5331960591283997,0.4633273891775174
0,1,1,1,1,1,1,1,1,1,0,1,1,1,1,1,1,1,1,1,0.288280656588044,0.14193190310499698,1,0.5,0.14193190310499698,0.4741336485285971,0.3571428571428571,0.43771237381807676,0.4096339590270749
0,0,0,0,0,0,0,0,0,1,0,0,0,0,1,1,1,1,1,1,0.5789526691754311,0.664245111012121,1,0.5,0.664245111012121,0.4934350885743529,0.37142857142857105,0.5086991263555805,0.44955200603784656
0,1,1,1,1,1,1,1,1,1,0,0,0,0,0,1,1,1,1,1,0.503939687529667,0.31986365972614,0,0.5,0.503939687529667,0.531253719568261,0.15,0.52495971020047,0.45869583537417197
0,0,0,0,0,1,1,1,1,1,0,0,0,0,1,1,1,1,1,1,0.478318566617718,0.434354100884352,0,0.5,0.478318566617718,0.521346712365457,0.628571428571429,0.5000702685436675,0.444699732346312
0,0,0,0,0,0,1,1,1,1,0,0,0,0,1,1,1,1,1,1,0.5126485419075639,0.48434782737239795,1,0.5,0.48434782737239795,0.481528039975752,0.37142857142857105,0.5019144966781427,0.44573679887970036
0,0,1,1,1,1,1,1,1,1,0,0,0,0,0,0,0,0,1,1,0.6760044022142261,0.5150238323805971,0,0.5,0.6760044022142261,0.53061999010724,0.5714285714285721,0.5951593463936405,0.49817126251415245
0,1,1,1,1,1,1,1,1,1,0,0,0,0,0,0,0,1,1,1,0.5666815378820389,0.39253239109177795,0,0.5,0.5666815378820389,0.5326811240004611,0.5714285714285721,0.557668820106975,0.4770891797695019
0,0,0,0,0,0,0,0,0,1,0,0,0,0,0,1,1,1,1,1,0.5697872037888541,0.634087346894371,1,0.5,0.634087346894371,0.48658975761051,0.85,0.5234991032797757,0.45787449091706733
0,0,0,1,1,1,1,1,1,1,0,0,0,0,0,0,0,1,1,1,0.639428662760406,0.535409190061668,1,0.5,0.535409190061668,0.472643608420591,0.625,0.571340145418508,0.4847769889307535
0,0,0,0,1,1,1,1,1,1,0,0,0,0,0,0,0,1,1,1,0.660697711655756,0.555719133864272,0,0.5,0.660697711655756,0.52701966924281,0.375,0.5745060947187669,0.48655730016466564
0,0,0,0,0,0,0,0,0,1,0,1,1,1,1,1,1,1,1,1,0.463571202183132,0.642590906937236,1,0.5,0.642590906937236,0.5009963078199171,0.652173913043478,0.440743163689066,0.41133826593259226
0,0,0,0,0,0,0,0,0,1,0,0,0,1,1,1,1,1,1,1,0.5633163490741829,0.626203096163816,0,0.5,0.5633163490741829,0.5089703453893429,0.628571428571429,0.497779027080833,0.4434112963895025
0,0,0,0,1,1,1,1,1,1,0,0,0,0,0,0,0,0,1,1,0.64977458893202,0.5611525295371539,0,0.5,0.64977458893202,0.525872835584483,0.375,0.5801390336304643,0.48972487597632347
0,0,0,0,0,0,0,1,1,1,0,0,0,0,0,0,0,0,1,1,0.711695290537711,0.683955694308223,0,0.5,0.711695290537711,0.520681192569201,0.375,0.5851538406091661,0.4925448570794174
0,0,0,0,0,0,0,1,1,1,0,0,0,0,0,0,0,0,1,1,0.72889363341351,0.6666199135821049,0,0.5,0.72889363341351,0.522918156324079,0.59375,0.600513189756799,0.5011818942647168
0,0,0,0,0,0,1,1,1,1,1,1,1,1,1,1,1,1,1,1,0.22095340631565102,0.255967288815722,0,0.5,0.22095340631565102,0.5117507776797929,0.645833333333333,0.386541155406417,0.38085879987218996
0,0,0,0,0,1,1,1,1,1,0,0,0,0,0,1,1,1,1,1,0.513425703743103,0.49735507101379206,1,0.5,0.49735507101379206,0.47781985703850394,0.85,0.5241828582247532,0.45825898747539406
0,1,1,1,1,1,1,1,1,1,0,0,0,0,0,1,1,1,1,1,0.523635845288906,0.366468138750066,0,0.5,0.523635845288906,0.53025102503983,0.5714285714285721,0.5345202847556287,0.46407204221419024
0,0,0,0,0,0,0,0,1,1,0,0,0,0,1,1,1,1,1,1,0.500596267442514,0.524274740485944,0,0.5,0.500596267442514,0.515666788011708,0.628571428571429,0.5019426850617194,0.4457526500798264
0,0,0,1,1,1,1,1,1,1,0,0,0,0,0,0,1,1,1,1,0.556332236576248,0.43567425087428996,0,0.5,0.556332236576248,0.526359123350338,0.375,0.5453874874859055,0.47018300649916145
0,0,0,0,0,1,1,1,1,1,0,0,0,0,0,0,0,0,1,1,0.7269244014836079,0.6142015699855179,1,0.5,0.6142015699855179,0.47403667409727795,0.625,0.5909737514058259,0.49581757296618545
0,1,1,1,1,1,1,1,1,1,0,0,0,0,0,0,0,1,1,1,0.556331946820691,0.41370711265277,0,0.5,0.556331946820691,0.53301120644945,0.5714285714285721,0.5574228850260715,0.4769508828652179
0,0,0,1,1,1,1,1,1,1,0,0,0,1,1,1,1,1,1,1,0.403407301330976,0.301887922755654,0,0.5,0.403407301330976,0.5236984205595,0.628571428571429,0.47908588381030476,0.43289956363404497
1,1,1,1,1,1,1,1,1,1,1,1,1,1,1,1,1,1,1,1,0.12491053014437,0.0264864952798453,1,0.5,0.0264864952798453,0.47617463419787803,0.8888888888888891,0.3848797073322848,0.37992451622124923
0,1,1,1,1,1,1,1,1,1,1,1,1,1,1,1,1,1,1,1,0.169183401339362,0.10572205016479401,1,0.5,0.10572205016479401,0.476799157489063,0.6764705882352939,0.38930034792745105,0.38241037918564313
0,0,0,0,0,0,0,1,1,1,0,0,0,0,0,0,1,1,1,1,0.6043017649960379,0.5985472244839251,1,0.5,0.5985472244839251,0.482021181111308,0.625,0.5386275646773799,0.46638169277774066
0,0,0,0,0,0,0,0,0,1,0,0,0,0,0,0,0,0,1,1,0.7465277789162191,0.8566073371166519,1,0.5,0.8566073371166519,0.48874986598329206,0.33333333333333304,0.5847972097355032,0.49234431250636
0,0,0,0,0,0,0,0,0,1,0,0,0,1,1,1,1,1,1,1,0.5401473971164009,0.6246365882484279,1,0.5,0.6246365882484279,0.491658605695541,0.37142857142857105,0.49533336844502857,0.4420360268792546
0,0,0,0,0,0,1,1,1,1,0,0,1,1,1,1,1,1,1,1,0.405127903214845,0.3678856863200421,1,0.5,0.3678856863200421,0.48297345657427204,0.3541666666666671,0.45968545779566866,0.4219901039109495
0,0,0,0,0,0,0,0,1,1,1,1,1,1,1,1,1,1,1,1,0.28833407380394105,0.30398202973550603,0,0.5,0.28833407380394105,0.50932875544061,0.645833333333333,0.39516595653024633,0.3857087923625167
0,0,1,1,1,1,1,1,1,1,0,0,1,1,1,1,1,1,1,1,0.363296722974419,0.30585912122858194,1,0.5,0.30585912122858194,0.475552453847785,0.3571428571428571,0.46745705536134197,0.42636031364566646
0,0,1,1,1,1,1,1,1,1,0,0,1,1,1,1,1,1,1,1,0.321558845368346,0.234551350115275,0,0.5,0.321558845368346,0.5239496542375289,0.6428571428571429,0.4555371493100086,0.419657381716646
0,0,0,1,1,1,1,1,1,1,0,1,1,1,1,1,1,1,1,1,0.342895924090968,0.27708939098218,1,0.5,0.27708939098218,0.47916324194706894,0.3571428571428571,0.44278902452265745,0.41248871677043913
1,1,1,1,1,1,1,1,1,1,0,0,1,1,1,1,1,1,1,1,0.37814679259327,0.154948392770156,1,0.5,0.154948392770156,0.466301528226656,0.307692307692308,0.4756403500828595,0.4309620334274519
0,0,0,0,0,0,0,0,0,1,0,0,0,0,0,0,1,1,1,1,0.6630012001334761,0.701199984946921,0,0.5,0.6630012001334761,0.514177876892232,0.666666666666667,0.5539166053204836,0.4749791933158668
0,0,0,1,1,1,1,1,1,1,0,0,0,0,0,0,0,0,1,1,0.700060566902963,0.5940536637199929,1,0.5,0.5940536637199929,0.470579165034729,0.625,0.599292489843827,0.5004954569398608
0,0,0,0,0,0,0,0,0,1,0,1,1,1,1,1,1,1,1,1,0.43601892454876706,0.474953662193693,1,0.5,0.474953662193693,0.49024958829573706,0.652173913043478,0.4518516135331885,0.417584890932943
0,0,1,1,1,1,1,1,1,1,0,0,0,0,0,0,0,1,1,1,0.615552750896663,0.460709188749435,1,0.5,0.460709188749435,0.47009104719012795,0.428571428571428,0.570261344522368,0.4841703458128756
0,0,0,0,0,0,0,1,1,1,0,0,0,0,0,1,1,1,1,1,0.5508504617035239,0.5556311103644089,0,0.5,0.5508504617035239,0.518590259265137,0.15,0.5241503928877914,0.45824073121206693
0,0,0,0,1,1,1,1,1,1,0,0,1,1,1,1,1,1,1,1,0.38590834854305395,0.308617707810202,1,0.5,0.308617707810202,0.479534540989483,0.3571428571428571,0.4545486154631061,0.419101498553072
1,1,1,1,1,1,1,1,1,1,0,0,0,0,0,0,0,1,1,1,0.59762756708486,0.39136248316130695,1,0.5,0.39136248316130695,0.46539654541715897,0.8888888888888891,0.5727220653791092,0.4855540852759238
0,0,0,0,0,0,1,1,1,1,0,1,1,1,1,1,1,1,1,1,0.32685700934968503,0.30564952042550797,1,0.5,0.30564952042550797,0.4849911354682229,0.3541666666666671,0.4264476908828817,0.40329947932635907
1,1,1,1,1,1,1,1,1,1,1,1,1,1,1,1,1,1,1,1,0.153200316578309,0.0177540391471289,0,0.5,0.153200316578309,0.526993255485704,0.6923076923076921,0.39128417100365803,0.38352594427330144
0,0,0,0,1,1,1,1,1,1,0,0,0,0,0,0,0,1,1,1,0.5789086235380029,0.5359779452081379,1,0.5,0.5359779452081379,0.47450815292592696,0.625,0.561944712042727,0.47949364608473655
0,0,0,0,0,0,1,1,1,1,0,1,1,1,1,1,1,1,1,1,0.346163748576743,0.306876040588007,0,0.5,0.346163748576743,0.51522670498998,0.645833333333333,0.4222222639141662,0.4009233910232823
0,0,1,1,1,1,1,1,1,1,0,0,0,0,0,1,1,1,1,1,0.509906460353432,0.42023089819046294,1,0.5,0.42023089819046294,0.47293173571671293,0.85,0.5253961057832697,0.4589412341107924
0,0,0,0,0,1,1,1,1,1,1,1,1,1,1,1,1,1,1,1,0.28533855664668895,0.26066985274869303,1,0.5,0.26066985274869303,0.48322568331946797,0.6764705882352939,0.41653446428580865,0.3977249653334654
0,1,1,1,1,1,1,1,1,1,0,0,0,0,1,1,1,1,1,1,0.44185201739418895,0.302786322556917,1,0.5,0.302786322556917,0.47131666323313,0.37142857142857105,0.5016778387387678,0.4456037187990973
0,0,0,0,0,0,0,1,1,1,0,0,0,1,1,1,1,1,1,1,0.45897607054668105,0.468694028353588,0,0.5,0.45897607054668105,0.5155786682956099,0.628571428571429,0.4825312314968295,0.434836989224073
0,0,1,1,1,1,1,1,1,1,0,0,0,0,0,0,1,1,1,1,0.579374591491543,0.38560943435027,0,0.5,0.579374591491543,0.529240399387076,0.5714285714285721,0.5445667762726406,0.469721495194273
0,0,0,0,1,1,1,1,1,1,0,0,0,0,0,1,1,1,1,1,0.55561751141297,0.44508952850766703,1,0.5,0.44508952850766703,0.476166347903108,0.85,0.5277752691527903,0.46027911127569937
0,0,0,0,0,0,0,0,0,1,0,0,0,0,0,1,1,1,1,1,0.622182830774113,0.6390868656698381,0,0.5,0.622182830774113,0.512900056176719,0.666666666666667,0.5331886204274588,0.4633232061658533
0,0,1,1,1,1,1,1,1,1,0,0,0,0,0,0,0,1,1,1,0.6016568082570029,0.48332432514875,0,0.5,0.6016568082570029,0.5287779519577399,0.5714285714285721,0.5651925224074276,0.48131999032765277
0,0,0,0,1,1,1,1,1,1,1,1,1,1,1,1,1,1,1,1,0.0611574070421574,0.0727657397553097,1,0.5,0.0727657397553097,0.48741137469584495,0.6764705882352939,0.32633407108903784,0.3470024937833476
0,0,0,0,0,0,1,1,1,1,0,0,0,0,0,1,1,1,1,1,0.5284697089448711,0.51530177739643,0,0.5,0.5284697089448711,0.519821167618616,0.628571428571429,0.5197275693389163,0.4557536407052703
1,1,1,1,1,1,1,1,1,1,0,0,0,0,0,0,0,1,1,1,0.5670468977548729,0.374546752336711,0,0.5,0.5670468977548729,0.538485561351801,0.6923076923076921,0.5753799113512513,0.48704867428966
0,0,0,0,0,1,1,1,1,1,1,1,1,1,1,1,1,1,1,1,0.0,0.0166394962400723,0,0.5,0.0,0.509660800970652,0.323529411764706,0.28635088364395284,0.3245187105559042
0,0,0,1,1,1,1,1,1,1,0,0,0,0,0,0,1,1,1,1,0.541642349471672,0.462775756421198,1,0.5,0.462775756421198,0.47444095799739006,0.625,0.5365434433332331,0.4652097268711745
0,0,0,0,0,0,0,0,0,1,0,0,0,1,1,1,1,1,1,1,0.475713022295938,0.56729611658659,1,0.5,0.56729611658659,0.48861011293308104,0.37142857142857105,0.48151821047173515,0.43426733616266194
0,0,0,0,0,0,0,1,1,1,0,1,1,1,1,1,1,1,1,1,0.40212456719900896,0.42559819957798206,0,0.5,0.40212456719900896,0.514211192860445,0.645833333333333,0.45368041865170755,0.41861328462733005
0,0,0,0,0,0,0,0,1,1,0,1,1,1,1,1,1,1,1,1,0.34992434792914695,0.34411209629954304,1,0.5,0.34411209629954304,0.488427580312758,0.3541666666666671,0.42437169089254456,0.40213208030828373
0,0,0,0,1,1,1,1,1,1,1,1,1,1,1,1,1,1,1,1,0.157415463531018,0.14769628461247,0,0.5,0.157415463531018,0.516068266951118,0.323529411764706,0.3736000608253247,0.37358162204121415
0,0,0,0,1,1,1,1,1,1,0,0,0,0,0,0,0,1,1,1,0.614442345651158,0.523207089762092,0,0.5,0.614442345651158,0.5256419729274421,0.375,0.5648796753921216,0.4811440667726547
0,0,1,1,1,1,1,1,1,1,0,0,0,0,0,0,0,1,1,1,0.5733218253125439,0.478766972491931,0,0.5,0.5733218253125439,0.5280994227081021,0.5714285714285721,0.5581176890906681,0.47734159268532395
1,1,1,1,1,1,1,1,1,1,0,0,0,0,0,0,0,0,0,1,0.808055909534113,0.5366233881520079,1,0.5,0.5366233881520079,0.454155197779541,0.307692307692308,0.6820028219843689,0.5470060354441862
0,0,0,0,0,0,0,0,0,1,0,0,0,0,0,0,0,1,1,1,0.655120449407962,0.692712028910713,0,0.5,0.655120449407962,0.515661552889124,0.375,0.5558788028362501,0.4760825976818773
0,0,0,0,0,0,0,0,0,1,0,0,0,0,0,0,1,1,1,1,0.675542762489616,0.70099966103222,1,0.5,0.70099966103222,0.48458293705674893,0.625,0.5513533856280715,0.4735378155865984
0,0,0,0,1,1,1,1,1,1,0,1,1,1,1,1,1,1,1,1,0.27551474995134195,0.29594821179156394,1,0.5,0.29594821179156394,0.48147582065894895,0.6764705882352939,0.4312283278900471,0.40598777941013375
0,1,1,1,1,1,1,1,1,1,1,1,1,1,1,1,1,1,1,1,0.15740625467199,0.066834246826779,1,0.5,0.066834246826779,0.4797248154406811,0.6764705882352939,0.3754054587033917,0.37459685312016444
0,0,0,0,0,1,1,1,1,1,0,0,0,0,0,0,0,1,1,1,0.615306216129462,0.554391166559952,1,0.5,0.554391166559952,0.47677661009459005,0.625,0.5579483956467034,0.4772463937444903
0,0,0,1,1,1,1,1,1,1,0,1,1,1,1,1,1,1,1,1,0.348465149395615,0.271636289518805,0,0.5,0.348465149395615,0.520786018813035,0.6428571428571429,0.4473029560982138,0.41502704013917285
0,1,1,1,1,1,1,1,1,1,0,0,0,0,0,1,1,1,1,1,0.507265698468448,0.38403117655803204,0,0.5,0.507265698468448,0.5290462471480271,0.5714285714285721,0.5330996899541195,0.4632731978095255
0,0,0,0,0,0,0,1,1,1,0,0,0,0,0,0,0,0,1,1,0.7643087553654209,0.692978801796975,0,0.5,0.7643087553654209,0.522620063950078,0.59375,0.600124951520537,0.5009635758938589
0,0,0,0,0,0,1,1,1,1,0,1,1,1,1,1,1,1,1,1,0.36430426499473295,0.34942473008776503,0,0.5,0.36430426499473295,0.5159935642038259,0.645833333333333,0.445022046070165,0.4137444138677585
0,1,1,1,1,1,1,1,1,1,0,0,0,0,1,1,1,1,1,1,0.452170751584106,0.318437040015713,0,0.5,0.452170751584106,0.5291449144765991,0.628571428571429,0.5068575941456576,0.44851645550623553
0,0,0,0,1,1,1,1,1,1,0,0,0,0,0,0,1,1,1,1,0.5719670657289139,0.5047583018709489,0,0.5,0.5719670657289139,0.524009496708877,0.375,0.5399293967621869,0.46711375323273896
0,0,0,0,0,0,0,0,0,1,0,0,0,0,1,1,1,1,1,1,0.574412279723173,0.613836293636893,0,0.5,0.574412279723173,0.5121821443723951,0.628571428571429,0.5100005842873307,0.4502838560950062
1,1,1,1,1,1,1,1,1,1,0,0,0,0,0,1,1,1,1,1,0.421442134493037,0.118918266809872,1,0.5,0.118918266809872,0.456966698424225,0.307692307692308,0.5239869408292448,0.4581488170629639
0,0,0,0,0,0,0,1,1,1,0,0,0,0,0,0,0,0,1,1,0.716435285223837,0.691861161795575,0,0.5,0.716435285223837,0.521933071600648,0.375,0.5900599004872122,0.4953036863235928
0,1,1,1,1,1,1,1,1,1,0,0,0,0,0,0,0,0,1,1,0.588602740055037,0.489922956457969,1,0.5,0.489922956457969,0.46791142228796206,0.428571428571428,0.5836482965778709,0.4916982430948394
0,0,0,0,0,0,0,0,0,1,1,1,1,1,1,1,1,1,1,1,0.332943971488773,0.437801929789019,0,0.5,0.332943971488773,0.502800652230479,0.34782608695652195,0.39634303969793616,0.3863707026421651
0,0,0,0,0,0,0,0,0,1,0,0,0,0,0,0,1,1,1,1,0.620977822906902,0.662659746788509,0,0.5,0.620977822906902,0.5137460128355871,0.666666666666667,0.5439124271243118,0.46935353442510486
0,0,0,0,0,0,0,1,1,1,0,1,1,1,1,1,1,1,1,1,0.39151853718558505,0.404197281589515,1,0.5,0.404197281589515,0.485870629458367,0.3541666666666671,0.4430937435222582,0.41266006969075636
0,0,0,0,0,0,1,1,1,1,0,0,0,0,0,0,1,1,1,1,0.6079688241473771,0.5740905042310811,1,0.5,0.5740905042310811,0.47785631999357703,0.625,0.5475424034380335,0.47139478240391014
0,0,0,0,1,1,1,1,1,1,0,0,1,1,1,1,1,1,1,1,0.399563804712029,0.336559781821579,0,0.5,0.399563804712029,0.519825633755269,0.6428571428571429,0.4665178438487117,0.42583216595649837
0,0,0,0,0,1,1,1,1,1,0,0,0,0,0,0,0,1,1,1,0.616512659725015,0.5949087713223771,1,0.5,0.5949087713223771,0.47597979097374393,0.625,0.562082191122032,0.47957095482410717
0,0,0,0,0,0,1,1,1,1,0,0,1,1,1,1,1,1,1,1,0.38927538837908604,0.380766585252885,0,0.5,0.38927538837908604,0.517192494298569,0.645833333333333,0.4573441050368511,0.42067348882215666
0,1,1,1,1,1,1,1,1,1,0,0,0,1,1,1,1,1,1,1,0.38828964977156294,0.29952100147177196,0,0.5,0.38828964977156294,0.5277056006729779,0.628571428571429,0.4844627559442814,0.43592314517486264
0,0,0,0,0,0,1,1,1,1,0,1,1,1,1,1,1,1,1,1,0.33639552336204304,0.31298780854165903,0,0.5,0.33639552336204304,0.514830810326553,0.645833333333333,0.430844337536478,0.40577184975512726
0,0,0,0,0,1,1,1,1,1,0,0,0,0,0,0,0,1,1,1,0.675325233765157,0.57888190907509,1,0.5,0.57888190907509,0.475450054815521,0.625,0.579040051139673,0.4891068841234318
0,0,0,0,0,0,0,1,1,1,0,0,0,0,0,0,1,1,1,1,0.609046762634685,0.5975693842575389,1,0.5,0.5975693842575389,0.481189915154856,0.625,0.5406455010347895,0.4675164408187539
0,0,1,1,1,1,1,1,1,1,0,0,0,0,1,1,1,1,1,1,0.5100564688757511,0.36164303900477296,0,0.5,0.5100564688757511,0.527072215121179,0.628571428571429,0.5117974824676103,0.4512943075309424
0,0,0,0,0,0,0,0,1,1,0,0,0,0,0,1,1,1,1,1,0.566148545407047,0.5860623304578979,0,0.5,0.566148545407047,0.515187404453198,0.15,0.5248190622641237,0.4586167446884546
0,0,0,0,0,1,1,1,1,1,0,0,1,1,1,1,1,1,1,1,0.43332089440091404,0.38694850520993607,1,0.5,0.38694850520993607,0.48151580597120097,0.857142857142857,0.4720944920132585,0.4289680877396128
0,0,0,0,0,0,1,1,1,1,0,0,1,1,1,1,1,1,1,1,0.423151650303805,0.41469103339228397,1,0.5,0.41469103339228397,0.482812114960716,0.857142857142857,0.4721371019899889,0.4289920486477182
0,0,0,0,0,1,1,1,1,1,1,1,1,1,1,1,1,1,1,1,0.249769717927028,0.242886460627953,1,0.5,0.242886460627953,0.48530536871431396,0.3541666666666671,0.40274094943276084,0.3899684452129423
0,0,0,0,0,0,0,0,1,1,1,1,1,1,1,1,1,1,1,1,0.22854393508916798,0.258717530480291,0,0.5,0.22854393508916798,0.508708401725843,0.645833333333333,0.3794507964051269,0.3768716716571443
0,0,0,1,1,1,1,1,1,1,0,0,0,0,0,1,1,1,1,1,0.5218404440378039,0.414711588008748,1,0.5,0.414711588008748,0.47522689985018796,0.85,0.5267108335523275,0.4596805462079881
0,0,0,0,0,0,1,1,1,1,0,1,1,1,1,1,1,1,1,1,0.333161529911906,0.31447179705934997,1,0.5,0.31447179705934997,0.48569249417347,0.3541666666666671,0.4261985797155364,0.403159396410413
0,0,0,1,1,1,1,1,1,1,0,0,0,0,0,1,1,1,1,1,0.545400854755081,0.42847928164617605,1,0.5,0.42847928164617605,0.475042760424984,0.37142857142857105,0.5227716229135583,0.45746540620167997
0,0,0,0,0,0,1,1,1,1,0,0,0,0,0,1,1,1,1,1,0.579701434124583,0.513048192973666,1,0.5,0.513048192973666,0.47972199387920095,0.85,0.5297485701784359,0.461388759488815
0,0,1,1,1,1,1,1,1,1,0,0,0,0,0,0,0,0,1,1,0.6425589482299611,0.49950743091137795,0,0.5,0.6425589482299611,0.53141661776635,0.5714285714285721,0.5883429915095669,0.49433821529085814
0,0,0,0,0,1,1,1,1,1,0,0,0,0,0,0,0,0,0,1,0.750665776338172,0.674194262921841,0,0.5,0.750665776338172,0.5266446064646839,0.59375,0.6131940934528913,0.5083127587117452
0,0,0,1,1,1,1,1,1,1,0,0,0,0,1,1,1,1,1,1,0.4760460650254071,0.39959584039967405,0,0.5,0.4760460650254071,0.525078922785015,0.628571428571429,0.5131296303476451,0.45204341549545224
0,0,0,1,1,1,1,1,1,1,0,0,0,0,0,0,0,0,0,1,0.7470709846288242,0.635581815590754,0,0.5,0.7470709846288242,0.530260817728089,0.59375,0.6268313539504451,0.5159814121742611
0,0,0,0,1,1,1,1,1,1,1,1,1,1,1,1,1,1,1,1,0.196003440385804,0.17669235548283302,0,0.5,0.196003440385804,0.515820878860774,0.323529411764706,0.3824450544668716,0.3785554355961688
0,0,0,0,0,1,1,1,1,1,0,0,0,0,1,1,1,1,1,1,0.526465616641946,0.4836603928185821,1,0.5,0.4836603928185821,0.479548534697228,0.37142857142857105,0.510984771738391,0.4508372951457372
0,0,0,0,0,0,0,0,0,1,0,0,0,0,0,0,0,0,1,1,0.7543965747507752,0.7864718222696391,1,0.5,0.7864718222696391,0.48468294342211,0.33333333333333304,0.5860559718039056,0.4930521533587122
0,0,0,0,0,0,0,1,1,1,0,0,0,0,0,0,0,0,0,1,0.797915201932023,0.727496493662325,1,0.5,0.727496493662325,0.476307547966957,0.40625,0.6197146673305504,0.5119794791247981
0,0,0,0,0,0,0,1,1,1,0,0,1,1,1,1,1,1,1,1,0.39598305297960207,0.426180024692616,1,0.5,0.426180024692616,0.485759318941892,0.3541666666666671,0.46280810402318356,0.42374606448742597
0,0,0,0,0,1,1,1,1,1,0,1,1,1,1,1,1,1,1,1,0.370301886975052,0.31848461205712797,0,0.5,0.370301886975052,0.5185525162085051,0.6428571428571429,0.4484932778989657,0.4156963949117448
0,0,0,0,0,0,0,0,0,1,0,0,0,0,0,0,1,1,1,1,0.669210479351104,0.686002210333555,0,0.5,0.669210479351104,0.5147103028527029,0.666666666666667,0.552180707099546,0.4740030440441743
0,1,1,1,1,1,1,1,1,1,0,0,0,0,0,0,0,0,0,1,0.73327563441826,0.573666847727343,1,0.5,0.573666847727343,0.465530197909912,0.40625,0.6292565370204064,0.5173451676403996
0,0,0,0,0,0,1,1,1,1,0,0,0,0,0,0,0,0,1,1,0.656644650126373,0.652064251242771,0,0.5,0.656644650126373,0.522724771749073,0.375,0.5869748327206865,0.49356885727826455
1,1,1,1,1,1,1,1,1,1,0,0,0,0,1,1,1,1,1,1,0.417937967595106,0.23532061893578798,0,0.5,0.417937967595106,0.534122193384411,0.6923076923076921,0.5072672599436615,0.4487468232579479
0,1,1,1,1,1,1,1,1,1,0,0,0,0,0,0,0,0,1,1,0.611405270260623,0.460756476907683,0,0.5,0.611405270260623,0.5339127798200539,0.5714285714285721,0.5793301668156369,0.48927002514309686
0,0,1,1,1,1,1,1,1,1,0,0,0,0,0,0,0,0,1,1,0.660967460051308,0.521085446523763,1,0.5,0.521085446523763,0.46824420878301504,0.428571428571428,0.5899662613362264,0.4952510301321559
0,0,0,0,0,1,1,1,1,1,0,0,0,1,1,1,1,1,1,1,0.413545668897332,0.392013564809067,0,0.5,0.413545668897332,0.520417159554328,0.628571428571429,0.4853901686887355,0.4364446580516765
0,0,0,0,1,1,1,1,1,1,0,0,1,1,1,1,1,1,1,1,0.38933362515811,0.34003693406590296,0,0.5,0.38933362515811,0.520297322621637,0.6428571428571429,0.46945012744878756,0.4274810797384734
0,0,1,1,1,1,1,1,1,1,0,0,0,0,0,1,1,1,1,1,0.505979967748706,0.38876035015675797,1,0.5,0.38876035015675797,0.472405991688307,0.85,0.529632767785932,0.4613236402210265
1,1,1,1,1,1,1,1,1,1,0,0,0,0,0,1,1,1,1,1,0.435707553207089,0.25657824726881,1,0.5,0.25657824726881,0.46500616032673003,0.307692307692308,0.5183924124587612,0.455002840686906
0,0,0,0,0,0,0,0,1,1,0,0,0,0,0,0,1,1,1,1,0.6847771351767471,0.639653825913442,0,0.5,0.6847771351767471,0.518241334769572,0.375,0.5553116260476357,0.47576365662735637
0,0,0,0,0,0,0,0,1,1,0,0,0,0,0,0,0,0,1,1,0.7291899584000391,0.709873435228381,1,0.5,0.709873435228381,0.47944347577146096,0.625,0.5929623954778229,0.49693584904891985
0,0,0,0,0,1,1,1,1,1,1,1,1,1,1,1,1,1,1,1,0.20641337395579604,0.20631524427496303,0,0.5,0.20641337395579604,0.514132989798535,0.645833333333333,0.38011483112220024,0.377245078921252
0,0,0,0,0,0,0,1,1,1,0,0,0,1,1,1,1,1,1,1,0.478178112552786,0.53523668510877,1,0.5,0.53523668510877,0.484537106178564,0.37142857142857105,0.49543110226192144,0.44209098562800436
0,0,0,1,1,1,1,1,1,1,0,0,0,1,1,1,1,1,1,1,0.44079300415303796,0.337170651803231,0,0.5,0.44079300415303796,0.522950214087526,0.628571428571429,0.49444098765271927,0.4415342135528865
0,1,1,1,1,1,1,1,1,1,0,0,0,0,0,0,0,1,1,1,0.6039131564082341,0.42128896760876094,1,0.5,0.42128896760876094,0.46656940064759594,0.428571428571428,0.5762327610073473,0.487528258035193
0,0,0,0,1,1,1,1,1,1,0,0,0,0,0,1,1,1,1,1,0.515611321861315,0.47711834874171505,1,0.5,0.47711834874171505,0.47601417942157703,0.85,0.5277494345132108,0.46026458365863876
0,0,0,0,0,1,1,1,1,1,0,0,0,1,1,1,1,1,1,1,0.44830517527373204,0.39080006713930504,1,0.5,0.39080006713930504,0.47988981503066597,0.37142857142857105,0.48061999928856136,0.43376224422714077
1,1,1,1,1,1,1,1,1,1,0,0,0,0,1,1,1,1,1,1,0.431452402451992,0.260550963129212,0,0.5,0.431452402451992,0.5322150032856761,0.6923076923076921,0.5146022436531237,0.45287151151415267
0,0,0,0,0,0,0,0,0,1,1,1,1,1,1,1,1,1,1,1,0.43283688906069706,0.650783538662996,0,0.5,0.43283688906069706,0.49343678234709204,0.34782608695652195,0.41977544473780115,0.3995474689051745
0,0,0,0,0,0,1,1,1,1,0,0,0,0,0,1,1,1,1,1,0.5228516180308761,0.5009863487321911,0,0.5,0.5228516180308761,0.520557829530115,0.628571428571429,0.5183136821337928,0.4549585681895607
0,0,0,0,1,1,1,1,1,1,0,0,0,0,0,0,1,1,1,1,0.570759150240554,0.49213364768967605,1,0.5,0.49213364768967605,0.47544118980778394,0.625,0.5357050033492518,0.46473824613005177
0,0,0,0,0,0,0,1,1,1,0,0,0,1,1,1,1,1,1,1,0.534405320832479,0.534266931535875,0,0.5,0.534405320832479,0.515754148732524,0.628571428571429,0.4949346970605897,0.441811841626415
0,0,0,0,1,1,1,1,1,1,0,0,0,0,1,1,1,1,1,1,0.515835021316035,0.453808591940201,1,0.5,0.453808591940201,0.47758713880334297,0.37142857142857105,0.5122008820907195,0.45152115161865997
0,0,0,1,1,1,1,1,1,1,0,0,0,0,0,0,0,0,1,1,0.63096928095161,0.564255935860703,1,0.5,0.564255935860703,0.470621283250967,0.625,0.5924954525177566,0.49667327257704325
0,0,0,1,1,1,1,1,1,1,0,0,0,1,1,1,1,1,1,1,0.43915958029991203,0.31728534305552003,0,0.5,0.43915958029991203,0.5240462468078989,0.628571428571429,0.4920925542735102,0.4402136168122002
1,1,1,1,1,1,1,1,1,1,0,0,0,0,0,0,0,0,1,1,0.614389631416893,0.37578504557881,0,0.5,0.614389631416893,0.53868768569032,0.6923076923076921,0.5853698158331964,0.492666306629338
0,0,1,1,1,1,1,1,1,1,0,1,1,1,1,1,1,1,1,1,0.25230249452118697,0.20873183713177104,0,0.5,0.25230249452118697,0.523048843921665,0.6428571428571429,0.435016888448132,0.4081182042155352
0,0,1,1,1,1,1,1,1,1,0,0,0,0,0,0,0,0,1,1,0.676377649998895,0.5544135798632621,0,0.5,0.676377649998895,0.530687512024131,0.5714285714285721,0.5968021550423223,0.4990950646395297
0,0,0,0,0,0,0,1,1,1,0,0,0,0,0,0,0,0,0,1,0.864374205411745,0.8135341275276742,0,0.5,0.864374205411745,0.524300863030207,0.7857142857142858,0.6514352790686219,0.5298169604196609
0,0,0,0,0,0,0,1,1,1,0,0,0,0,0,0,0,1,1,1,0.697505981684624,0.625179637849272,1,0.5,0.625179637849272,0.47892596594518294,0.625,0.5731494098658823,0.48579439430124216
0,1,1,1,1,1,1,1,1,1,0,0,0,0,0,1,1,1,1,1,0.495706237554525,0.36252157592173206,0,0.5,0.495706237554525,0.529639627107129,0.628571428571429,0.5222466495700636,0.4571701974499632
0,0,0,0,0,0,0,0,0,1,0,0,0,0,0,0,0,1,1,1,0.687451920783481,0.7400720617184019,0,0.5,0.687451920783481,0.513348455384004,0.666666666666667,0.5618348608561471,0.4794318733641466
0,0,1,1,1,1,1,1,1,1,0,0,0,1,1,1,1,1,1,1,0.42103756745553395,0.348680501108981,1,0.5,0.348680501108981,0.475248228582011,0.37142857142857105,0.48704431910220586,0.43737483800226534
0,0,0,0,0,0,0,0,1,1,1,1,1,1,1,1,1,1,1,1,0.266651348736451,0.32959849895371,1,0.5,0.32959849895371,0.49116891356677794,0.652173913043478,0.39260869388871084,0.3842707644672447
0,0,0,0,1,1,1,1,1,1,1,1,1,1,1,1,1,1,1,1,0.287856418486922,0.21748221287972302,1,0.5,0.21748221287972302,0.48312986838090005,0.6764705882352939,0.4054016258940109,0.39146462589826836
0,0,1,1,1,1,1,1,1,1,1,1,1,1,1,1,1,1,1,1,0.183202297636414,0.13945123994484,0,0.5,0.183202297636414,0.5198277745613571,0.323529411764706,0.39101017380753306,0.3833718671734939
0,0,0,0,0,1,1,1,1,1,0,1,1,1,1,1,1,1,1,1,0.312919358562788,0.28907017140296803,0,0.5,0.312919358562788,0.51731347506073,0.6428571428571429,0.43319408424755956,0.40709318502295494
1,1,1,1,1,1,1,1,1,1,0,0,0,0,0,0,1,1,1,1,0.505599703596432,0.313874957212655,1,0.5,0.313874957212655,0.463196471064014,0.307692307692308,0.5504311798923183,0.47301923077186203
0,0,0,0,0,0,1,1,1,1,0,0,0,1,1,1,1,1,1,1,0.48649243644537,0.4376966534587511,0,0.5,0.48649243644537,0.5180428296915011,0.628571428571429,0.4938339961990488,0.4411928834804909
0,0,0,0,1,1,1,1,1,1,1,1,1,1,1,1,1,1,1,1,0.152642067429054,0.12402947168716699,1,0.5,0.12402947168716699,0.48584445103294893,0.6764705882352939,0.3514246345232705,0.361111693808596
0,0,0,0,0,0,1,1,1,1,0,0,0,0,0,0,1,1,1,1,0.60498857359664,0.5638139877222161,0,0.5,0.60498857359664,0.5203215254222779,0.375,0.5386772601714527,0.46640963809144653
0,0,0,0,1,1,1,1,1,1,0,0,0,0,0,0,0,1,1,1,0.6450606473916861,0.528596022530029,0,0.5,0.6450606473916861,0.526061721747938,0.375,0.5673849407419801,0.4825528549822192
0,0,0,0,0,0,1,1,1,1,0,0,0,0,0,1,1,1,1,1,0.567025203479299,0.506397131683431,0,0.5,0.567025203479299,0.5206809873280129,0.628571428571429,0.5230695077784533,0.4576329160766301
0,0,0,0,0,0,0,0,1,1,0,0,0,1,1,1,1,1,1,1,0.519485528427914,0.509858722264911,0,0.5,0.519485528427914,0.5152316341673929,0.628571428571429,0.4943259681996289,0.44146953455615134
0,0,0,1,1,1,1,1,1,1,0,0,0,0,0,0,0,0,0,1,0.7505237053367599,0.635292634467255,0,0.5,0.7505237053367599,0.530013199993562,0.59375,0.6204519833750164,0.512394094746343
0,0,1,1,1,1,1,1,1,1,0,0,1,1,1,1,1,1,1,1,0.38902750531253294,0.30401354228640004,1,0.5,0.30401354228640004,0.47573034861211605,0.37142857142857105,0.47335828980080236,0.4296787603326242
0,0,0,1,1,1,1,1,1,1,0,0,1,1,1,1,1,1,1,1,0.398699081670959,0.33094001585802396,0,0.5,0.398699081670959,0.5221707226171349,0.628571428571429,0.47486030437709836,0.43052338959546826
0,0,0,0,0,0,0,1,1,1,0,0,0,0,0,0,0,0,1,1,0.747703112366923,0.6978769408304821,0,0.5,0.747703112366923,0.521209288517742,0.375,0.5930688387162063,0.49699570537480997
0,0,0,1,1,1,1,1,1,1,0,0,0,0,0,0,0,0,0,1,0.762576152436078,0.625021497024853,1,0.5,0.625021497024853,0.468428433682928,0.40625,0.6236222914310522,0.5141768570434716
0,0,0,0,0,0,0,0,1,1,0,0,0,1,1,1,1,1,1,1,0.493375985604279,0.511004063728419,1,0.5,0.511004063728419,0.486275454971802,0.37142857142857105,0.4886272764762618,0.43826498390435076
0,0,0,0,0,0,0,1,1,1,0,0,0,0,0,0,0,1,1,1,0.6748255642010461,0.63468895129263,0,0.5,0.6748255642010461,0.52155543746018,0.375,0.5769289423425487,0.48791974233716756
0,0,0,1,1,1,1,1,1,1,0,1,1,1,1,1,1,1,1,1,0.315693645468855,0.21151618893502203,0,0.5,0.315693645468855,0.5211501339394711,0.6428571428571429,0.4338067313855012,0.4074376954615815
0,0,0,0,0,0,0,1,1,1,0,0,0,0,1,1,1,1,1,1,0.506072080559153,0.506813975822783,0,0.5,0.506072080559153,0.518284453325976,0.628571428571429,0.5118110725873917,0.4513019496757219
0,0,0,0,0,0,0,0,1,1,0,0,0,0,0,1,1,1,1,1,0.5856125009598979,0.626304797497457,0,0.5,0.5856125009598979,0.516565574297823,0.375,0.5346242829251991,0.4641305236022457
0,0,0,0,0,1,1,1,1,1,1,1,1,1,1,1,1,1,1,1,0.0936610873294803,0.11445331042908,0,0.5,0.0936610873294803,0.511279984831746,0.645833333333333,0.3302040230279988,0.34917868748015396
0,0,0,0,0,0,1,1,1,1,0,1,1,1,1,1,1,1,1,1,0.355591119174261,0.29009608977669604,0,0.5,0.355591119174261,0.51458242623882,0.645833333333333,0.42195675237963437,0.4007740856735025
0,0,0,0,1,1,1,1,1,1,0,0,1,1,1,1,1,1,1,1,0.39682246688165096,0.37341567823967203,0,0.5,0.39682246688165096,0.520213750486364,0.628571428571429,0.4721532317712651,0.42900111892272363
0,0,0,0,0,0,1,1,1,1,0,0,0,0,0,0,0,0,1,1,0.7047870899088059,0.652347603975454,0,0.5,0.7047870899088059,0.5248780626640039,0.59375,0.5995945047320522,0.5006652892546967
0,0,0,0,0,0,1,1,1,1,0,0,0,0,1,1,1,1,1,1,0.513344627195797,0.512934861613103,1,0.5,0.512934861613103,0.48112689919362395,0.37142857142857105,0.5150547925317923,0.4531259937487615
0,0,1,1,1,1,1,1,1,1,0,0,0,1,1,1,1,1,1,1,0.38369415391681394,0.304024650888982,1,0.5,0.304024650888982,0.47511051823796396,0.37142857142857105,0.47842829250615704,0.43252977970035994
0,0,0,0,0,0,1,1,1,1,0,0,0,1,1,1,1,1,1,1,0.5022417483703471,0.43739705434237103,0,0.5,0.5022417483703471,0.518396137076058,0.628571428571429,0.484987835572602,0.436218413693825
0,0,0,0,0,0,0,1,1,1,0,1,1,1,1,1,1,1,1,1,0.32295104897125,0.365849469621166,1,0.5,0.365849469621166,0.487769093034427,0.3541666666666671,0.4259516130358572,0.4030205194062238
0,0,1,1,1,1,1,1,1,1,0,0,0,0,0,0,0,0,1,1,0.725575521302202,0.582553557058638,0,0.5,0.725575521302202,0.531787132937097,0.59375,0.6054536137106867,0.5039600474918311
0,0,0,0,0,0,1,1,1,1,0,0,0,0,0,0,0,0,0,1,0.809857419214575,0.7330082969133729,0,0.5,0.809857419214575,0.526188347787183,0.59375,0.6361369833853379,0.5212142554861258
0,0,0,0,0,0,0,0,0,1,0,0,0,0,0,0,0,0,1,1,0.7451615306946479,0.7642711260839391,1,0.5,0.7642711260839391,0.4820688856482279,0.625,0.5995819764558561,0.5006582442174146
0,0,0,0,0,0,0,1,1,1,0,1,1,1,1,1,1,1,1,1,0.406327705199594,0.44162245380154297,0,0.5,0.406327705199594,0.513470043498948,0.645833333333333,0.45324212338913833,0.41836681764200634
0,0,0,0,0,0,0,0,1,1,0,1,1,1,1,1,1,1,1,1,0.33122484521154905,0.37912069592685,1,0.5,0.37912069592685,0.48930744745606,0.652173913043478,0.4283976103073228,0.40439597934178007
0,0,0,0,0,0,0,0,0,1,0,1,1,1,1,1,1,1,1,1,0.45046833554507004,0.527434969747005,0,0.5,0.45046833554507004,0.5082417684387239,0.34782608695652195,0.45341278293598497,0.41846278478475263
0,0,0,0,0,0,0,0,1,1,0,0,1,1,1,1,1,1,1,1,0.43275339051193396,0.5011604673219461,0,0.5,0.43275339051193396,0.5129910587140971,0.628571428571429,0.4727147131811751,0.4293168572896058
0,0,0,0,0,0,0,0,1,1,0,0,0,0,1,1,1,1,1,1,0.542447921833656,0.5796983664398511,0,0.5,0.542447921833656,0.512967039302486,0.628571428571429,0.5023972977391277,0.4460082928523126
0,0,0,0,0,0,0,0,0,1,0,0,0,0,0,0,0,0,0,1,0.896547607367011,0.960508251650451,1,0.5,0.960508251650451,0.486093019408424,0.33333333333333304,0.6379324659244884,0.5222239108632606
0,0,0,0,0,0,0,1,1,1,0,1,1,1,1,1,1,1,1,1,0.34667534061548705,0.352231843014076,0,0.5,0.34667534061548705,0.512980863893022,0.645833333333333,0.42930015935891674,0.404903510594911
0,0,0,0,0,0,1,1,1,1,0,0,1,1,1,1,1,1,1,1,0.384540993296538,0.36798559130571606,0,0.5,0.384540993296538,0.5169517908034961,0.645833333333333,0.45530953156102827,0.4195293852147708
1,1,1,1,1,1,1,1,1,1,0,0,0,0,0,0,0,0,0,1,0.6855743848153311,0.5267852342109051,0,0.5,0.6855743848153311,0.5392010802577779,0.6923076923076921,0.6361446733694964,0.5212185798021168
0,0,0,0,0,1,1,1,1,1,0,0,0,0,0,0,0,0,0,1,0.7652134474375699,0.6958394661978621,0,0.5,0.7652134474375699,0.527556290528449,0.59375,0.6267663469282162,0.5159448567145929
0,0,0,0,0,0,0,0,0,1,0,0,0,0,0,0,0,0,1,1,0.8105526703734471,0.7467101709464631,0,0.5,0.8105526703734471,0.51757875152621,0.666666666666667,0.5985123172620231,0.5000567417615533
0,0,0,0,0,1,1,1,1,1,0,1,1,1,1,1,1,1,1,1,0.348358859071858,0.316824464573934,1,0.5,0.316824464573934,0.482024310977145,0.3571428571428571,0.4412504374318763,0.41162352165128613
0,0,0,0,0,0,0,0,1,1,0,0,0,0,0,0,0,0,1,1,0.736506517110458,0.7356390036177041,1,0.5,0.7356390036177041,0.4808889759768739,0.625,0.5936547720282919,0.4973251938027339
0,0,0,0,0,0,0,0,1,1,0,0,1,1,1,1,1,1,1,1,0.474305191006836,0.5176757339939481,0,0.5,0.474305191006836,0.512865004313093,0.628571428571429,0.4744548541891536,0.43029539241170706
0,0,0,1,1,1,1,1,1,1,0,0,0,0,0,0,0,1,1,1,0.627090794822041,0.5119272362830061,1,0.5,0.5119272362830061,0.472618782678559,0.625,0.575018222811674,0.486845285634594
0,0,1,1,1,1,1,1,1,1,0,0,1,1,1,1,1,1,1,1,0.39408111476426705,0.31876773231191197,0,0.5,0.39408111476426705,0.524025696642338,0.628571428571429,0.47735902621941545,0.43192849818831114
0,0,0,0,0,0,1,1,1,1,0,0,0,1,1,1,1,1,1,1,0.485443592508909,0.47648336415109205,0,0.5,0.485443592508909,0.518507680346049,0.628571428571429,0.49112592931948085,0.43967005369686624
0,0,0,0,0,0,0,0,0,1,0,1,1,1,1,1,1,1,1,1,0.37592203493108206,0.464522456957628,0,0.5,0.37592203493108206,0.5085106064043851,0.34782608695652195,0.43916318108061786,0.41044979283323596
0,0,0,0,0,0,0,1,1,1,0,0,0,0,0,0,0,1,1,1,0.649802797223052,0.603237217017724,1,0.5,0.603237217017724,0.478925112241806,0.625,0.566566919667474,0.4820928564255774
1,1,1,1,1,1,1,1,1,1,0,0,0,0,0,1,1,1,1,1,0.44529424594051703,0.28797723242985496,0,0.5,0.44529424594051703,0.532824286426134,0.6923076923076921,0.5233110296540218,0.45776873129902645
0,0,0,0,0,0,1,1,1,1,0,0,0,0,0,1,1,1,1,1,0.526992599479516,0.49952562337882794,0,0.5,0.526992599479516,0.520437744419114,0.628571428571429,0.5227090431991663,0.4574302156923001
0,0,0,0,0,0,0,0,0,1,0,0,0,0,0,0,0,0,0,1,0.798400144474461,0.8842945392405059,1,0.5,0.8842945392405059,0.48650701219011894,0.33333333333333304,0.6159905071936459,0.5098852686685295
0,0,1,1,1,1,1,1,1,1,1,1,1,1,1,1,1,1,1,1,0.243917977765665,0.137233920812947,0,0.5,0.243917977765665,0.520551736754007,0.323529411764706,0.39662398043508895,0.3865286843098993
0,0,0,0,0,0,0,1,1,1,0,0,0,1,1,1,1,1,1,1,0.44010626230272903,0.42978964416458704,0,0.5,0.44010626230272903,0.516126004372182,0.628571428571429,0.4779428634783146,0.43225680794068444
0,0,0,0,0,1,1,1,1,1,0,0,1,1,1,1,1,1,1,1,0.402458834031246,0.38400751941567696,0,0.5,0.402458834031246,0.518465613186733,0.645833333333333,0.46817636135766,0.42676480165997566
0,0,0,0,0,0,0,0,1,1,0,0,0,1,1,1,1,1,1,1,0.528791297016214,0.505135973068548,0,0.5,0.528791297016214,0.514809259511266,0.628571428571429,0.4946654794280626,0.44166045222308
0,0,0,0,0,0,0,1,1,1,1,1,1,1,1,1,1,1,1,1,0.25439351632299806,0.22602334720317901,0,0.5,0.25439351632299806,0.511122513857649,0.645833333333333,0.3826006230099963,0.3786429166006643
0,0,0,1,1,1,1,1,1,1,0,0,0,0,0,0,0,0,0,1,0.851578299706692,0.7614416137384109,0,0.5,0.851578299706692,0.533866768122286,0.7857142857142858,0.6775283129311077,0.5444898805793214
0,0,0,0,0,0,0,0,0,1,0,0,0,0,0,0,1,1,1,1,0.6344761852184531,0.6487253597307919,1,0.5,0.6487253597307919,0.48529921763059797,0.625,0.5416292951709476,0.4680696586963478
0,0,0,0,0,0,0,0,1,1,0,0,1,1,1,1,1,1,1,1,0.480820172028431,0.46329622481227206,1,0.5,0.46329622481227206,0.48699291371679104,0.37142857142857105,0.47537802939554236,0.4308145223897735
0,0,0,0,0,0,1,1,1,1,0,0,0,0,0,0,0,1,1,1,0.63279259756751,0.578647763740165,1,0.5,0.578647763740165,0.47726698123066097,0.625,0.5592550057235255,0.4779811410122115
0,1,1,1,1,1,1,1,1,1,0,0,0,0,0,0,1,1,1,1,0.59434298098,0.4581513541115139,0,0.5,0.59434298098,0.530121447548342,0.5714285714285721,0.5528074640637756,0.47435548887462664
0,0,0,0,0,0,0,1,1,1,0,0,0,0,0,0,0,1,1,1,0.6968098955593389,0.641626940533538,1,0.5,0.641626940533538,0.47943155165879,0.625,0.572949038508073,0.4856817192880217
0,0,0,0,0,0,0,0,1,1,0,0,0,0,0,0,0,0,1,1,0.7286584347140759,0.696351272308168,0,0.5,0.7286584347140759,0.520474279015541,0.375,0.5930239839752484,0.496970482166335
1,1,1,1,1,1,1,1,1,1,0,0,0,0,0,0,0,1,1,1,0.553486872691905,0.39398611547416607,0,0.5,0.553486872691905,0.534619242043083,0.6923076923076921,0.5639337830383832,0.48061216223985176
0,0,0,0,0,0,0,0,0,1,0,0,0,0,0,0,0,0,1,1,0.760762227938938,0.743511313640698,0,0.5,0.760762227938938,0.517063590848275,0.666666666666667,0.5916482675365722,0.4961968742534564
0,0,0,0,0,1,1,1,1,1,0,1,1,1,1,1,1,1,1,1,0.3922519895390639,0.360380253512201,0,0.5,0.3922519895390639,0.517368213200088,0.645833333333333,0.45089342067682814,0.41704606944698513
1,1,1,1,1,1,1,1,1,1,0,0,0,0,0,0,1,1,1,1,0.509017037326777,0.34536112047654904,1,0.5,0.34536112047654904,0.466731307722774,0.8888888888888891,0.5449100648808725,0.4699145369987199
0,0,0,0,1,1,1,1,1,1,0,0,1,1,1,1,1,1,1,1,0.3970653981135371,0.32366491176806705,1,0.5,0.32366491176806705,0.4790816188998621,0.857142857142857,0.47201078506239047,0.4289210167315664
0,0,0,0,0,0,1,1,1,1,0,0,0,1,1,1,1,1,1,1,0.47481971077022905,0.41124152859178603,0,0.5,0.47481971077022905,0.518045515255521,0.628571428571429,0.48185614234759094,0.4344573657107769
0,0,1,1,1,1,1,1,1,1,0,0,0,1,1,1,1,1,1,1,0.416967263639741,0.29438602325019103,0,0.5,0.416967263639741,0.526420792309236,0.628571428571429,0.49230563004875183,0.44033343591236906
0,0,1,1,1,1,1,1,1,1,0,0,0,0,0,0,0,1,1,1,0.588731413133811,0.47830663577183796,0,0.5,0.588731413133811,0.528478789231124,0.5714285714285721,0.5559564583760829,0.476126265794291
0,0,0,0,0,0,1,1,1,1,0,0,0,0,0,0,0,0,1,1,0.737769632617667,0.6781870636685461,0,0.5,0.737769632617667,0.524546756433548,0.59375,0.6042838713671622,0.503302265184708
0,0,0,0,0,0,0,0,0,1,0,0,0,0,0,0,0,0,1,1,0.7910037414047191,0.8761897453611172,0,0.5,0.7910037414047191,0.512067450508011,0.666666666666667,0.604979923849277,0.5036936770286058
0,1,1,1,1,1,1,1,1,1,0,0,0,0,0,0,0,0,0,1,0.810416590357395,0.6283482217817329,0,0.5,0.810416590357395,0.538133812806255,0.7857142857142858,0.6548461681345754,0.5317350088613236
0,0,0,0,0,0,0,0,0,1,0,1,1,1,1,1,1,1,1,1,0.40123518327713,0.47496217411790403,1,0.5,0.47496217411790403,0.490477727933887,0.652173913043478,0.4494607344168917,0.4162404256411833
0,0,0,0,0,1,1,1,1,1,0,0,0,0,0,0,0,1,1,1,0.648052064784483,0.598047062088349,0,0.5,0.648052064784483,0.524432400282956,0.375,0.5740314069262376,0.4862903685338995
0,0,0,0,0,1,1,1,1,1,0,1,1,1,1,1,1,1,1,1,0.31059949022754496,0.286584297828535,1,0.5,0.286584297828535,0.483397102929895,0.6764705882352939,0.4233787339852148,0.4015737099209989
0,0,0,0,1,1,1,1,1,1,0,0,0,0,0,0,0,0,0,1,0.829776245869852,0.727338202120237,0,0.5,0.829776245869852,0.531110044283293,0.7857142857142858,0.6520995310720852,0.5301904898706276
0,0,0,0,0,0,0,1,1,1,0,0,0,0,0,1,1,1,1,1,0.512128677049131,0.528125615612993,1,0.5,0.528125615612993,0.481502772217252,0.37142857142857105,0.5172113828279983,0.4543387111889831
0,0,0,0,0,0,0,0,1,1,0,0,0,1,1,1,1,1,1,1,0.516561053160745,0.522964531800724,0,0.5,0.516561053160745,0.514437311775743,0.628571428571429,0.4972241532815163,0.4430992736864711
0,0,0,1,1,1,1,1,1,1,1,1,1,1,1,1,1,1,1,1,0.24351172096897503,0.20788243955844599,1,0.5,0.20788243955844599,0.481017671605749,0.6764705882352939,0.4153198251036202,0.3970419361450248
0,0,0,0,0,0,0,0,0,1,0,0,0,0,0,0,0,1,1,1,0.7572160042906592,0.796474258459043,0,0.5,0.7572160042906592,0.5114729175771819,0.666666666666667,0.5750517102707335,0.4868641166687972
0,0,0,0,0,0,0,1,1,1,1,1,1,1,1,1,1,1,1,1,0.32359703373940096,0.310273390062089,0,0.5,0.32359703373940096,0.51140992687037,0.645833333333333,0.41580053012332324,0.3973122514487807
0,1,1,1,1,1,1,1,1,1,0,1,1,1,1,1,1,1,1,1,0.293169628108497,0.174097969343162,0,0.5,0.293169628108497,0.5267195097720669,0.6428571428571429,0.44471586374851285,0.41357223807618215
0,0,0,0,0,1,1,1,1,1,0,0,0,0,0,0,0,0,1,1,0.7334378640441831,0.648168201769116,1,0.5,0.648168201769116,0.47433831809291,0.40625,0.6013683099583828,0.5016627548082196
0,0,1,1,1,1,1,1,1,1,0,0,0,0,1,1,1,1,1,1,0.4872731035669579,0.37783894625195297,1,0.5,0.37783894625195297,0.474044518238987,0.37142857142857105,0.504396954113567,0.4471327614933888
0,1,1,1,1,1,1,1,1,1,0,1,1,1,1,1,1,1,1,1,0.314220589892423,0.181349109135788,0,0.5,0.314220589892423,0.5267957728211521,0.6428571428571429,0.45184273809669273,0.41757990000042927
0,0,0,0,0,0,0,0,1,1,0,0,0,0,0,0,0,0,0,1,0.9779933536338871,0.963498642257856,0,0.5,0.9779933536338871,0.525866436645119,0.7857142857142858,0.7026340405880164,0.5586076079161035
0,0,0,0,0,0,0,0,0,1,0,1,1,1,1,1,1,1,1,1,0.406411666764074,0.44814015728235707,0,0.5,0.406411666764074,0.507292547389633,0.34782608695652195,0.43357858690967227,0.40730940276490435
0,0,0,0,0,1,1,1,1,1,0,0,0,0,0,0,0,1,1,1,0.657640773812437,0.541224302032613,0,0.5,0.657640773812437,0.524936189642074,0.375,0.5697313805618472,0.4838723306828145
0,0,0,0,0,1,1,1,1,1,0,0,0,0,0,0,0,1,1,1,0.6569272020292239,0.546983849551685,0,0.5,0.6569272020292239,0.524606007262325,0.375,0.5683998834956859,0.48312358869107946
0,0,0,0,0,1,1,1,1,1,0,0,0,0,1,1,1,1,1,1,0.517922180870415,0.483451092999105,1,0.5,0.483451092999105,0.478708832642854,0.37142857142857105,0.5130835143409523,0.4520174830382358
0,0,0,0,0,1,1,1,1,1,0,0,0,0,0,0,1,1,1,1,0.581038231313038,0.50568389781016,0,0.5,0.581038231313038,0.522903941235133,0.375,0.5472950679020214,0.471255697980394
0,1,1,1,1,1,1,1,1,1,0,0,0,0,0,0,1,1,1,1,0.568588571402828,0.416529811109736,1,0.5,0.416529811109736,0.47041127815133504,0.428571428571428,0.5444222839934628,0.4696402427156522
0,0,0,0,0,0,0,1,1,1,0,0,0,0,0,0,0,0,1,1,0.7405998873456541,0.6840190753298511,0,0.5,0.7405998873456541,0.521815793180436,0.375,0.5853916564876344,0.4926785883049949
0,0,0,0,0,0,1,1,1,1,0,0,0,0,0,0,1,1,1,1,0.605904437838565,0.555636194357598,0,0.5,0.605904437838565,0.522492621626372,0.375,0.5535797667359585,0.4747897785592894
1,1,1,1,1,1,1,1,1,1,0,0,0,0,0,0,0,0,1,1,0.614973974724224,0.37127679309080897,0,0.5,0.614973974724224,0.542995986285797,0.6923076923076921,0.6011860311257787,0.5015602537816356
0,0,1,1,1,1,1,1,1,1,0,0,0,0,0,0,0,1,1,1,0.569746667102311,0.442225557233646,0,0.5,0.569746667102311,0.5300051979300829,0.5714285714285721,0.5573335388582795,0.4769006407510394
0,1,1,1,1,1,1,1,1,1,0,0,1,1,1,1,1,1,1,1,0.41297953111622204,0.286851905566437,1,0.5,0.286851905566437,0.474372021650593,0.857142857142857,0.47077369711747286,0.4282253639093643
0,0,0,0,0,0,0,0,1,1,0,0,1,1,1,1,1,1,1,1,0.418045256954574,0.486610038191188,1,0.5,0.486610038191188,0.488798158063006,0.652173913043478,0.4626235499299314,0.4236422840113917
0,0,0,0,0,0,0,0,1,1,0,1,1,1,1,1,1,1,1,1,0.425171228964229,0.452371265713436,1,0.5,0.452371265713436,0.488242593680775,0.652173913043478,0.45258392660470054,0.41799669322802296
0,1,1,1,1,1,1,1,1,1,0,0,0,0,0,0,0,1,1,1,0.600345955220306,0.431772760345274,1,0.5,0.431772760345274,0.46756394487188396,0.428571428571428,0.5698086955908471,0.4839158073154527
0,0,0,0,0,0,0,0,0,1,0,0,0,1,1,1,1,1,1,1,0.587223483976977,0.7232752093720619,0,0.5,0.587223483976977,0.502523810603637,0.628571428571429,0.49293394875747776,0.44068675896006615
0,0,0,0,1,1,1,1,1,1,1,1,1,1,1,1,1,1,1,1,0.29199470969894603,0.25054152715246497,1,0.5,0.25054152715246497,0.482309031138265,0.6764705882352939,0.41418374929060947,0.39640308556952336
1,1,1,1,1,1,1,1,1,1,0,1,1,1,1,1,1,1,1,1,0.271979564059562,0.0965559590620673,1,0.5,0.0965559590620673,0.473142515394339,0.8888888888888891,0.4366358738761074,0.40902860980690986
0,0,0,0,0,1,1,1,1,1,0,0,0,0,0,0,0,0,0,1,0.8867705052880721,0.782418946233203,1,0.5,0.782418946233203,0.470596521100675,0.214285714285714,0.6706350781222318,0.5406136013959396
1,1,1,1,1,1,1,1,1,1,0,0,0,0,0,0,0,0,0,1,0.758645073230792,0.53018006490149,0,0.5,0.758645073230792,0.541008878153964,0.6923076923076921,0.6442094984098269,0.5257536804171714
0,0,0,0,0,0,0,0,0,1,0,1,1,1,1,1,1,1,1,1,0.431932661129896,0.508106063173217,0,0.5,0.431932661129896,0.507291487560953,0.34782608695652195,0.4437015195891076,0.41300184097541537
1,1,1,1,1,1,1,1,1,1,0,0,0,0,0,1,1,1,1,1,0.468940241550468,0.30413595172644103,0,0.5,0.468940241550468,0.5345139147303111,0.6923076923076921,0.5279096251945173,0.46035466383442514
0,0,0,0,0,0,1,1,1,1,0,0,0,0,0,0,0,0,1,1,0.749020026871609,0.712043567058688,1,0.5,0.712043567058688,0.476215157157823,0.40625,0.6022692054894855,0.5021693562356246
0,0,0,0,0,1,1,1,1,1,1,1,1,1,1,1,1,1,1,1,0.290107481828922,0.24871894544812698,1,0.5,0.24871894544812698,0.483560513640007,0.6764705882352939,0.41505452977752366,0.39689275237593685
0,0,0,0,1,1,1,1,1,1,0,0,0,0,0,0,0,0,0,1,0.763821292068864,0.6814484784961489,1,0.5,0.6814484784961489,0.472030822533009,0.40625,0.6206344281515394,0.5124966890883262
0,0,0,1,1,1,1,1,1,1,0,1,1,1,1,1,1,1,1,1,0.320507774553243,0.24972585080505602,0,0.5,0.320507774553243,0.519762466754627,0.6428571428571429,0.43368484323122436,0.4073691539816778
0,0,0,0,0,1,1,1,1,1,0,0,1,1,1,1,1,1,1,1,0.41183932593542893,0.38856981308059996,0,0.5,0.41183932593542893,0.518859621899264,0.645833333333333,0.470479286408799,0.42805980765993434
0,0,0,0,0,1,1,1,1,1,0,0,1,1,1,1,1,1,1,1,0.422950100405227,0.4015608154851729,0,0.5,0.422950100405227,0.51857440970947,0.628571428571429,0.4741482744568018,0.4301229931437999
0,0,1,1,1,1,1,1,1,1,0,0,0,0,0,0,0,0,0,1,0.9338230284434399,0.7740227292347359,1,0.5,0.7740227292347359,0.463241675819616,0.214285714285714,0.7043024180315387,0.5595457881658206
0,0,0,0,0,1,1,1,1,1,0,0,0,0,0,0,0,0,1,1,0.6958587900280451,0.5884500752633659,1,0.5,0.5884500752633659,0.47344947845889396,0.625,0.5964270143251612,0.4988841114088494
0,0,1,1,1,1,1,1,1,1,0,0,1,1,1,1,1,1,1,1,0.366959333362587,0.269333055976834,1,0.5,0.269333055976834,0.477062459181979,0.3571428571428571,0.45697403439927436,0.4204653866540755
0,0,0,1,1,1,1,1,1,1,0,0,0,0,0,0,0,1,1,1,0.602217497539228,0.48653611476079905,1,0.5,0.48653611476079905,0.471764288389014,0.625,0.5621865933197564,0.4796296634096928
0,0,0,0,1,1,1,1,1,1,0,0,0,0,1,1,1,1,1,1,0.44624674596957,0.41312935231396103,1,0.5,0.41312935231396103,0.4778290406984749,0.37142857142857105,0.498429931067307,0.4437773198375795
0,0,0,0,0,1,1,1,1,1,0,0,0,0,0,0,0,1,1,1,0.638518630068163,0.5695169641148361,1,0.5,0.5695169641148361,0.475784645696312,0.625,0.5664237752032353,0.4820123618649932
0,0,0,0,0,0,0,0,0,1,0,0,0,0,0,0,0,1,1,1,0.733186342070183,0.7373827702789659,0,0.5,0.733186342070183,0.515295091645952,0.666666666666667,0.5744078268542624,0.4865020411044224
0,0,0,0,0,1,1,1,1,1,0,0,0,0,0,0,0,0,1,1,0.6759329516319549,0.6011611606314959,1,0.5,0.6011611606314959,0.47361791135362297,0.625,0.593993181790717,0.4975154920812508
0,0,0,0,0,0,0,1,1,1,0,0,1,1,1,1,1,1,1,1,0.441362125724045,0.437143256334637,1,0.5,0.437143256334637,0.48397680207763205,0.37142857142857105,0.4767978080436916,0.43161290784615525
0,0,0,0,0,0,1,1,1,1,0,0,0,0,0,1,1,1,1,1,0.5867218816612499,0.523262916394886,0,0.5,0.5867218816612499,0.520317976313047,0.375,0.5335043585655683,0.4635007554886441
0,0,0,0,0,0,1,1,1,1,0,0,0,0,0,1,1,1,1,1,0.560753079416459,0.507374007003333,1,0.5,0.507374007003333,0.48031227159638,0.37142857142857105,0.5212670786337839,0.45661935440831053
0,0,0,0,0,0,1,1,1,1,0,0,0,0,0,1,1,1,1,1,0.5757768088395521,0.5156304812659389,1,0.5,0.5156304812659389,0.47903966684020205,0.625,0.5336417900320436,0.4635780374538477
1,1,1,1,1,1,1,1,1,1,0,0,0,1,1,1,1,1,1,1,0.358718296148026,0.20732177252019196,1,0.5,0.20732177252019196,0.46851633911789,0.307692307692308,0.48689148591829523,0.4372888951748775
0,0,0,0,0,1,1,1,1,1,0,0,0,0,0,0,0,0,1,1,0.7561402730388209,0.69943014159143,0,0.5,0.7561402730388209,0.525670585060819,0.59375,0.6101171636450691,0.5065825058923532
0,0,0,1,1,1,1,1,1,1,0,0,0,0,0,0,1,1,1,1,0.5565062459211121,0.4562098976583621,1,0.5,0.4562098976583621,0.47471638503051294,0.625,0.5369317950723321,0.4654281090681891
0,1,1,1,1,1,1,1,1,1,0,0,1,1,1,1,1,1,1,1,0.35351448109503003,0.23822819304058201,0,0.5,0.35351448109503003,0.526376518757713,0.6428571428571429,0.46249562377341646,0.42357034717603675
0,0,1,1,1,1,1,1,1,1,0,0,0,0,0,0,1,1,1,1,0.5789723655707399,0.45843823534101397,0,0.5,0.5789723655707399,0.527337566211981,0.5714285714285721,0.5423772577748138,0.4684902612076073
0,0,0,0,0,0,0,1,1,1,0,0,0,0,0,0,0,0,1,1,0.682668670808607,0.624261556266134,1,0.5,0.624261556266134,0.47861858676003,0.625,0.5812478242643309,0.490348383251493
0,0,0,0,0,0,1,1,1,1,1,1,1,1,1,1,1,1,1,1,0.136035126759635,0.15913380760257098,1,0.5,0.15913380760257098,0.48855436156815,0.3541666666666671,0.3548220053766265,0.36302214054111326
0,0,0,0,0,0,1,1,1,1,0,0,0,0,0,0,0,0,1,1,0.745551207321263,0.69436825759069,1,0.5,0.69436825759069,0.47568691374316996,0.40625,0.6003606514897774,0.5010961172782193
0,0,0,1,1,1,1,1,1,1,0,0,0,0,0,1,1,1,1,1,0.5310333891690271,0.459208659987449,0,0.5,0.5310333891690271,0.525591122785755,0.375,0.5340373174702522,0.46380045476846027
0,0,0,0,1,1,1,1,1,1,0,0,0,0,0,1,1,1,1,1,0.5348747754002621,0.484960317950404,1,0.5,0.484960317950404,0.476277725491532,0.85,0.527046299660671,0.45986918917874947
0,0,0,0,1,1,1,1,1,1,0,0,0,0,0,0,0,1,1,1,0.653220913106305,0.5433245085652489,1,0.5,0.5433245085652489,0.473638456694274,0.625,0.5673677059350319,0.48254316331709324
0,1,1,1,1,1,1,1,1,1,0,0,0,0,0,0,0,0,0,1,0.7542722859992109,0.625984949683989,1,0.5,0.625984949683989,0.464112822987111,0.40625,0.6440662232825871,0.5256731123807394
0,0,0,0,1,1,1,1,1,1,0,0,0,0,0,0,0,0,0,1,0.828568216838083,0.727550623896568,0,0.5,0.828568216838083,0.530554053915538,0.7857142857142858,0.6492168065367562,0.5285694446839279
0,1,1,1,1,1,1,1,1,1,0,0,0,0,0,0,1,1,1,1,0.5682432260712961,0.43803353021042896,1,0.5,0.43803353021042896,0.469435148935939,0.428571428571428,0.5541003817999913,0.47508253651563614
0,0,0,0,0,0,0,1,1,1,0,0,1,1,1,1,1,1,1,1,0.445013335612302,0.44191436828071795,1,0.5,0.44191436828071795,0.484820410802604,0.3541666666666671,0.4691692892921253,0.4273231557549226
0,0,0,0,0,0,0,1,1,1,0,0,0,0,0,0,0,0,0,1,0.8649848531200391,0.816364132718021,0,0.5,0.8649848531200391,0.524354532959587,0.7857142857142858,0.6493760765409481,0.5286590071344904
1,1,1,1,1,1,1,1,1,1,0,0,0,0,1,1,1,1,1,1,0.37904990953791295,0.199553789049571,1,0.5,0.199553789049571,0.46631163330671294,0.307692307692308,0.49818799907390554,0.44364127399323827
0,0,0,0,0,0,0,1,1,1,0,0,0,0,1,1,1,1,1,1,0.5436474563862189,0.4850266629504871,0,0.5,0.5436474563862189,0.5167914950516089,0.628571428571429,0.5061378031866991,0.44811169478243074
1,1,1,1,1,1,1,1,1,1,0,0,0,0,0,0,0,0,1,1,0.6010461840996589,0.39346150117640794,0,0.5,0.6010461840996589,0.539235949246611,0.6923076923076921,0.5894145479540609,0.4949407846294599
0,0,0,0,0,0,0,0,0,1,1,1,1,1,1,1,1,1,1,1,0.337907491540177,0.39711657791164207,1,0.5,0.39711657791164207,0.49333814554044897,0.652173913043478,0.41103498570195257,0.39463243839290535
0,0,0,1,1,1,1,1,1,1,0,0,0,0,0,0,0,1,1,1,0.617943243218896,0.516922160907997,1,0.5,0.516922160907997,0.4728163578469601,0.625,0.5591575231947526,0.4779263235705455
0,0,0,1,1,1,1,1,1,1,0,0,0,0,1,1,1,1,1,1,0.49846745241813795,0.41977424068549896,0,0.5,0.49846745241813795,0.52332347734942,0.628571428571429,0.5047219989520327,0.4473155442617036
0,0,0,0,0,0,1,1,1,1,0,0,0,0,0,1,1,1,1,1,0.5768077634529829,0.56204508524898,1,0.5,0.56204508524898,0.480396307784107,0.85,0.530042722631593,0.46155417051317843
0,0,0,0,1,1,1,1,1,1,0,0,0,1,1,1,1,1,1,1,0.44552028482513,0.3637071099706311,0,0.5,0.44552028482513,0.522026948360824,0.628571428571429,0.4892249703509638,0.4386010856604608
0,1,1,1,1,1,1,1,1,1,1,1,1,1,1,1,1,1,1,1,0.148675407793945,0.0469441276413534,0,0.5,0.148675407793945,0.521151200642284,0.323529411764706,0.37470819629963376,0.37420476089989635
0,0,0,0,0,0,1,1,1,1,0,0,0,1,1,1,1,1,1,1,0.45412584797711997,0.44941758359392403,1,0.5,0.44941758359392403,0.481529357535813,0.37142857142857105,0.4846604492227895,0.4360343142212425
1,1,1,1,1,1,1,1,1,1,0,1,1,1,1,1,1,1,1,1,0.253881875367918,0.0644339261701377,1,0.5,0.0644339261701377,0.46629653908014795,0.307692307692308,0.44470590394420223,0.4135666373701
1,1,1,1,1,1,1,1,1,1,0,0,0,0,0,0,0,0,0,1,0.770299164820925,0.542084650850286,1,0.5,0.542084650850286,0.458654501833151,0.307692307692308,0.6546768396306587,0.5316397902051943
0,0,0,0,0,0,0,0,1,1,0,1,1,1,1,1,1,1,1,1,0.3983008127973521,0.437578165296766,1,0.5,0.437578165296766,0.488954496219294,0.652173913043478,0.44657309419998986,0.4146166162146627
0,1,1,1,1,1,1,1,1,1,0,0,0,0,0,0,0,1,1,1,0.647787408572427,0.46751654410634497,1,0.5,0.46751654410634497,0.467358156931405,0.428571428571428,0.5759820209470498,0.48738725914234804
0,0,1,1,1,1,1,1,1,1,1,1,1,1,1,1,1,1,1,1,0.203352515808206,0.16092053552896302,1,0.5,0.16092053552896302,0.478758026605274,0.6764705882352939,0.40694954489625423,0.39233506863993023
0,0,0,0,0,0,0,0,0,1,0,0,0,0,0,0,0,0,0,1,0.970194950258832,1.0,0,0.5,0.970194950258832,0.519144323667201,0.7857142857142858,0.6782317724860545,0.5448854576494191
0,0,0,0,0,1,1,1,1,1,0,0,0,1,1,1,1,1,1,1,0.45635235651433603,0.422987609752926,0,0.5,0.45635235651433603,0.5190722254018479,0.628571428571429,0.48131813174760973,0.43415482570641484
0,1,1,1,1,1,1,1,1,1,0,0,0,0,0,1,1,1,1,1,0.5505771019545911,0.39643794918276704,0,0.5,0.5505771019545911,0.529964150363469,0.5714285714285721,0.5333505434545517,0.4634142604932675
0,1,1,1,1,1,1,1,1,1,0,0,0,0,0,0,0,1,1,1,0.608485989868801,0.443822366042577,0,0.5,0.608485989868801,0.5315897556804551,0.5714285714285721,0.5630049727067293,0.48008986345651944
0,1,1,1,1,1,1,1,1,1,0,0,0,0,0,0,1,1,1,1,0.572400531910643,0.38936760577876395,1,0.5,0.38936760577876395,0.46953825652884207,0.428571428571428,0.5441978777567137,0.46951405214645653
1,1,1,1,1,1,1,1,1,1,0,0,0,1,1,1,1,1,1,1,0.36625400787753204,0.17307629267908403,0,0.5,0.36625400787753204,0.534107551005875,0.6923076923076921,0.4885445115071383,0.43821844260178067
0,0,0,0,0,0,0,0,0,1,0,0,0,0,1,1,1,1,1,1,0.5555179910864521,0.6240926879738089,0,0.5,0.5555179910864521,0.5094652600160671,0.628571428571429,0.5057486924067237,0.4478928857532496
1,1,1,1,1,1,1,1,1,1,0,0,0,0,1,1,1,1,1,1,0.399298520705099,0.22726724821850897,0,0.5,0.399298520705099,0.534106696256521,0.6923076923076921,0.49835659374261143,0.4437360799911266
0,0,0,0,0,0,0,0,0,1,0,0,0,0,0,0,1,1,1,1,0.644132254831797,0.7180871729971311,0,0.5,0.644132254831797,0.5128985249751429,0.666666666666667,0.542177070332267,0.46837768961562853
0,0,0,0,0,0,0,0,1,1,0,0,0,0,0,0,0,0,0,1,1.0,0.925467074325015,0,0.5,1.0,0.526987918834515,0.7857142857142858,0.7088756308839115,0.5621174472304444
0,0,1,1,1,1,1,1,1,1,0,0,0,0,0,0,1,1,1,1,0.550779156453459,0.435714645795625,1,0.5,0.435714645795625,0.47070210144875707,0.428571428571428,0.5473659143250833,0.4712955371157994
0,0,0,1,1,1,1,1,1,1,0,0,0,1,1,1,1,1,1,1,0.430744586479048,0.38260977549728603,1,0.5,0.38260977549728603,0.47719230575501004,0.37142857142857105,0.4923284848922898,0.440346287897932
0,0,0,0,0,1,1,1,1,1,1,1,1,1,1,1,1,1,1,1,0.24349156404867803,0.2430131022317,0,0.5,0.24349156404867803,0.516595042466861,0.323529411764706,0.41237081613603876,0.3953836171714824
0,0,0,0,0,0,1,1,1,1,0,0,0,0,0,0,1,1,1,1,0.61209804221346,0.5568330662957629,1,0.5,0.5568330662957629,0.47919736902844196,0.625,0.5372265933049412,0.4655938832343162
0,0,1,1,1,1,1,1,1,1,0,0,0,0,0,1,1,1,1,1,0.47142597301970796,0.40356568185229497,1,0.5,0.40356568185229497,0.472153258957734,0.85,0.5267467971371848,0.4597007696443293
0,0,1,1,1,1,1,1,1,1,0,0,0,0,0,0,0,0,0,1,0.7491836162926141,0.633348859316484,1,0.5,0.633348859316484,0.467586659090861,0.40625,0.6304135391263099,0.5179957857177743
0,0,0,0,1,1,1,1,1,1,0,0,0,0,1,1,1,1,1,1,0.48358787899809896,0.437836925626868,0,0.5,0.48358787899809896,0.522838353025584,0.628571428571429,0.506092109258832,0.44808599967319546
0,0,0,0,0,1,1,1,1,1,0,0,0,0,0,1,1,1,1,1,0.526668771849026,0.493757352238874,1,0.5,0.493757352238874,0.4780055804697629,0.85,0.5274402996190393,0.4600907475441935
0,0,0,0,0,0,1,1,1,1,0,0,1,1,1,1,1,1,1,1,0.43027678706336797,0.429266717154208,1,0.5,0.429266717154208,0.48370696853071793,0.857142857142857,0.4711400361770435,0.42843136769569184
0,0,0,0,0,0,0,1,1,1,0,0,1,1,1,1,1,1,1,1,0.448751653289685,0.44414177877936,0,0.5,0.448751653289685,0.5150347661955901,0.14285714285714302,0.4705985661335821,0.4281268823392389
0,0,0,0,0,1,1,1,1,1,0,0,0,0,0,0,1,1,1,1,0.5874378571433461,0.49893219127838895,1,0.5,0.49893219127838895,0.47726861207283205,0.625,0.5361270864547869,0.464975596517933
0,0,0,0,0,0,1,1,1,1,0,0,1,1,1,1,1,1,1,1,0.418694771008992,0.362859642113074,1,0.5,0.362859642113074,0.482978618577509,0.3541666666666671,0.45518123607551125,0.4194572406942924
0,0,0,0,1,1,1,1,1,1,1,1,1,1,1,1,1,1,1,1,0.204883479701077,0.187132570118994,1,0.5,0.187132570118994,0.483814121274229,0.6764705882352939,0.3915413053390649,0.38367053886485475
0,0,0,0,0,0,1,1,1,1,0,0,1,1,1,1,1,1,1,1,0.42471424091289095,0.410834672399783,1,0.5,0.410834672399783,0.48317477919092894,0.3541666666666671,0.469232104607144,0.4273584787498234
0,1,1,1,1,1,1,1,1,1,0,0,1,1,1,1,1,1,1,1,0.34213018721161603,0.217729664631963,0,0.5,0.34213018721161603,0.52642126538333,0.6428571428571429,0.45613638867154205,0.41999435254781287
0,0,0,0,0,1,1,1,1,1,0,0,0,0,0,0,1,1,1,1,0.582349917890811,0.534907352218984,1,0.5,0.534907352218984,0.47776473129214897,0.625,0.5374115042730003,0.4656978643920949
1,1,1,1,1,1,1,1,1,1,0,0,0,0,0,0,1,1,1,1,0.5105934663788221,0.322867057587782,1,0.5,0.322867057587782,0.46346497951383003,0.307692307692308,0.549422825291756,0.47245220178532676
0,1,1,1,1,1,1,1,1,1,0,0,0,0,1,1,1,1,1,1,0.43076451976780494,0.32397328519511,0,0.5,0.43076451976780494,0.5300106418207029,0.628571428571429,0.5043262409527327,0.44709299729545665
0,0,1,1,1,1,1,1,1,1,0,0,0,1,1,1,1,1,1,1,0.43795453694790504,0.33043475160075103,0,0.5,0.43795453694790504,0.524243189281429,0.628571428571429,0.4825795274831115,0.4348641475512527
0,0,0,0,0,0,0,0,1,1,0,0,0,0,0,0,0,0,1,1,0.747730736519264,0.733240559739231,1,0.5,0.733240559739231,0.47864514801814506,0.40625,0.6081582683429589,0.5054809584632396
0,1,1,1,1,1,1,1,1,1,0,0,0,0,0,1,1,1,1,1,0.478300309489104,0.327007428849324,1,0.5,0.327007428849324,0.469728055514726,0.37142857142857105,0.5188266493785714,0.4552470255405466
0,0,0,1,1,1,1,1,1,1,0,0,1,1,1,1,1,1,1,1,0.393553507031479,0.323249883297333,0,0.5,0.393553507031479,0.522300417863462,0.6428571428571429,0.46503003572952206,0.42499552542397867
0,0,0,0,0,0,0,0,1,1,0,0,0,0,0,0,0,0,0,1,0.8416793836844209,0.793585584862462,0,0.5,0.8416793836844209,0.522067797446511,0.59375,0.6385781949930859,0.5225870242949235
0,0,0,0,0,0,0,1,1,1,1,1,1,1,1,1,1,1,1,1,0.305755140951551,0.299281842537221,0,0.5,0.305755140951551,0.512625636398813,0.645833333333333,0.4148273899067266,0.39676502459974783
0,0,0,0,0,0,0,0,1,1,0,1,1,1,1,1,1,1,1,1,0.39484939315538703,0.446419811642043,1,0.5,0.446419811642043,0.48851516028184205,0.652173913043478,0.4479015157465759,0.4153636287465957
0,0,0,0,1,1,1,1,1,1,0,0,0,0,0,0,1,1,1,1,0.559177146188823,0.505202580933695,1,0.5,0.505202580933695,0.47547415481335603,0.625,0.5422698779159979,0.4684298781910725
1,1,1,1,1,1,1,1,1,1,0,0,0,0,0,0,0,0,0,1,0.719352616094479,0.42498883806779103,0,0.5,0.719352616094479,0.542278616391034,0.6923076923076921,0.6264422586604735,0.5157626118555882
0,0,0,0,0,0,0,1,1,1,0,0,0,0,0,0,0,0,1,1,0.7320783804274051,0.683711721269412,0,0.5,0.7320783804274051,0.522386887743475,0.59375,0.6003095679854453,0.501067391443405
0,0,0,0,0,0,0,0,0,1,0,1,1,1,1,1,1,1,1,1,0.401269778730282,0.523490392012836,1,0.5,0.523490392012836,0.496093048105954,0.652173913043478,0.4360487028387564,0.4086984253677787
0,0,0,0,0,0,0,0,1,1,0,0,0,0,0,0,1,1,1,1,0.605390296621798,0.611867985625483,1,0.5,0.611867985625483,0.482868623104436,0.625,0.5439198225599744,0.46935769310736447
1,1,1,1,1,1,1,1,1,1,0,0,0,0,0,0,0,0,0,1,0.836016071745848,0.662320179496216,1,0.5,0.662320179496216,0.458168879061981,0.8888888888888891,0.6978696349765284,0.5559284352482556
0,0,0,0,0,0,0,0,0,1,0,0,0,1,1,1,1,1,1,1,0.55241290785963,0.541218897230935,0,0.5,0.55241290785963,0.512448503566936,0.628571428571429,0.49706560206697126,0.4430101154335636
0,0,0,0,1,1,1,1,1,1,0,0,1,1,1,1,1,1,1,1,0.44286361544833297,0.32061786827970595,1,0.5,0.32061786827970595,0.480297857005799,0.3571428571428571,0.46876585996212083,0.4270962949620988
0,1,1,1,1,1,1,1,1,1,0,0,0,0,0,1,1,1,1,1,0.540286578490975,0.39124744529284,1,0.5,0.39124744529284,0.47104265276468205,0.428571428571428,0.5334271328499381,0.4634573290796766
0,0,0,1,1,1,1,1,1,1,0,0,0,0,1,1,1,1,1,1,0.501267666423826,0.402517668792001,0,0.5,0.501267666423826,0.5237278996383851,0.628571428571429,0.5096740041493211,0.45010020998026157
0,0,0,1,1,1,1,1,1,1,0,0,0,0,0,1,1,1,1,1,0.521857533204263,0.42821643957527794,1,0.5,0.42821643957527794,0.474090033358087,0.85,0.5283626023227059,0.46060938688698744
0,0,0,0,0,0,0,0,0,1,1,1,1,1,1,1,1,1,1,1,0.275397140464681,0.34065892853718294,1,0.5,0.34065892853718294,0.494031126771511,0.652173913043478,0.3846662617125117,0.3798044891460588
0,0,0,1,1,1,1,1,1,1,0,0,0,0,1,1,1,1,1,1,0.462744598505776,0.3725540188172779,0,0.5,0.462744598505776,0.524528410871534,0.628571428571429,0.5036338686954122,0.4467036549558127
0,0,0,1,1,1,1,1,1,1,1,1,1,1,1,1,1,1,1,1,0.254674292561246,0.20429801443779602,1,0.5,0.20429801443779602,0.48130741337218796,0.6764705882352939,0.41078359739313575,0.3944910749698638
0,0,0,0,0,0,0,1,1,1,0,0,0,0,0,0,0,0,1,1,0.6590525903738671,0.6728421586686321,1,0.5,0.6728421586686321,0.479512196001456,0.625,0.5797326274506857,0.4894963412087794
1,1,1,1,1,1,1,1,1,1,0,0,0,0,0,0,0,0,1,1,0.639724283710139,0.398972048753099,0,0.5,0.639724283710139,0.5431525625808029,0.6923076923076921,0.6076313970145021,0.5051846824158621
0,0,0,0,1,1,1,1,1,1,0,0,0,0,1,1,1,1,1,1,0.46492150243058206,0.447666685636885,0,0.5,0.46492150243058206,0.521970154033258,0.628571428571429,0.508209421940323,0.4492766300955635
0,1,1,1,1,1,1,1,1,1,0,0,0,0,0,0,1,1,1,1,0.5799662807587671,0.387015618176635,0,0.5,0.5799662807587671,0.532378492558003,0.5714285714285721,0.5467268424955753,0.4709361672556261
0,1,1,1,1,1,1,1,1,1,0,0,0,0,1,1,1,1,1,1,0.475618113781692,0.325041853060919,1,0.5,0.325041853060919,0.471132818680515,0.37142857142857105,0.5150163828652425,0.4531043948050122
1,1,1,1,1,1,1,1,1,1,0,0,0,1,1,1,1,1,1,1,0.42687814971770505,0.203267324440618,0,0.5,0.42687814971770505,0.533326035301121,0.6923076923076921,0.4960569736298938,0.4424429324602844
0,0,0,0,0,1,1,1,1,1,0,0,0,0,0,0,1,1,1,1,0.587269139401925,0.502592533807539,0,0.5,0.587269139401925,0.5224686024672299,0.375,0.5409097479312243,0.4676650350234086
0,0,0,0,0,0,0,0,1,1,1,1,1,1,1,1,1,1,1,1,0.109158681181547,0.159466822469978,0,0.5,0.109158681181547,0.505870609246879,0.645833333333333,0.3250901877832275,0.3463030197194929
0,0,0,0,0,0,0,0,1,1,0,0,0,0,0,0,1,1,1,1,0.6302081845857359,0.5876979927632421,1,0.5,0.5876979927632421,0.48209235921421295,0.625,0.5476486752113235,0.4714545423096739
0,0,0,1,1,1,1,1,1,1,1,1,1,1,1,1,1,1,1,1,0.150844052040854,0.11041694953878499,1,0.5,0.11041694953878499,0.48319620165463,0.6764705882352939,0.3661038136582737,0.3693662503539319
1,1,1,1,1,1,1,1,1,1,0,0,1,1,1,1,1,1,1,1,0.38726612519651704,0.169520258099406,0,0.5,0.38726612519651704,0.529844446967076,0.6923076923076921,0.4746437084394018,0.4304015909990506
0,0,1,1,1,1,1,1,1,1,0,1,1,1,1,1,1,1,1,1,0.321654088875045,0.243822628075332,0,0.5,0.321654088875045,0.522609434373791,0.6428571428571429,0.447204917746043,0.41497191014081514
0,0,0,0,0,1,1,1,1,1,0,0,0,1,1,1,1,1,1,1,0.466568857101311,0.378534213280465,1,0.5,0.378534213280465,0.480965753488219,0.37142857142857105,0.48515297529134255,0.43631127686646487
