"V1.1","V1.2","V1.3","V1.4","V1.5","V1.6","V1.7","V1.8","V1.9","V1.10","V2.1","V2.2","V2.3","V2.4","V2.5","V2.6","V2.7","V2.8","V2.9","V2.10","y0","y1","t","prob_t","y","prob_t_pred_log","prob_t_pred_tree"
0,0,1,1,1,1,1,1,1,1,0,0,0,0,0,0,0,0,1,1,0.642541465171329,0.61456426560655,0,0.25,0.642541465171329,0.373584397293029,0.257142857142857
0,0,0,0,1,1,1,1,1,1,0,0,1,1,1,1,1,1,1,1,0.39438118744454,0.444755122682673,1,0.75,0.444755122682673,0.566207972412849,0.742857142857143
0,0,0,0,0,0,0,0,0,1,0,0,0,0,0,0,0,1,1,1,0.691691186651946,0.768311921684225,1,0.25,0.768311921684225,0.154624731645675,0.247058823529412
0,0,0,0,0,1,1,1,1,1,0,0,0,0,1,1,1,1,1,1,0.474047752047339,0.529248817158821,1,0.25,0.529248817158821,0.479293492312528,0.247058823529412
0,0,0,0,0,1,1,1,1,1,0,0,0,0,1,1,1,1,1,1,0.444901387350765,0.524217060713402,0,0.75,0.444901387350765,0.535737190271256,0.752941176470588
0,0,0,0,0,0,0,0,0,1,0,0,0,0,0,0,0,1,1,1,0.662113697658955,0.788769565061653,0,0.75,0.662113697658955,0.865766003096764,0.752941176470588
0,0,0,0,0,0,1,1,1,1,0,0,0,0,0,0,0,0,0,1,0.954810481203773,0.918350211581587,1,0.25,0.918350211581587,0.342446635416093,0.247058823529412
0,1,1,1,1,1,1,1,1,1,0,0,0,0,1,1,1,1,1,1,0.438560906834828,0.383442229804858,1,0.75,0.383442229804858,0.789616338931001,0.742857142857143
0,0,1,1,1,1,1,1,1,1,0,0,1,1,1,1,1,1,1,1,0.33780006641292,0.347270315994075,1,0.75,0.347270315994075,0.680899843820315,0.742857142857143
0,0,0,1,1,1,1,1,1,1,0,0,0,0,0,0,0,0,1,1,0.667583610274511,0.626176057332157,1,0.75,0.626176057332157,0.596861319034865,0.742857142857143
0,0,0,0,0,0,0,0,1,1,0,0,0,1,1,1,1,1,1,1,0.491766190823757,0.614530445963017,0,0.75,0.491766190823757,0.784503955632714,0.752941176470588
0,0,0,0,0,0,1,1,1,1,0,0,0,0,1,1,1,1,1,1,0.510155613937973,0.584527371624718,1,0.25,0.584527371624718,0.402678098026792,0.247058823529412
0,0,0,0,0,0,1,1,1,1,0,1,1,1,1,1,1,1,1,1,0.37002728960865,0.458441883672389,0,0.75,0.37002728960865,0.594902157683046,0.752941176470588
0,0,0,0,0,1,1,1,1,1,0,0,0,0,0,0,1,1,1,1,0.596667133669994,0.610571033843629,0,0.75,0.596667133669994,0.539826276121137,0.752941176470588
0,0,1,1,1,1,1,1,1,1,1,1,1,1,1,1,1,1,1,1,0.251109991705247,0.313067630536496,1,0.75,0.313067630536496,0.658536880821891,0.742857142857143
0,0,0,0,0,0,0,0,0,1,0,1,1,1,1,1,1,1,1,1,0.38553688688426,0.564910078588766,0,0.75,0.38553688688426,0.862313824148354,0.752941176470588
0,0,0,0,0,0,1,1,1,1,0,0,0,0,0,0,1,1,1,1,0.59892053796482,0.648174846066459,0,0.75,0.59892053796482,0.638947092026371,0.752941176470588
1,1,1,1,1,1,1,1,1,1,0,0,0,0,0,0,0,0,0,1,0.616688242921434,0.535075239088256,1,0.75,0.535075239088256,0.878700074217106,0.742857142857143
0,0,0,0,0,0,0,1,1,1,0,0,0,0,0,0,0,0,1,1,0.707075503711172,0.734080395920977,0,0.75,0.707075503711172,0.692389180960188,0.752941176470588
0,0,0,1,1,1,1,1,1,1,0,0,0,0,0,0,0,1,1,1,0.665972907235983,0.601370033503101,1,0.75,0.601370033503101,0.607775596457509,0.742857142857143
0,1,1,1,1,1,1,1,1,1,1,1,1,1,1,1,1,1,1,1,0.185118917670436,0.21228075453124,0,0.25,0.185118917670436,0.23049707159404,0.257142857142857
0,0,0,0,1,1,1,1,1,1,0,0,0,0,0,0,1,1,1,1,0.594278190418261,0.57344452949644,0,0.25,0.594278190418261,0.453489304028994,0.257142857142857
0,1,1,1,1,1,1,1,1,1,0,0,1,1,1,1,1,1,1,1,0.327022304390293,0.377097495410958,1,0.75,0.377097495410958,0.752350115458399,0.742857142857143
0,0,1,1,1,1,1,1,1,1,0,0,0,0,0,1,1,1,1,1,0.450234032489495,0.471542851831748,1,0.75,0.471542851831748,0.679196422487129,0.742857142857143
0,0,1,1,1,1,1,1,1,1,0,0,0,0,0,0,0,0,0,1,0.692480682250787,0.667297121372191,1,0.75,0.667297121372191,0.637398026026662,0.742857142857143
1,1,1,1,1,1,1,1,1,1,1,1,1,1,1,1,1,1,1,1,0.17238180711168,0.180406258641625,1,0.75,0.180406258641625,0.865127733148299,0.742857142857143
0,0,0,0,0,0,0,1,1,1,0,0,0,0,0,0,0,0,1,1,0.682419871488116,0.739579937584351,0,0.75,0.682419871488116,0.722153515765194,0.752941176470588
0,0,0,0,0,1,1,1,1,1,1,1,1,1,1,1,1,1,1,1,0.172536512707062,0.321827177192794,0,0.75,0.172536512707062,0.517400096324243,0.752941176470588
0,1,1,1,1,1,1,1,1,1,1,1,1,1,1,1,1,1,1,1,0.20477077471124,0.251418023472125,1,0.75,0.251418023472125,0.780576916725179,0.742857142857143
0,0,0,0,0,0,0,0,1,1,0,0,0,0,0,1,1,1,1,1,0.615978482243194,0.707607438967606,0,0.75,0.615978482243194,0.79500683364512,0.752941176470588
0,0,0,0,0,0,1,1,1,1,0,0,0,0,0,0,0,0,0,1,0.816960039618336,0.827835717265882,0,0.75,0.816960039618336,0.637642939840144,0.752941176470588
0,0,0,1,1,1,1,1,1,1,0,0,1,1,1,1,1,1,1,1,0.419352286409915,0.446093250449224,1,0.75,0.446093250449224,0.581496723812977,0.742857142857143
0,0,0,0,0,0,0,0,1,1,0,1,1,1,1,1,1,1,1,1,0.408129623751581,0.514838560697812,1,0.25,0.514838560697812,0.287247130193836,0.247058823529412
0,0,0,0,0,0,0,0,1,1,0,0,0,0,1,1,1,1,1,1,0.51610376025957,0.603915497611144,0,0.75,0.51610376025957,0.719832532693273,0.752941176470588
0,0,0,0,0,0,0,1,1,1,0,0,0,0,0,0,0,0,1,1,0.722078464609951,0.764464879154959,0,0.75,0.722078464609951,0.720054641449333,0.752941176470588
0,0,0,0,0,0,0,1,1,1,0,0,0,0,0,0,0,0,1,1,0.709465474595382,0.717820427683491,0,0.75,0.709465474595382,0.689027680485702,0.752941176470588
0,0,0,0,0,0,0,1,1,1,0,0,0,0,1,1,1,1,1,1,0.502054982420829,0.607104911590873,0,0.75,0.502054982420829,0.644906949486372,0.752941176470588
0,0,0,0,1,1,1,1,1,1,0,0,0,0,0,0,0,0,1,1,0.696069719616801,0.659807496623577,1,0.75,0.659807496623577,0.497193497017002,0.742857142857143
0,0,0,1,1,1,1,1,1,1,0,0,0,0,0,1,1,1,1,1,0.531173172867383,0.549006642475753,1,0.75,0.549006642475753,0.573458975087271,0.742857142857143
0,0,0,1,1,1,1,1,1,1,0,0,0,0,1,1,1,1,1,1,0.465471523597967,0.49060239462033,1,0.75,0.49060239462033,0.596331358243877,0.742857142857143
0,0,1,1,1,1,1,1,1,1,0,0,0,0,0,1,1,1,1,1,0.485974934693779,0.489374872041733,1,0.75,0.489374872041733,0.671545665420446,0.742857142857143
0,0,0,0,1,1,1,1,1,1,0,0,0,0,0,0,0,0,1,1,0.687897453634786,0.688404784248299,0,0.25,0.687897453634786,0.466303567999653,0.257142857142857
0,1,1,1,1,1,1,1,1,1,0,0,1,1,1,1,1,1,1,1,0.318156871107422,0.315052382271423,1,0.75,0.315052382271423,0.797184964126872,0.742857142857143
0,0,0,0,0,0,0,0,0,1,0,1,1,1,1,1,1,1,1,1,0.416528883044926,0.626391019456652,1,0.25,0.626391019456652,0.0954897724047053,0.247058823529412
0,0,0,0,0,0,0,0,1,1,0,0,0,1,1,1,1,1,1,1,0.532707818062238,0.611229459776419,1,0.25,0.611229459776419,0.218412588229983,0.247058823529412
0,1,1,1,1,1,1,1,1,1,0,0,0,0,1,1,1,1,1,1,0.461914346966895,0.408361606312615,1,0.75,0.408361606312615,0.764446538123042,0.742857142857143
0,0,0,1,1,1,1,1,1,1,0,0,0,0,0,0,0,1,1,1,0.594504019266458,0.579239362972261,0,0.25,0.594504019266458,0.407341124631742,0.257142857142857
0,0,0,1,1,1,1,1,1,1,0,0,0,0,0,0,1,1,1,1,0.586667243431233,0.558560004071682,0,0.25,0.586667243431233,0.388668193755289,0.257142857142857
0,0,0,0,0,0,0,1,1,1,0,0,0,0,0,0,0,0,0,1,0.874276777926094,0.853098008188969,0,0.75,0.874276777926094,0.720631562064527,0.752941176470588
0,0,0,0,1,1,1,1,1,1,0,0,0,1,1,1,1,1,1,1,0.440967704850599,0.479595888737191,1,0.75,0.479595888737191,0.522172716741264,0.742857142857143
0,0,0,0,0,1,1,1,1,1,0,0,0,0,0,0,0,0,0,1,0.863515461845494,0.819182516514978,0,0.75,0.863515461845494,0.598315973650186,0.752941176470588
0,0,0,0,1,1,1,1,1,1,0,0,0,0,0,0,0,0,0,1,0.760318758142672,0.708784301288255,1,0.75,0.708784301288255,0.482406968335274,0.742857142857143
0,0,0,0,1,1,1,1,1,1,0,0,0,0,0,0,0,1,1,1,0.645493795028967,0.637621650100384,1,0.75,0.637621650100384,0.494661537747346,0.742857142857143
0,0,0,0,0,0,0,0,0,1,0,0,0,0,0,0,1,1,1,1,0.618792507559304,0.733080323252908,0,0.75,0.618792507559304,0.814845563939582,0.752941176470588
0,0,0,0,1,1,1,1,1,1,0,0,0,0,0,1,1,1,1,1,0.527621647641774,0.552954822809101,0,0.25,0.527621647641774,0.447779695519592,0.257142857142857
0,0,0,0,0,0,0,0,0,1,1,1,1,1,1,1,1,1,1,1,0.282671951458492,0.473362073543948,0,0.75,0.282671951458492,0.818871028013493,0.752941176470588
1,1,1,1,1,1,1,1,1,1,1,1,1,1,1,1,1,1,1,1,0.160774746829307,0.15555601025252,1,0.75,0.15555601025252,0.84697362716552,0.742857142857143
0,0,0,0,0,0,0,1,1,1,0,0,1,1,1,1,1,1,1,1,0.394083511226285,0.50082861679462,0,0.75,0.394083511226285,0.642738432230334,0.752941176470588
0,0,0,0,0,1,1,1,1,1,0,0,0,0,0,1,1,1,1,1,0.550273670226162,0.560763422456055,1,0.25,0.560763422456055,0.461942890417165,0.247058823529412
0,0,0,0,0,1,1,1,1,1,0,0,0,0,0,0,0,0,1,1,0.739349640227199,0.74677520491969,1,0.25,0.74677520491969,0.420625916989826,0.247058823529412
0,0,0,0,0,0,1,1,1,1,0,1,1,1,1,1,1,1,1,1,0.392722707787066,0.452177282982307,0,0.75,0.392722707787066,0.589201351994974,0.752941176470588
0,0,0,1,1,1,1,1,1,1,0,0,0,0,0,0,1,1,1,1,0.535349340550316,0.541600868211297,1,0.75,0.541600868211297,0.62152757296387,0.742857142857143
0,0,0,1,1,1,1,1,1,1,1,1,1,1,1,1,1,1,1,1,0.132657546099005,0.218434952144319,1,0.75,0.218434952144319,0.614279920486746,0.742857142857143
0,1,1,1,1,1,1,1,1,1,0,0,0,0,0,0,0,0,0,1,0.890307546139694,0.761484279125761,1,0.75,0.761484279125761,0.713690529832064,0.742857142857143
0,1,1,1,1,1,1,1,1,1,0,0,0,0,1,1,1,1,1,1,0.41559780049618,0.397197577641848,1,0.75,0.397197577641848,0.755474498358449,0.742857142857143
0,0,0,0,0,0,1,1,1,1,1,1,1,1,1,1,1,1,1,1,0.187683558740395,0.312862508689181,1,0.25,0.312862508689181,0.444181493118817,0.247058823529412
0,0,0,0,0,0,1,1,1,1,0,0,0,0,0,0,0,0,1,1,0.686107551964236,0.72235691804915,0,0.75,0.686107551964236,0.63478123213792,0.752941176470588
0,0,0,0,0,1,1,1,1,1,0,0,0,0,0,0,0,0,1,1,0.702261003374705,0.71975764589119,0,0.75,0.702261003374705,0.536514601097894,0.752941176470588
0,0,0,0,0,0,0,0,1,1,0,0,0,0,0,0,0,1,1,1,0.716007889274102,0.755955885169794,0,0.75,0.716007889274102,0.73841691399341,0.752941176470588
0,0,0,0,0,0,0,0,0,1,0,0,0,0,0,0,0,0,1,1,0.778590133061244,0.863395868135853,0,0.75,0.778590133061244,0.903758523631853,0.752941176470588
0,0,0,1,1,1,1,1,1,1,0,0,0,0,1,1,1,1,1,1,0.420165014966611,0.475915470323711,1,0.75,0.475915470323711,0.626056018531251,0.742857142857143
1,1,1,1,1,1,1,1,1,1,0,0,0,0,0,0,0,0,0,1,0.60980612182832,0.465385983726406,1,0.75,0.465385983726406,0.912561458212738,0.742857142857143
0,0,0,0,0,0,0,0,1,1,0,0,0,0,1,1,1,1,1,1,0.486287371951224,0.624680648935278,1,0.25,0.624680648935278,0.256214381242893,0.247058823529412
0,0,1,1,1,1,1,1,1,1,1,1,1,1,1,1,1,1,1,1,0.143546624796639,0.219782836544907,1,0.75,0.219782836544907,0.699868637868207,0.742857142857143
0,0,1,1,1,1,1,1,1,1,0,0,0,0,0,0,0,0,0,1,0.793043625680528,0.705197033341511,1,0.75,0.705197033341511,0.644977502767809,0.742857142857143
0,0,0,0,0,0,0,0,1,1,0,0,0,0,0,0,0,0,1,1,0.754821386092454,0.81007538784388,1,0.25,0.81007538784388,0.236491303922053,0.247058823529412
0,0,0,1,1,1,1,1,1,1,0,0,0,0,0,0,0,1,1,1,0.622482915391693,0.636004519374378,0,0.25,0.622482915391693,0.440162278660605,0.257142857142857
0,1,1,1,1,1,1,1,1,1,0,1,1,1,1,1,1,1,1,1,0.233961905980075,0.262681527616706,1,0.75,0.262681527616706,0.794107926203605,0.742857142857143
0,0,0,0,0,1,1,1,1,1,0,0,0,0,0,0,0,0,1,1,0.677907768929677,0.685968361903706,0,0.75,0.677907768929677,0.565511484582446,0.752941176470588
0,0,0,0,1,1,1,1,1,1,0,0,0,0,1,1,1,1,1,1,0.449542346974361,0.492643442680774,0,0.25,0.449542346974361,0.46546563869763,0.257142857142857
0,0,0,0,0,1,1,1,1,1,0,0,0,0,0,0,0,0,1,1,0.706908619433963,0.697819838028225,0,0.75,0.706908619433963,0.523148744403919,0.752941176470588
0,0,0,0,0,0,1,1,1,1,0,0,0,0,0,0,0,0,0,1,0.866473893857006,0.850164500087671,1,0.25,0.850164500087671,0.36787316474931,0.247058823529412
0,0,0,1,1,1,1,1,1,1,0,0,0,1,1,1,1,1,1,1,0.409725016764532,0.451469032962162,0,0.25,0.409725016764532,0.40001032613516,0.257142857142857
0,0,0,0,0,0,0,1,1,1,0,0,0,0,0,0,0,1,1,1,0.637926029279316,0.676172118144949,1,0.25,0.676172118144949,0.325320702808059,0.247058823529412
0,0,0,0,1,1,1,1,1,1,0,0,0,0,0,0,0,0,0,1,0.754878992848376,0.700538600560946,1,0.75,0.700538600560946,0.533636541334367,0.742857142857143
0,0,0,0,0,0,1,1,1,1,0,0,0,0,0,0,0,0,1,1,0.726169980495843,0.710310538357225,0,0.75,0.726169980495843,0.606680452511679,0.752941176470588
0,0,0,0,0,0,0,0,1,1,0,0,0,0,0,1,1,1,1,1,0.574028799433055,0.660730257173758,0,0.75,0.574028799433055,0.764781614043255,0.752941176470588
0,0,0,0,0,0,1,1,1,1,0,0,1,1,1,1,1,1,1,1,0.390884840142638,0.510705406792611,1,0.25,0.510705406792611,0.391130470776159,0.247058823529412
0,0,0,1,1,1,1,1,1,1,0,0,0,0,0,0,0,1,1,1,0.598885557212455,0.584206171527586,1,0.75,0.584206171527586,0.572069528815261,0.742857142857143
0,0,0,0,0,0,0,0,1,1,0,0,0,0,0,0,0,1,1,1,0.66803122874684,0.722128413204329,0,0.75,0.66803122874684,0.781046989055461,0.752941176470588
0,0,0,0,0,0,0,0,1,1,0,0,1,1,1,1,1,1,1,1,0.411369184909323,0.521059734304099,0,0.75,0.411369184909323,0.734435376854872,0.752941176470588
0,0,0,0,0,0,0,1,1,1,1,1,1,1,1,1,1,1,1,1,0.245081853371578,0.383349878922994,1,0.25,0.383349878922994,0.376988184945939,0.247058823529412
0,0,0,0,0,1,1,1,1,1,0,0,0,0,0,0,0,1,1,1,0.610081431214846,0.642714606845972,0,0.75,0.610081431214846,0.575028106877843,0.752941176470588
0,0,1,1,1,1,1,1,1,1,0,0,0,0,1,1,1,1,1,1,0.481413405625044,0.481735043723166,1,0.75,0.481735043723166,0.656658604245837,0.742857142857143
0,0,0,0,0,0,0,0,0,1,0,0,1,1,1,1,1,1,1,1,0.431968523420036,0.576338592558937,0,0.75,0.431968523420036,0.803760902687593,0.752941176470588
0,0,1,1,1,1,1,1,1,1,0,0,0,0,0,1,1,1,1,1,0.475834827075985,0.502685546898044,1,0.75,0.502685546898044,0.649701298155386,0.742857142857143
0,0,0,0,0,0,0,0,0,1,0,0,0,0,0,0,0,0,1,1,0.780088634703537,0.905132186788888,0,0.75,0.780088634703537,0.915985973899271,0.752941176470588
0,0,0,0,0,0,0,0,0,1,0,0,0,0,0,0,1,1,1,1,0.619384710606727,0.749784674793263,0,0.75,0.619384710606727,0.839400879082366,0.752941176470588
0,0,0,0,1,1,1,1,1,1,0,0,0,0,1,1,1,1,1,1,0.464761101130999,0.496331978708611,1,0.75,0.496331978708611,0.560824873685897,0.742857142857143
0,1,1,1,1,1,1,1,1,1,0,0,1,1,1,1,1,1,1,1,0.333085376712273,0.334005935672,1,0.75,0.334005935672,0.752277271114014,0.742857142857143
0,0,1,1,1,1,1,1,1,1,0,0,0,0,0,1,1,1,1,1,0.486103350321695,0.484474176446444,1,0.75,0.484474176446444,0.675072399775363,0.742857142857143
0,0,0,0,0,0,1,1,1,1,0,0,0,0,1,1,1,1,1,1,0.493662392395532,0.537515069509356,1,0.25,0.537515069509356,0.432062059137309,0.247058823529412
0,0,0,0,1,1,1,1,1,1,0,0,0,0,0,1,1,1,1,1,0.526483566852934,0.5232063357205,1,0.75,0.5232063357205,0.560232176446033,0.742857142857143
0,0,0,1,1,1,1,1,1,1,0,0,0,0,0,0,0,1,1,1,0.606051404708894,0.612787504508592,1,0.75,0.612787504508592,0.57488543327974,0.742857142857143
0,1,1,1,1,1,1,1,1,1,0,0,0,0,0,0,0,0,1,1,0.663447397442383,0.57546531922188,1,0.75,0.57546531922188,0.716555707574467,0.742857142857143
0,0,0,0,1,1,1,1,1,1,1,1,1,1,1,1,1,1,1,1,0.249112694973466,0.375924816237908,1,0.75,0.375924816237908,0.528782564239397,0.742857142857143
0,0,1,1,1,1,1,1,1,1,0,0,0,0,0,0,0,1,1,1,0.538704596098634,0.521515328318016,1,0.75,0.521515328318016,0.685781232933736,0.742857142857143
1,1,1,1,1,1,1,1,1,1,0,0,0,1,1,1,1,1,1,1,0.372747300635136,0.344349375841596,1,0.75,0.344349375841596,0.85436253550893,0.742857142857143
0,0,0,1,1,1,1,1,1,1,0,0,0,0,0,0,0,1,1,1,0.623485178379019,0.588777006231013,0,0.25,0.623485178379019,0.413689363611524,0.257142857142857
0,0,0,0,0,0,0,0,1,1,1,1,1,1,1,1,1,1,1,1,0.168404779028084,0.355452426928642,0,0.75,0.168404779028084,0.702493181708343,0.752941176470588
0,0,1,1,1,1,1,1,1,1,0,0,0,0,0,0,0,0,0,1,0.921359886354077,0.84268864236695,1,0.75,0.84268864236695,0.607825204249468,0.742857142857143
0,0,0,0,0,0,0,1,1,1,0,0,0,0,1,1,1,1,1,1,0.524433750734197,0.592890401826915,1,0.25,0.592890401826915,0.341465760172674,0.247058823529412
1,1,1,1,1,1,1,1,1,1,0,0,0,0,1,1,1,1,1,1,0.380264277315079,0.385119067059152,0,0.25,0.380264277315079,0.153666143516738,0.257142857142857
0,0,0,0,1,1,1,1,1,1,0,0,0,0,0,0,1,1,1,1,0.525613393740771,0.586543219308412,1,0.75,0.586543219308412,0.506472935886326,0.742857142857143
0,0,0,0,0,0,1,1,1,1,0,1,1,1,1,1,1,1,1,1,0.367830145969663,0.464505515368357,1,0.25,0.464505515368357,0.374672383537032,0.247058823529412
0,0,0,0,0,0,1,1,1,1,0,0,0,0,0,1,1,1,1,1,0.548016375581752,0.575922807567049,0,0.75,0.548016375581752,0.583360372599018,0.752941176470588
0,0,0,0,0,1,1,1,1,1,0,0,0,0,0,0,1,1,1,1,0.589530549661366,0.613599829850352,1,0.25,0.613599829850352,0.461516987055967,0.247058823529412
0,0,1,1,1,1,1,1,1,1,0,0,0,1,1,1,1,1,1,1,0.446118719525507,0.431231457350325,1,0.75,0.431231457350325,0.663896233138681,0.742857142857143
0,1,1,1,1,1,1,1,1,1,0,0,0,0,0,0,0,0,1,1,0.641126440367387,0.560962439385047,1,0.75,0.560962439385047,0.695634893561348,0.742857142857143
0,1,1,1,1,1,1,1,1,1,0,0,0,1,1,1,1,1,1,1,0.410683981871178,0.391187030518881,0,0.25,0.410683981871178,0.250869748235702,0.257142857142857
0,0,0,0,0,1,1,1,1,1,0,0,0,0,0,0,0,1,1,1,0.625308348949237,0.636349486873665,1,0.25,0.636349486873665,0.456182832423659,0.247058823529412
0,1,1,1,1,1,1,1,1,1,0,0,0,1,1,1,1,1,1,1,0.442948312027445,0.432109832860193,1,0.75,0.432109832860193,0.73124675783433,0.742857142857143
0,0,0,1,1,1,1,1,1,1,1,1,1,1,1,1,1,1,1,1,0.161133479085429,0.252681581055369,1,0.75,0.252681581055369,0.64765648026855,0.742857142857143
0,0,0,1,1,1,1,1,1,1,0,0,0,0,0,0,1,1,1,1,0.528642665936475,0.552529689130088,1,0.75,0.552529689130088,0.558588783324819,0.742857142857143
0,0,0,0,0,0,0,0,0,1,0,0,0,0,0,1,1,1,1,1,0.596156353432845,0.757237826003444,0,0.75,0.596156353432845,0.87790069766752,0.752941176470588
0,0,1,1,1,1,1,1,1,1,0,0,0,0,0,0,0,1,1,1,0.591964778063095,0.585855699539974,1,0.75,0.585855699539974,0.651987418084844,0.742857142857143
0,0,0,0,0,1,1,1,1,1,0,0,0,0,0,0,0,0,0,1,0.786365146505113,0.791971009631644,0,0.75,0.786365146505113,0.589527114836694,0.752941176470588
0,0,0,0,0,1,1,1,1,1,0,0,0,0,0,1,1,1,1,1,0.506624438962906,0.571299852004227,0,0.75,0.506624438962906,0.525266873232734,0.752941176470588
0,1,1,1,1,1,1,1,1,1,0,0,0,0,0,0,0,0,1,1,0.672835798270124,0.616740647350601,1,0.75,0.616740647350601,0.716372588047434,0.742857142857143
0,0,0,0,1,1,1,1,1,1,0,0,0,0,0,1,1,1,1,1,0.525211570783186,0.537515867129667,1,0.75,0.537515867129667,0.514118846769425,0.742857142857143
0,0,0,0,0,0,0,0,0,1,0,0,0,1,1,1,1,1,1,1,0.506509361985712,0.627025914326365,1,0.25,0.627025914326365,0.180500524499767,0.247058823529412
0,0,0,0,0,0,1,1,1,1,0,0,0,1,1,1,1,1,1,1,0.439213217139713,0.522724257512748,0,0.75,0.439213217139713,0.61427495678511,0.752941176470588
0,0,0,0,0,1,1,1,1,1,0,0,0,0,0,0,0,0,1,1,0.696541312842183,0.659487447121381,0,0.75,0.696541312842183,0.529538596925118,0.752941176470588
0,0,0,1,1,1,1,1,1,1,0,0,0,0,0,1,1,1,1,1,0.506424327103896,0.525648412460403,1,0.75,0.525648412460403,0.605332740746804,0.742857142857143
1,1,1,1,1,1,1,1,1,1,0,0,0,0,0,0,0,1,1,1,0.545632607606343,0.453364277570526,1,0.75,0.453364277570526,0.891676951198777,0.742857142857143
0,0,0,0,0,0,0,0,1,1,0,0,0,0,0,1,1,1,1,1,0.545986267109318,0.677538567481997,0,0.75,0.545986267109318,0.771923581447539,0.752941176470588
1,1,1,1,1,1,1,1,1,1,0,1,1,1,1,1,1,1,1,1,0.289299620853818,0.254733108010283,1,0.75,0.254733108010283,0.829744322702422,0.742857142857143
0,0,0,0,0,0,0,1,1,1,0,0,0,0,0,1,1,1,1,1,0.564664059395017,0.645772960544109,0,0.75,0.564664059395017,0.691257383137001,0.752941176470588
0,0,0,0,0,0,0,0,0,1,0,1,1,1,1,1,1,1,1,1,0.385638127246104,0.610978268360725,0,0.75,0.385638127246104,0.878688312861236,0.752941176470588
1,1,1,1,1,1,1,1,1,1,1,1,1,1,1,1,1,1,1,1,0.0875783145463294,0.120115660248509,1,0.75,0.120115660248509,0.836251339500965,0.742857142857143
0,0,0,0,0,0,0,1,1,1,0,1,1,1,1,1,1,1,1,1,0.381534132852636,0.498014906173541,0,0.75,0.381534132852636,0.669278262433706,0.752941176470588
0,0,0,1,1,1,1,1,1,1,1,1,1,1,1,1,1,1,1,1,0.238790375915055,0.313522732547373,1,0.75,0.313522732547373,0.58632447782028,0.742857142857143
1,1,1,1,1,1,1,1,1,1,0,1,1,1,1,1,1,1,1,1,0.219290817609959,0.213891595937808,1,0.75,0.213891595937808,0.847766256209473,0.742857142857143
1,1,1,1,1,1,1,1,1,1,0,0,1,1,1,1,1,1,1,1,0.294232667058459,0.30223389951395,0,0.25,0.294232667058459,0.164105361923352,0.257142857142857
1,1,1,1,1,1,1,1,1,1,0,0,0,0,0,0,0,1,1,1,0.570139420274707,0.488280915854859,0,0.25,0.570139420274707,0.163978813907206,0.257142857142857
0,0,1,1,1,1,1,1,1,1,0,0,0,1,1,1,1,1,1,1,0.406101984384953,0.416375467550613,0,0.25,0.406101984384953,0.361345398998231,0.257142857142857
1,1,1,1,1,1,1,1,1,1,0,0,0,1,1,1,1,1,1,1,0.346704031294719,0.309709726806419,1,0.75,0.309709726806419,0.825862307333861,0.742857142857143
0,0,0,0,0,0,0,1,1,1,0,1,1,1,1,1,1,1,1,1,0.333980634760836,0.452886886433496,0,0.75,0.333980634760836,0.663033929530639,0.752941176470588
0,0,0,0,0,0,0,0,0,1,0,0,0,0,1,1,1,1,1,1,0.589730245590781,0.727455972577893,0,0.75,0.589730245590781,0.902705707914913,0.752941176470588
1,1,1,1,1,1,1,1,1,1,0,0,0,0,0,0,0,0,1,1,0.607336901694893,0.557118019813399,1,0.75,0.557118019813399,0.783586317557357,0.742857142857143
0,0,0,0,0,0,0,1,1,1,0,0,0,0,0,0,0,1,1,1,0.690323245505074,0.73493353413081,0,0.75,0.690323245505074,0.710101651530711,0.752941176470588
0,0,0,0,0,0,0,1,1,1,0,0,0,0,0,0,0,1,1,1,0.656950537186155,0.726469885257504,0,0.75,0.656950537186155,0.70572306516016,0.752941176470588
0,0,0,0,0,0,1,1,1,1,0,0,0,0,0,0,1,1,1,1,0.608226329588428,0.627200135823593,0,0.75,0.608226329588428,0.597465507835587,0.752941176470588
0,1,1,1,1,1,1,1,1,1,0,1,1,1,1,1,1,1,1,1,0.275853283111197,0.266914600541936,1,0.75,0.266914600541936,0.754097722077274,0.742857142857143
0,0,0,0,1,1,1,1,1,1,0,0,0,0,0,0,1,1,1,1,0.523627859330956,0.576915933062479,1,0.75,0.576915933062479,0.523450624397953,0.742857142857143
0,0,0,1,1,1,1,1,1,1,0,0,1,1,1,1,1,1,1,1,0.390287205190399,0.425230716976245,1,0.75,0.425230716976245,0.578404892075536,0.742857142857143
0,0,0,0,0,0,0,1,1,1,0,0,0,0,1,1,1,1,1,1,0.485718973409567,0.596012400860006,1,0.25,0.596012400860006,0.354200526524981,0.247058823529412
0,0,0,1,1,1,1,1,1,1,0,0,0,0,0,0,0,0,1,1,0.712104475829999,0.680535596305663,0,0.25,0.712104475829999,0.423809265954018,0.257142857142857
0,0,0,0,0,0,0,0,1,1,0,0,0,0,0,1,1,1,1,1,0.558915116944164,0.667362820779075,0,0.75,0.558915116944164,0.741565248222713,0.752941176470588
0,0,0,1,1,1,1,1,1,1,0,0,0,0,0,0,1,1,1,1,0.571453704927477,0.55155983392403,1,0.75,0.55155983392403,0.58805195537461,0.742857142857143
0,0,0,0,0,0,0,0,1,1,0,0,0,0,0,0,1,1,1,1,0.622109245693614,0.710557172774343,0,0.75,0.622109245693614,0.760738850328903,0.752941176470588
0,1,1,1,1,1,1,1,1,1,0,0,0,0,0,0,0,1,1,1,0.558712483733738,0.521482550351227,0,0.25,0.558712483733738,0.257191788903941,0.257142857142857
0,1,1,1,1,1,1,1,1,1,0,1,1,1,1,1,1,1,1,1,0.279029943122554,0.28514667120009,1,0.75,0.28514667120009,0.798948572981235,0.742857142857143
0,0,0,0,0,0,0,0,0,1,0,0,0,0,0,0,1,1,1,1,0.707782299802345,0.890096102512642,0,0.75,0.707782299802345,0.969693773232036,0.752941176470588
0,0,0,1,1,1,1,1,1,1,0,0,0,0,0,0,0,1,1,1,0.630337405851855,0.628397341641719,1,0.75,0.628397341641719,0.592401299075766,0.742857142857143
0,0,0,0,0,0,1,1,1,1,0,1,1,1,1,1,1,1,1,1,0.358868291309757,0.436997638840919,1,0.25,0.436997638840919,0.431980154623972,0.247058823529412
0,0,0,0,0,0,0,1,1,1,0,0,0,1,1,1,1,1,1,1,0.438702449911302,0.549738574023106,0,0.75,0.438702449911302,0.658918805079821,0.752941176470588
0,0,0,1,1,1,1,1,1,1,1,1,1,1,1,1,1,1,1,1,0.121494827909084,0.203720144188172,1,0.75,0.203720144188172,0.649695379365043,0.742857142857143
0,0,0,0,0,0,1,1,1,1,0,0,0,0,0,0,1,1,1,1,0.595184344345725,0.638605591781999,0,0.75,0.595184344345725,0.640935521398612,0.752941176470588
0,0,0,0,0,0,1,1,1,1,0,0,0,0,1,1,1,1,1,1,0.515813890482794,0.546503711127476,0,0.75,0.515813890482794,0.598426760196986,0.752941176470588
0,0,0,0,1,1,1,1,1,1,0,1,1,1,1,1,1,1,1,1,0.312842953959723,0.36806479889137,1,0.75,0.36806479889137,0.569217037896431,0.742857142857143
0,0,0,0,0,1,1,1,1,1,0,0,0,1,1,1,1,1,1,1,0.444094113008543,0.511430047960504,0,0.75,0.444094113008543,0.514486706109766,0.752941176470588
0,0,0,0,1,1,1,1,1,1,1,1,1,1,1,1,1,1,1,1,0.256733607387839,0.338170699688526,1,0.75,0.338170699688526,0.526225054615877,0.742857142857143
0,0,0,0,0,0,0,0,0,1,0,0,0,0,0,0,0,0,1,1,0.742978406855844,0.865120334766049,0,0.75,0.742978406855844,0.910494634443316,0.752941176470588
0,0,1,1,1,1,1,1,1,1,0,0,1,1,1,1,1,1,1,1,0.33744979269911,0.360603769658717,1,0.75,0.360603769658717,0.69273023036243,0.742857142857143
0,1,1,1,1,1,1,1,1,1,0,0,0,0,0,0,0,1,1,1,0.54145354493814,0.492222114725297,1,0.75,0.492222114725297,0.75217482577841,0.742857142857143
0,0,0,0,0,1,1,1,1,1,0,0,0,1,1,1,1,1,1,1,0.455082650937045,0.505017118237488,0,0.75,0.455082650937045,0.510170605901104,0.752941176470588
0,0,0,0,0,0,1,1,1,1,0,0,0,0,0,0,1,1,1,1,0.594363866344291,0.644072625100407,0,0.75,0.594363866344291,0.591690385944465,0.752941176470588
0,0,0,0,0,0,1,1,1,1,0,0,1,1,1,1,1,1,1,1,0.428381738097666,0.493183044813251,0,0.75,0.428381738097666,0.608156700170947,0.752941176470588
0,0,0,1,1,1,1,1,1,1,0,0,0,0,0,0,0,0,1,1,0.615594256992092,0.627250222082512,1,0.75,0.627250222082512,0.602185802252592,0.742857142857143
0,1,1,1,1,1,1,1,1,1,0,0,0,0,1,1,1,1,1,1,0.455466181911787,0.417421763883676,1,0.75,0.417421763883676,0.752644024558818,0.742857142857143
0,0,0,0,0,0,0,0,1,1,0,0,0,0,0,0,1,1,1,1,0.65653715548139,0.752952760361788,0,0.75,0.65653715548139,0.798911323855375,0.752941176470588
0,0,0,1,1,1,1,1,1,1,0,0,0,0,0,0,1,1,1,1,0.56085887469307,0.552576929998952,1,0.75,0.552576929998952,0.580493235535308,0.742857142857143
0,1,1,1,1,1,1,1,1,1,0,0,0,0,0,0,0,1,1,1,0.604769758420264,0.565463212816584,1,0.75,0.565463212816584,0.701334860397379,0.742857142857143
0,0,0,0,1,1,1,1,1,1,0,0,0,0,0,1,1,1,1,1,0.472848944140651,0.513589323457471,1,0.75,0.513589323457471,0.556995346418882,0.742857142857143
0,0,0,0,1,1,1,1,1,1,0,0,0,0,0,0,1,1,1,1,0.590575343634937,0.586953664846626,1,0.75,0.586953664846626,0.541461725655542,0.742857142857143
0,0,0,0,0,0,0,0,1,1,0,0,1,1,1,1,1,1,1,1,0.452023755590098,0.559908581391564,0,0.75,0.452023755590098,0.760701825822091,0.752941176470588
0,0,0,0,0,1,1,1,1,1,1,1,1,1,1,1,1,1,1,1,0.126939443014371,0.255320697761319,0,0.75,0.126939443014371,0.494031495780716,0.752941176470588
0,0,0,0,0,0,0,1,1,1,0,0,0,0,0,0,0,0,1,1,0.722505523611961,0.74886885749151,0,0.75,0.722505523611961,0.704682686487,0.752941176470588
0,0,0,1,1,1,1,1,1,1,0,0,0,0,0,1,1,1,1,1,0.525124496793013,0.500476814650855,1,0.75,0.500476814650855,0.624101248330752,0.742857142857143
0,0,0,0,0,1,1,1,1,1,0,0,1,1,1,1,1,1,1,1,0.396348268445182,0.450569197536334,0,0.75,0.396348268445182,0.548562453266771,0.752941176470588
0,0,0,1,1,1,1,1,1,1,0,1,1,1,1,1,1,1,1,1,0.343957350209583,0.379818859641843,1,0.75,0.379818859641843,0.594220969860237,0.742857142857143
0,0,0,0,0,1,1,1,1,1,0,0,0,0,1,1,1,1,1,1,0.486691655472759,0.558985027193203,0,0.75,0.486691655472759,0.528197411080531,0.752941176470588
0,1,1,1,1,1,1,1,1,1,1,1,1,1,1,1,1,1,1,1,0.134496441301783,0.216160325623454,1,0.75,0.216160325623454,0.739329477452344,0.742857142857143
1,1,1,1,1,1,1,1,1,1,0,0,0,0,0,0,0,0,1,1,0.656247313137937,0.591323281649499,1,0.75,0.591323281649499,0.784673901123806,0.742857142857143
0,0,0,0,0,0,0,0,0,1,0,0,0,0,1,1,1,1,1,1,0.568253490584324,0.707805788850184,0,0.75,0.568253490584324,0.892255744817897,0.752941176470588
0,0,0,0,0,0,0,1,1,1,0,0,0,0,0,1,1,1,1,1,0.532061305914581,0.596885340025835,0,0.75,0.532061305914581,0.658512145525409,0.752941176470588
0,1,1,1,1,1,1,1,1,1,0,0,0,0,0,0,1,1,1,1,0.533881652633824,0.485321399709891,0,0.25,0.533881652633824,0.217480577411688,0.257142857142857
0,0,1,1,1,1,1,1,1,1,1,1,1,1,1,1,1,1,1,1,0.230300785842979,0.240492067991218,0,0.25,0.230300785842979,0.32549048179311,0.257142857142857
0,1,1,1,1,1,1,1,1,1,0,0,0,0,0,0,0,0,0,1,0.743579257978955,0.639970710803724,1,0.75,0.639970710803724,0.757479614721252,0.742857142857143
0,0,0,0,0,0,0,0,0,1,0,0,0,0,0,0,0,0,0,1,0.893791481333707,1,0,0.75,0.893791481333707,0.920125789810287,0.752941176470588
0,0,0,0,0,0,0,0,0,1,1,1,1,1,1,1,1,1,1,1,0.291050994240581,0.469059202316089,1,0.25,0.469059202316089,0.212534718796267,0.247058823529412
0,0,0,1,1,1,1,1,1,1,0,1,1,1,1,1,1,1,1,1,0.289002145704822,0.325128042176068,0,0.25,0.289002145704822,0.415934289445275,0.257142857142857
0,0,0,0,0,0,0,1,1,1,0,0,0,0,0,0,1,1,1,1,0.56901833956621,0.640734845636591,1,0.25,0.640734845636591,0.352220409544155,0.247058823529412
0,0,0,1,1,1,1,1,1,1,0,0,0,0,0,0,0,1,1,1,0.601144794552091,0.607921382560934,0,0.25,0.601144794552091,0.406726979517262,0.257142857142857
0,0,0,1,1,1,1,1,1,1,1,1,1,1,1,1,1,1,1,1,0.0183861924831541,0.157282143920793,1,0.75,0.157282143920793,0.655813090700488,0.742857142857143
0,0,1,1,1,1,1,1,1,1,0,0,0,0,0,0,0,0,0,1,0.926549944827645,0.800173574035287,1,0.75,0.800173574035287,0.66023559401976,0.742857142857143
0,0,1,1,1,1,1,1,1,1,0,1,1,1,1,1,1,1,1,1,0.302137151714589,0.355257089424374,1,0.75,0.355257089424374,0.66125414476623,0.742857142857143
0,0,0,0,0,0,0,0,0,1,0,0,0,0,1,1,1,1,1,1,0.529788214294084,0.681387107679999,1,0.25,0.681387107679999,0.148442565124176,0.247058823529412
0,0,0,0,1,1,1,1,1,1,0,0,0,0,1,1,1,1,1,1,0.503835949909721,0.547545975331838,1,0.75,0.547545975331838,0.510738241749391,0.742857142857143
0,0,0,0,0,1,1,1,1,1,0,0,0,1,1,1,1,1,1,1,0.455754754281424,0.499972391088933,0,0.75,0.455754754281424,0.529664406741745,0.752941176470588
0,0,0,0,0,1,1,1,1,1,0,0,1,1,1,1,1,1,1,1,0.416452407701105,0.482210047916403,0,0.75,0.416452407701105,0.558838885095715,0.752941176470588
0,0,0,0,0,0,0,0,1,1,0,0,0,0,0,1,1,1,1,1,0.571559486283345,0.674292365428927,0,0.75,0.571559486283345,0.789644193149601,0.752941176470588
0,0,0,1,1,1,1,1,1,1,0,0,0,0,0,0,0,0,0,1,0.700940418780058,0.692644414695665,0,0.25,0.700940418780058,0.390827392753943,0.257142857142857
0,1,1,1,1,1,1,1,1,1,0,0,0,0,0,0,0,0,0,1,0.688732189344391,0.620326844241562,1,0.75,0.620326844241562,0.721633210559396,0.742857142857143
0,0,0,0,0,0,0,0,0,1,1,1,1,1,1,1,1,1,1,1,0.343741164004179,0.536978151253713,0,0.75,0.343741164004179,0.846412814064877,0.752941176470588
0,0,0,1,1,1,1,1,1,1,0,0,0,1,1,1,1,1,1,1,0.418970069614892,0.426472511515712,1,0.75,0.426472511515712,0.617519790695787,0.742857142857143
0,0,1,1,1,1,1,1,1,1,0,0,0,0,0,0,0,0,0,1,0.76385933290328,0.718520685677831,0,0.25,0.76385933290328,0.344474147194562,0.257142857142857
0,1,1,1,1,1,1,1,1,1,0,0,0,0,0,0,0,0,0,1,0.719558285221701,0.632040331417728,1,0.75,0.632040331417728,0.768064697952507,0.742857142857143
1,1,1,1,1,1,1,1,1,1,0,1,1,1,1,1,1,1,1,1,0.292058004781733,0.251316680828609,0,0.25,0.292058004781733,0.197416985640827,0.257142857142857
0,0,1,1,1,1,1,1,1,1,0,0,0,0,0,0,0,0,0,1,0.79373296295742,0.71072343456427,0,0.25,0.79373296295742,0.382569050675256,0.257142857142857
0,0,0,0,0,0,0,1,1,1,0,1,1,1,1,1,1,1,1,1,0.348643238909548,0.472999982489028,0,0.75,0.348643238909548,0.648181711484408,0.752941176470588
0,0,0,0,0,0,0,0,1,1,0,0,1,1,1,1,1,1,1,1,0.415053559750817,0.576452108026108,1,0.25,0.576452108026108,0.240086314259755,0.247058823529412
0,0,0,0,0,0,0,1,1,1,0,0,0,0,0,1,1,1,1,1,0.557710546744053,0.654554944455522,0,0.75,0.557710546744053,0.684948552274975,0.752941176470588
0,0,0,1,1,1,1,1,1,1,0,0,0,0,1,1,1,1,1,1,0.462161704067563,0.47291577923805,1,0.75,0.47291577923805,0.593698374370434,0.742857142857143
0,0,0,0,0,1,1,1,1,1,1,1,1,1,1,1,1,1,1,1,0.196215919862611,0.312653990674505,0,0.75,0.196215919862611,0.491894184392875,0.752941176470588
0,0,1,1,1,1,1,1,1,1,0,1,1,1,1,1,1,1,1,1,0.266597257258652,0.311385653679744,0,0.25,0.266597257258652,0.309651007269861,0.257142857142857
0,0,1,1,1,1,1,1,1,1,0,0,0,0,0,0,0,1,1,1,0.63022414609638,0.580744999018961,0,0.25,0.63022414609638,0.333466073967402,0.257142857142857
0,0,0,0,0,0,0,0,1,1,1,1,1,1,1,1,1,1,1,1,0.123612194147424,0.272981887137616,0,0.75,0.123612194147424,0.689962031509658,0.752941176470588
0,1,1,1,1,1,1,1,1,1,0,0,0,0,0,0,1,1,1,1,0.511212337277098,0.519967466544196,1,0.75,0.519967466544196,0.736964328160271,0.742857142857143
0,0,0,0,0,0,0,0,0,1,1,1,1,1,1,1,1,1,1,1,0.341976917268895,0.556044926761465,0,0.75,0.341976917268895,0.880633957869438,0.752941176470588
0,0,0,0,1,1,1,1,1,1,0,0,0,0,1,1,1,1,1,1,0.451417419438005,0.506266796728392,1,0.75,0.506266796728392,0.522066896201885,0.742857142857143
0,0,0,0,0,1,1,1,1,1,0,0,0,0,1,1,1,1,1,1,0.525066982007582,0.580186767551849,0,0.75,0.525066982007582,0.559986533720837,0.752941176470588
0,0,1,1,1,1,1,1,1,1,0,0,0,0,0,0,0,0,1,1,0.650426775660049,0.63500748786891,1,0.75,0.63500748786891,0.665753117121974,0.742857142857143
0,0,1,1,1,1,1,1,1,1,0,0,0,1,1,1,1,1,1,1,0.395284956414108,0.451849733744233,1,0.75,0.451849733744233,0.649952457620907,0.742857142857143
1,1,1,1,1,1,1,1,1,1,0,0,1,1,1,1,1,1,1,1,0.36674263257184,0.328177550583568,1,0.75,0.328177550583568,0.803473349864578,0.742857142857143
0,0,0,0,1,1,1,1,1,1,0,0,0,0,0,0,0,0,1,1,0.62701759598226,0.638121725989405,1,0.75,0.638121725989405,0.531558119985919,0.742857142857143
0,0,0,0,0,0,1,1,1,1,0,0,0,1,1,1,1,1,1,1,0.457797622536951,0.513534695134814,0,0.75,0.457797622536951,0.607234705921899,0.752941176470588
0,0,0,0,0,0,1,1,1,1,0,0,0,0,0,0,1,1,1,1,0.56854812287062,0.65052744177286,1,0.25,0.65052744177286,0.404012493111915,0.247058823529412
0,0,1,1,1,1,1,1,1,1,0,0,0,0,0,0,0,0,1,1,0.655352998052611,0.60664091378722,1,0.75,0.60664091378722,0.678730598423676,0.742857142857143
0,0,1,1,1,1,1,1,1,1,0,0,1,1,1,1,1,1,1,1,0.352518342697264,0.36948496638594,1,0.75,0.36948496638594,0.70296726135019,0.742857142857143
0,0,0,1,1,1,1,1,1,1,0,0,0,0,0,0,0,1,1,1,0.593850864285547,0.606152133360678,0,0.25,0.593850864285547,0.384735967189977,0.257142857142857
0,0,0,0,0,0,0,0,0,1,0,0,0,1,1,1,1,1,1,1,0.525554253907067,0.636245359896576,0,0.75,0.525554253907067,0.828631369402479,0.752941176470588
0,1,1,1,1,1,1,1,1,1,0,0,0,0,0,0,1,1,1,1,0.533960066780865,0.50609707731646,1,0.75,0.50609707731646,0.760824313300592,0.742857142857143
0,0,0,0,1,1,1,1,1,1,0,0,0,1,1,1,1,1,1,1,0.439938891111782,0.480268526528271,1,0.75,0.480268526528271,0.549365299364184,0.742857142857143
0,0,0,0,0,0,0,0,0,1,0,0,0,0,0,0,0,0,0,1,0.872176482173705,0.93670932475173,0,0.75,0.872176482173705,0.893372997215613,0.752941176470588
0,0,0,0,1,1,1,1,1,1,0,0,0,0,0,0,0,0,1,1,0.689690780829576,0.648337432135936,1,0.75,0.648337432135936,0.507493317928098,0.742857142857143
1,1,1,1,1,1,1,1,1,1,0,0,0,0,1,1,1,1,1,1,0.416685854148224,0.388205870509398,1,0.75,0.388205870509398,0.807291169086676,0.742857142857143
0,0,1,1,1,1,1,1,1,1,1,1,1,1,1,1,1,1,1,1,0.0343989596619829,0.11624434773873,1,0.75,0.11624434773873,0.69924847411675,0.742857142857143
0,0,0,0,0,0,1,1,1,1,0,0,0,0,0,0,0,0,0,1,0.744838810110407,0.767708144725905,0,0.75,0.744838810110407,0.647245880801309,0.752941176470588
0,0,0,1,1,1,1,1,1,1,0,0,0,0,1,1,1,1,1,1,0.44083450728809,0.473201644057752,1,0.75,0.473201644057752,0.596603010740791,0.742857142857143
0,0,1,1,1,1,1,1,1,1,1,1,1,1,1,1,1,1,1,1,0.251918702902572,0.312747695832264,0,0.25,0.251918702902572,0.341361930012561,0.257142857142857
0,0,0,1,1,1,1,1,1,1,0,0,0,0,0,1,1,1,1,1,0.48942344244302,0.521103382572217,0,0.25,0.48942344244302,0.415839586785057,0.257142857142857
0,0,0,0,0,1,1,1,1,1,0,0,0,0,0,1,1,1,1,1,0.521916814248752,0.552396236416458,0,0.75,0.521916814248752,0.52835263615794,0.752941176470588
0,0,0,0,0,0,0,0,0,1,0,0,0,1,1,1,1,1,1,1,0.507650802433882,0.655329416616867,1,0.25,0.655329416616867,0.157247256260153,0.247058823529412
0,0,0,0,1,1,1,1,1,1,0,0,0,0,0,0,0,0,1,1,0.706460610873231,0.677831465228474,0,0.25,0.706460610873231,0.496135823578352,0.257142857142857
0,0,0,0,0,0,0,0,1,1,0,0,1,1,1,1,1,1,1,1,0.39917663461691,0.5608543097399,0,0.75,0.39917663461691,0.751908941324996,0.752941176470588
0,0,0,0,0,0,0,1,1,1,0,0,0,0,0,1,1,1,1,1,0.562113523660977,0.615749630898124,0,0.75,0.562113523660977,0.666914857185882,0.752941176470588
0,0,0,0,1,1,1,1,1,1,0,1,1,1,1,1,1,1,1,1,0.266163115009663,0.376243116804077,0,0.25,0.266163115009663,0.455459165386841,0.257142857142857
1,1,1,1,1,1,1,1,1,1,0,0,0,0,0,0,1,1,1,1,0.509076869165839,0.418088708204418,0,0.25,0.509076869165839,0.170606848979881,0.257142857142857
0,0,0,1,1,1,1,1,1,1,0,0,0,0,0,0,1,1,1,1,0.535169877427514,0.529042826964929,1,0.75,0.529042826964929,0.626046022960794,0.742857142857143
0,0,0,1,1,1,1,1,1,1,1,1,1,1,1,1,1,1,1,1,0.236291598405226,0.308258949419472,1,0.75,0.308258949419472,0.643334478522571,0.742857142857143
0,0,0,0,0,1,1,1,1,1,0,0,0,1,1,1,1,1,1,1,0.491086191092679,0.506964294525039,1,0.25,0.506964294525039,0.488903432763154,0.247058823529412
0,0,0,0,0,0,0,0,0,1,0,0,0,0,0,0,0,1,1,1,0.695840013982184,0.754746107175814,0,0.75,0.695840013982184,0.807267749082872,0.752941176470588
0,0,0,0,0,0,0,0,0,1,0,0,0,0,0,0,0,0,1,1,0.795330485855739,0.918026371098361,0,0.75,0.795330485855739,0.925005206051794,0.752941176470588
0,0,0,0,0,0,0,0,0,1,0,0,0,0,0,0,0,1,1,1,0.661766335442555,0.772711061288601,1,0.25,0.772711061288601,0.156401311445185,0.247058823529412
0,0,0,0,1,1,1,1,1,1,0,0,0,1,1,1,1,1,1,1,0.44747592709257,0.477571780812276,1,0.75,0.477571780812276,0.536215738686253,0.742857142857143
1,1,1,1,1,1,1,1,1,1,0,0,0,0,0,0,0,0,0,1,0.807388727415792,0.658256351068524,1,0.75,0.658256351068524,0.84665032650176,0.742857142857143
0,0,0,1,1,1,1,1,1,1,0,0,0,1,1,1,1,1,1,1,0.426570256706725,0.405302302200729,1,0.75,0.405302302200729,0.604056072148696,0.742857142857143
0,0,0,0,0,1,1,1,1,1,0,1,1,1,1,1,1,1,1,1,0.301515028393819,0.391545364838286,1,0.25,0.391545364838286,0.48958798386487,0.247058823529412
0,0,0,0,0,0,0,0,1,1,0,0,1,1,1,1,1,1,1,1,0.411497456185888,0.539376713204632,0,0.75,0.411497456185888,0.704712381085262,0.752941176470588
0,0,0,0,0,0,0,0,1,1,0,0,0,0,0,0,0,0,0,1,0.78070485037125,0.839814463750663,0,0.75,0.78070485037125,0.752990095245715,0.752941176470588
0,0,0,0,0,0,0,1,1,1,0,0,0,1,1,1,1,1,1,1,0.473879076594977,0.578224048281737,0,0.75,0.473879076594977,0.671706611540669,0.752941176470588
1,1,1,1,1,1,1,1,1,1,0,0,0,0,0,0,0,1,1,1,0.516533105598262,0.47975947090363,0,0.25,0.516533105598262,0.193583695603773,0.257142857142857
0,0,0,0,0,0,0,0,1,1,0,0,0,0,0,0,0,0,0,1,0.864003001582118,0.841640149072709,1,0.25,0.841640149072709,0.266403220685559,0.247058823529412
0,0,0,1,1,1,1,1,1,1,0,0,0,1,1,1,1,1,1,1,0.420254693264668,0.44366687855581,1,0.75,0.44366687855581,0.616751858865898,0.742857142857143
0,0,0,0,0,1,1,1,1,1,0,0,1,1,1,1,1,1,1,1,0.424484601907527,0.48104483381885,0,0.75,0.424484601907527,0.540482641410521,0.752941176470588
0,0,0,0,0,1,1,1,1,1,0,0,0,1,1,1,1,1,1,1,0.432109029159731,0.524080376420881,0,0.75,0.432109029159731,0.516514467897655,0.752941176470588
0,0,0,0,0,0,1,1,1,1,0,0,0,0,0,0,0,0,0,1,1,0.951263827184084,1,0.25,0.951263827184084,0.345958245455147,0.247058823529412
0,0,0,0,0,1,1,1,1,1,0,0,1,1,1,1,1,1,1,1,0.393825365610124,0.438020133618143,0,0.75,0.393825365610124,0.499056309146152,0.752941176470588
1,1,1,1,1,1,1,1,1,1,0,0,0,0,0,0,1,1,1,1,0.541613012021182,0.410340699780028,1,0.75,0.410340699780028,0.849021918281153,0.742857142857143
0,0,0,0,0,0,0,1,1,1,0,0,0,0,0,0,0,0,1,1,0.691690890534866,0.748469600039717,0,0.75,0.691690890534866,0.700113728482129,0.752941176470588
0,0,0,0,0,0,1,1,1,1,0,1,1,1,1,1,1,1,1,1,0.341310870910933,0.4407871204354,0,0.75,0.341310870910933,0.588272432680819,0.752941176470588
0,0,0,1,1,1,1,1,1,1,0,0,0,0,0,0,1,1,1,1,0.551537051276034,0.588521938065685,1,0.75,0.588521938065685,0.559431274272899,0.742857142857143
0,0,0,0,0,1,1,1,1,1,0,0,0,0,0,0,0,0,1,1,0.684035358852518,0.7031086415977,0,0.75,0.684035358852518,0.549481209541613,0.752941176470588
0,0,0,0,0,1,1,1,1,1,0,0,0,0,1,1,1,1,1,1,0.503465849543718,0.563587105609337,1,0.25,0.563587105609337,0.460793050673764,0.247058823529412
0,0,0,0,0,1,1,1,1,1,0,0,1,1,1,1,1,1,1,1,0.41226071154983,0.448798915673292,0,0.75,0.41226071154983,0.550457328764231,0.752941176470588
0,0,0,0,0,0,0,0,0,1,0,0,0,0,1,1,1,1,1,1,0.510451981916079,0.681985690791177,1,0.25,0.681985690791177,0.149377389328638,0.247058823529412
0,0,0,0,1,1,1,1,1,1,0,0,0,0,0,0,1,1,1,1,0.518028577765655,0.55843790025675,0,0.25,0.518028577765655,0.451920347208556,0.257142857142857
0,0,0,0,0,1,1,1,1,1,0,0,0,1,1,1,1,1,1,1,0.439397518649527,0.487661437983457,0,0.75,0.439397518649527,0.540920669549261,0.752941176470588
0,0,0,0,0,0,0,0,1,1,0,0,0,0,0,0,0,1,1,1,0.668852182728433,0.740644974059487,0,0.75,0.668852182728433,0.784679412271442,0.752941176470588
0,0,0,0,0,0,0,0,1,1,0,0,0,0,1,1,1,1,1,1,0.514505106621951,0.578368246993097,0,0.75,0.514505106621951,0.753244125444121,0.752941176470588
0,0,0,0,0,0,0,0,1,1,0,0,1,1,1,1,1,1,1,1,0.465999479062869,0.556005844835984,1,0.25,0.556005844835984,0.233622943734103,0.247058823529412
0,0,1,1,1,1,1,1,1,1,0,0,0,0,0,0,0,0,0,1,0.747485227941553,0.686804441472249,1,0.75,0.686804441472249,0.623410884112092,0.742857142857143
0,0,0,0,0,0,0,0,0,1,1,1,1,1,1,1,1,1,1,1,0.334698364632121,0.554342870269516,1,0.25,0.554342870269516,0.114391213434395,0.247058823529412
0,0,0,0,0,1,1,1,1,1,0,0,0,0,0,0,1,1,1,1,0.539469445083666,0.57893706772023,0,0.75,0.539469445083666,0.526559678706702,0.752941176470588
0,0,0,0,0,0,0,0,0,1,0,0,0,1,1,1,1,1,1,1,0.564612912235566,0.697114192300086,0,0.75,0.564612912235566,0.878066685484916,0.752941176470588
1,1,1,1,1,1,1,1,1,1,0,0,0,0,1,1,1,1,1,1,0.395674835156329,0.400286460852719,1,0.75,0.400286460852719,0.805000172970676,0.742857142857143
0,0,0,0,0,1,1,1,1,1,0,0,0,0,1,1,1,1,1,1,0.49960401310079,0.541131220912049,0,0.75,0.49960401310079,0.508169879503488,0.752941176470588
0,0,0,0,0,0,0,0,1,1,0,0,1,1,1,1,1,1,1,1,0.428825124443498,0.58165796865629,1,0.25,0.58165796865629,0.216024316954624,0.247058823529412
0,0,1,1,1,1,1,1,1,1,0,0,1,1,1,1,1,1,1,1,0.344857306253912,0.378547462447372,1,0.75,0.378547462447372,0.685140146346971,0.742857142857143
0,0,1,1,1,1,1,1,1,1,0,0,0,1,1,1,1,1,1,1,0.372208637011819,0.405046657910787,0,0.25,0.372208637011819,0.307963244733341,0.257142857142857
0,1,1,1,1,1,1,1,1,1,0,0,0,0,0,0,0,0,1,1,0.61316000368269,0.574852146303539,1,0.75,0.574852146303539,0.714848861168389,0.742857142857143
0,1,1,1,1,1,1,1,1,1,0,0,0,0,0,0,0,0,1,1,0.615840089645531,0.57215160395502,1,0.75,0.57215160395502,0.73845950471982,0.742857142857143
0,0,0,1,1,1,1,1,1,1,0,0,0,0,0,0,0,1,1,1,0.633434788725859,0.600294522321143,0,0.25,0.633434788725859,0.401461720728388,0.257142857142857
0,0,0,0,0,0,1,1,1,1,0,0,0,0,0,0,0,0,1,1,0.68986769435319,0.684400823997995,0,0.75,0.68986769435319,0.60391872941827,0.752941176470588
1,1,1,1,1,1,1,1,1,1,0,0,0,0,0,0,0,0,0,1,0.799533695003713,0.62504665836271,0,0.25,0.799533695003713,0.121220699959707,0.257142857142857
0,0,0,0,0,1,1,1,1,1,0,0,0,0,0,0,0,0,0,1,0.980873947319466,0.915685205473429,0,0.75,0.980873947319466,0.600141284248776,0.752941176470588
0,0,0,0,0,0,0,0,1,1,0,0,0,1,1,1,1,1,1,1,0.505003578236822,0.604654216119099,1,0.25,0.604654216119099,0.214654267451651,0.247058823529412
0,0,0,0,0,0,0,0,0,1,1,1,1,1,1,1,1,1,1,1,0.326389491459381,0.533392590411903,0,0.75,0.326389491459381,0.887661403290656,0.752941176470588
0,0,0,0,0,0,0,0,0,1,0,0,0,0,0,0,0,1,1,1,0.653274207442076,0.748996289762553,0,0.75,0.653274207442076,0.806067916313735,0.752941176470588
0,0,0,0,0,0,0,1,1,1,0,0,1,1,1,1,1,1,1,1,0.428273400299102,0.532309873680674,0,0.75,0.428273400299102,0.684128823601296,0.752941176470588
1,1,1,1,1,1,1,1,1,1,0,0,0,0,0,0,1,1,1,1,0.516591386770954,0.400159580479177,0,0.25,0.516591386770954,0.143496508904538,0.257142857142857
0,0,1,1,1,1,1,1,1,1,0,1,1,1,1,1,1,1,1,1,0.266938411396648,0.340011855862375,1,0.75,0.340011855862375,0.665435382021173,0.742857142857143
0,0,0,1,1,1,1,1,1,1,0,0,0,0,0,0,1,1,1,1,0.596687219421461,0.592224885749026,1,0.75,0.592224885749026,0.580666360784098,0.742857142857143
0,0,0,0,0,0,0,1,1,1,0,1,1,1,1,1,1,1,1,1,0.344046972450646,0.453219776172659,0,0.75,0.344046972450646,0.665386220324052,0.752941176470588
0,0,0,0,1,1,1,1,1,1,0,0,0,0,0,0,0,0,0,1,0.841393875428395,0.772039332115284,1,0.75,0.772039332115284,0.494742109767183,0.742857142857143
0,1,1,1,1,1,1,1,1,1,0,1,1,1,1,1,1,1,1,1,0.296499286160053,0.278584491882089,1,0.75,0.278584491882089,0.797200375305162,0.742857142857143
0,0,0,0,0,0,0,0,0,1,0,0,0,0,0,0,0,0,1,1,0.784841288746592,0.879263212789455,0,0.75,0.784841288746592,0.865814571630959,0.752941176470588
0,0,0,0,0,0,0,0,1,1,0,1,1,1,1,1,1,1,1,1,0.389074001591299,0.524168534459302,0,0.75,0.389074001591299,0.715912852663162,0.752941176470588
0,0,0,0,0,1,1,1,1,1,0,0,0,0,0,0,1,1,1,1,0.562223500792037,0.617380607981425,0,0.75,0.562223500792037,0.572339043806116,0.752941176470588
0,0,0,0,0,0,0,0,1,1,0,0,0,1,1,1,1,1,1,1,0.501740478825398,0.583280985546436,1,0.25,0.583280985546436,0.218024329172781,0.247058823529412
1,1,1,1,1,1,1,1,1,1,0,0,0,0,0,0,0,1,1,1,0.561750008129156,0.501138833518906,1,0.75,0.501138833518906,0.795428431591047,0.742857142857143
0,0,0,0,0,0,0,1,1,1,0,0,0,0,0,0,0,0,0,1,0.743385348914439,0.767262946680008,0,0.75,0.743385348914439,0.688974654461444,0.752941176470588
0,0,0,1,1,1,1,1,1,1,0,0,0,0,0,0,0,0,0,1,0.813100498833623,0.707873779791119,0,0.25,0.813100498833623,0.393590263338785,0.257142857142857
0,0,0,0,0,0,0,1,1,1,0,0,0,0,0,1,1,1,1,1,0.564110597042997,0.652679506161377,0,0.75,0.564110597042997,0.679892550888564,0.752941176470588
0,0,0,0,1,1,1,1,1,1,0,1,1,1,1,1,1,1,1,1,0.29528949271686,0.422945706583364,1,0.75,0.422945706583364,0.52842174227474,0.742857142857143
0,0,0,0,0,0,0,1,1,1,0,0,1,1,1,1,1,1,1,1,0.410117279177154,0.512468305196093,1,0.25,0.512468305196093,0.34498759989989,0.247058823529412
0,0,0,0,0,0,0,0,0,1,0,0,0,0,0,0,0,0,0,1,0.88378575031565,0.955234391624142,0,0.75,0.88378575031565,0.824415000261248,0.752941176470588
0,0,0,0,0,1,1,1,1,1,0,0,0,0,0,1,1,1,1,1,0.504557598774482,0.5746714747023,0,0.75,0.504557598774482,0.507997381346744,0.752941176470588
0,0,0,0,0,0,0,0,1,1,0,0,0,1,1,1,1,1,1,1,0.496545921236997,0.611609174852822,0,0.75,0.496545921236997,0.743899226143709,0.752941176470588
0,1,1,1,1,1,1,1,1,1,0,0,0,0,0,0,1,1,1,1,0.515169139143006,0.497058039892761,1,0.75,0.497058039892761,0.770120143838311,0.742857142857143
0,0,1,1,1,1,1,1,1,1,1,1,1,1,1,1,1,1,1,1,0.232450760053791,0.284195629873094,0,0.25,0.232450760053791,0.303418826059006,0.257142857142857
0,0,0,0,0,0,0,0,0,1,0,0,0,1,1,1,1,1,1,1,0.516030395820565,0.646778911167406,0,0.75,0.516030395820565,0.831659699923294,0.752941176470588
0,0,0,0,0,0,1,1,1,1,0,0,1,1,1,1,1,1,1,1,0.347600734808631,0.472791810398165,0,0.75,0.347600734808631,0.5905369002368,0.752941176470588
1,1,1,1,1,1,1,1,1,1,1,1,1,1,1,1,1,1,1,1,0,0,1,0.75,0,0.909217244069244,0.742857142857143
1,1,1,1,1,1,1,1,1,1,0,0,0,0,0,0,1,1,1,1,0.525657775909788,0.471995862168325,1,0.75,0.471995862168325,0.801696390536704,0.742857142857143
0,0,0,0,1,1,1,1,1,1,0,0,1,1,1,1,1,1,1,1,0.403754162850202,0.428881164309885,1,0.75,0.428881164309885,0.556709416570288,0.742857142857143
0,0,0,0,0,0,0,0,1,1,0,0,0,0,0,1,1,1,1,1,0.563310589279588,0.691212293076045,0,0.75,0.563310589279588,0.720160711825919,0.752941176470588
0,0,0,0,1,1,1,1,1,1,0,0,0,0,0,0,0,0,1,1,0.638813965972859,0.646891070316795,0,0.25,0.638813965972859,0.490068727748883,0.257142857142857
0,0,0,0,0,0,0,1,1,1,0,0,0,0,1,1,1,1,1,1,0.513343956567504,0.603681110594509,1,0.25,0.603681110594509,0.337650210469246,0.247058823529412
0,0,0,0,0,0,0,0,1,1,0,0,0,0,0,0,0,0,1,1,0.717608483910747,0.765360580254063,1,0.25,0.765360580254063,0.251472312960809,0.247058823529412
0,0,0,0,0,0,0,0,0,1,0,1,1,1,1,1,1,1,1,1,0.40652548211885,0.565021641571743,0,0.75,0.40652548211885,0.849141725748385,0.752941176470588
0,0,0,0,0,1,1,1,1,1,0,0,0,0,0,1,1,1,1,1,0.516754491498431,0.545630242828503,1,0.25,0.545630242828503,0.480667316854583,0.247058823529412
0,0,0,0,1,1,1,1,1,1,0,1,1,1,1,1,1,1,1,1,0.311935562757292,0.405328431693643,1,0.75,0.405328431693643,0.524631015311281,0.742857142857143
1,1,1,1,1,1,1,1,1,1,0,0,0,0,0,0,0,0,0,1,0.623796329755729,0.550362808164288,1,0.75,0.550362808164288,0.853104786296746,0.742857142857143
0,0,0,0,0,1,1,1,1,1,0,0,0,0,0,0,0,1,1,1,0.653702925792222,0.655380641657654,1,0.25,0.655380641657654,0.457859370833632,0.247058823529412
0,0,1,1,1,1,1,1,1,1,0,1,1,1,1,1,1,1,1,1,0.275991760338088,0.322230459058104,1,0.75,0.322230459058104,0.659509102559201,0.742857142857143
0,1,1,1,1,1,1,1,1,1,0,0,0,0,0,0,0,1,1,1,0.560626936443395,0.521066205775976,1,0.75,0.521066205775976,0.725994718622576,0.742857142857143
0,0,0,0,1,1,1,1,1,1,0,0,0,0,0,0,1,1,1,1,0.591736762351328,0.562396902795626,1,0.75,0.562396902795626,0.537028973972133,0.742857142857143
0,0,0,0,0,0,0,0,1,1,0,0,0,0,0,0,0,1,1,1,0.675954385595385,0.73873476244942,0,0.75,0.675954385595385,0.755562055313132,0.752941176470588
1,1,1,1,1,1,1,1,1,1,0,0,0,0,0,0,0,0,0,1,0.800062139840464,0.631600997777378,1,0.75,0.631600997777378,0.876598591655346,0.742857142857143
0,0,0,1,1,1,1,1,1,1,0,0,1,1,1,1,1,1,1,1,0.370646471546527,0.388863846312916,1,0.75,0.388863846312916,0.618486866796486,0.742857142857143
0,0,0,0,0,1,1,1,1,1,0,0,0,0,0,0,1,1,1,1,0.583409011367715,0.578822693271886,0,0.75,0.583409011367715,0.538960659715519,0.752941176470588
0,1,1,1,1,1,1,1,1,1,0,0,0,0,0,0,0,1,1,1,0.598278435317663,0.564231027745433,1,0.75,0.564231027745433,0.706612612061789,0.742857142857143
0,0,0,0,0,0,1,1,1,1,0,0,0,0,1,1,1,1,1,1,0.498715875103182,0.556384202106557,0,0.75,0.498715875103182,0.58916893514406,0.752941176470588
0,0,0,0,0,0,1,1,1,1,0,0,0,1,1,1,1,1,1,1,0.460414025278052,0.539205531970344,0,0.75,0.460414025278052,0.605512926510919,0.752941176470588
0,0,0,0,1,1,1,1,1,1,0,0,0,0,0,0,1,1,1,1,0.558847664517817,0.591300518090559,1,0.75,0.591300518090559,0.499361928880037,0.742857142857143
1,1,1,1,1,1,1,1,1,1,0,0,0,0,0,0,0,1,1,1,0.540239465080468,0.4060642184724,0,0.25,0.540239465080468,0.0730479456699813,0.257142857142857
0,0,0,0,0,0,0,0,0,1,0,1,1,1,1,1,1,1,1,1,0.400098127882839,0.654250286951678,0,0.75,0.400098127882839,0.934862404800292,0.752941176470588
0,0,0,0,1,1,1,1,1,1,0,0,0,0,1,1,1,1,1,1,0.465401375971487,0.512556561784316,1,0.75,0.512556561784316,0.552423864866372,0.742857142857143
0,0,0,0,0,0,0,1,1,1,0,0,0,1,1,1,1,1,1,1,0.480488062717718,0.601623756279627,0,0.75,0.480488062717718,0.665779986652169,0.752941176470588
0,0,0,0,0,0,1,1,1,1,0,0,0,0,0,1,1,1,1,1,0.541736625729498,0.579460258989322,0,0.75,0.541736625729498,0.576648906932881,0.752941176470588
0,0,0,0,0,0,0,0,1,1,0,0,0,0,0,0,0,0,0,1,0.769115503752512,0.868612968285389,0,0.75,0.769115503752512,0.76745341852997,0.752941176470588
0,0,0,0,0,0,0,1,1,1,0,0,1,1,1,1,1,1,1,1,0.410911310275518,0.539875914888337,0,0.75,0.410911310275518,0.69655990881826,0.752941176470588
0,0,0,0,1,1,1,1,1,1,0,0,0,0,1,1,1,1,1,1,0.454615398406366,0.502820764272247,1,0.75,0.502820764272247,0.553090941638654,0.742857142857143
0,0,0,0,0,0,1,1,1,1,1,1,1,1,1,1,1,1,1,1,0.253736996623577,0.391409975266178,0,0.75,0.253736996623577,0.58035684977681,0.752941176470588
0,1,1,1,1,1,1,1,1,1,0,0,1,1,1,1,1,1,1,1,0.352675537800633,0.364027210694831,1,0.75,0.364027210694831,0.735122475240717,0.742857142857143
0,0,0,0,0,0,0,0,1,1,0,0,0,0,1,1,1,1,1,1,0.558311531280933,0.593629320354892,1,0.25,0.593629320354892,0.286375350429969,0.247058823529412
0,0,0,1,1,1,1,1,1,1,0,0,0,1,1,1,1,1,1,1,0.403661538322585,0.436624138044204,1,0.75,0.436624138044204,0.621400404891123,0.742857142857143
0,0,0,0,0,0,0,0,0,1,0,0,1,1,1,1,1,1,1,1,0.49675924364065,0.689608582433086,0,0.75,0.49675924364065,0.926607657459838,0.752941176470588
1,1,1,1,1,1,1,1,1,1,0,0,0,0,0,0,1,1,1,1,0.507483532515887,0.443144794023406,1,0.75,0.443144794023406,0.846519654101869,0.742857142857143
0,0,0,1,1,1,1,1,1,1,0,0,0,0,1,1,1,1,1,1,0.477991285613555,0.495619164774016,0,0.25,0.477991285613555,0.382812194169523,0.257142857142857
0,0,0,0,0,0,0,1,1,1,0,0,1,1,1,1,1,1,1,1,0.393911468344969,0.517646322492962,0,0.75,0.393911468344969,0.699994537213555,0.752941176470588
0,0,0,0,0,0,1,1,1,1,0,1,1,1,1,1,1,1,1,1,0.319518755819041,0.4543799452305,0,0.75,0.319518755819041,0.619597347906446,0.752941176470588
0,0,1,1,1,1,1,1,1,1,0,0,0,0,0,0,0,1,1,1,0.565159791845713,0.55623844703854,1,0.75,0.55623844703854,0.637571759326422,0.742857142857143
0,1,1,1,1,1,1,1,1,1,0,1,1,1,1,1,1,1,1,1,0.280668934399358,0.283008739401916,1,0.75,0.283008739401916,0.750996039385655,0.742857142857143
0,0,0,0,0,1,1,1,1,1,0,0,0,0,0,0,0,1,1,1,0.676568774566264,0.659885243990704,1,0.25,0.659885243990704,0.445324754406835,0.247058823529412
0,0,0,0,1,1,1,1,1,1,0,0,0,0,1,1,1,1,1,1,0.483490949281928,0.52546313103579,1,0.75,0.52546313103579,0.501085579686109,0.742857142857143
1,1,1,1,1,1,1,1,1,1,0,0,0,0,0,0,1,1,1,1,0.484989948237551,0.410228302677803,1,0.75,0.410228302677803,0.864303965430315,0.742857142857143
0,0,0,0,0,1,1,1,1,1,1,1,1,1,1,1,1,1,1,1,0.216035584596606,0.340538618241504,0,0.75,0.216035584596606,0.489741373473962,0.752941176470588
0,0,0,0,0,1,1,1,1,1,0,0,0,0,1,1,1,1,1,1,0.531236053727263,0.556114822431543,0,0.75,0.531236053727263,0.553743150730404,0.752941176470588
0,0,0,0,0,1,1,1,1,1,0,0,0,0,0,1,1,1,1,1,0.536703387704447,0.573678421993508,0,0.75,0.536703387704447,0.553033644254351,0.752941176470588
0,1,1,1,1,1,1,1,1,1,0,0,0,0,0,0,0,0,0,1,0.76493202891721,0.666944360043232,1,0.75,0.666944360043232,0.729207393245355,0.742857142857143
0,0,0,0,0,0,1,1,1,1,0,0,0,0,0,0,0,0,1,1,0.676290152840468,0.715345113648697,0,0.75,0.676290152840468,0.641260842112226,0.752941176470588
0,0,0,0,0,0,0,0,0,1,0,0,0,1,1,1,1,1,1,1,0.493223443705765,0.633961182716478,0,0.75,0.493223443705765,0.80987449639996,0.752941176470588
0,0,0,0,0,0,1,1,1,1,0,0,0,0,0,0,0,0,0,1,0.858143964412723,0.888304777561693,0,0.75,0.858143964412723,0.652040183361483,0.752941176470588
0,1,1,1,1,1,1,1,1,1,1,1,1,1,1,1,1,1,1,1,0.243739731634091,0.279806348132929,1,0.75,0.279806348132929,0.779452144989644,0.742857142857143
0,0,0,1,1,1,1,1,1,1,0,0,0,0,0,0,1,1,1,1,0.530894280961433,0.547592523250448,1,0.75,0.547592523250448,0.603490790415176,0.742857142857143
0,0,0,0,0,0,1,1,1,1,0,0,0,0,0,0,1,1,1,1,0.571770855732932,0.620416601670327,0,0.75,0.571770855732932,0.599276330916217,0.752941176470588
0,0,1,1,1,1,1,1,1,1,0,0,0,0,0,0,0,0,1,1,0.678163950650571,0.616106101196441,1,0.75,0.616106101196441,0.646608344367518,0.742857142857143
1,1,1,1,1,1,1,1,1,1,0,0,0,0,0,0,1,1,1,1,0.523079154354883,0.382672652263008,0,0.25,0.523079154354883,0.0968087066206434,0.257142857142857
0,0,0,0,0,0,0,0,1,1,0,0,0,0,1,1,1,1,1,1,0.543482430382112,0.641015057912703,0,0.75,0.543482430382112,0.720585801028142,0.752941176470588
0,0,1,1,1,1,1,1,1,1,0,0,0,1,1,1,1,1,1,1,0.403278542025771,0.388622643265099,0,0.25,0.403278542025771,0.291806871925499,0.257142857142857
0,0,1,1,1,1,1,1,1,1,1,1,1,1,1,1,1,1,1,1,0.281124827956458,0.294305775513324,1,0.75,0.294305775513324,0.661314496542343,0.742857142857143
0,0,0,0,0,0,0,0,0,1,0,0,0,0,0,0,0,0,1,1,0.792713801770639,0.826255452897684,1,0.25,0.826255452897684,0.157479630606661,0.247058823529412
0,0,1,1,1,1,1,1,1,1,0,0,0,0,1,1,1,1,1,1,0.455294111886346,0.452706814345602,1,0.75,0.452706814345602,0.690623112969431,0.742857142857143
0,0,0,0,0,0,0,0,1,1,0,0,1,1,1,1,1,1,1,1,0.438458005775322,0.533248189513775,1,0.25,0.533248189513775,0.29438594265568,0.247058823529412
0,1,1,1,1,1,1,1,1,1,0,0,0,0,0,0,0,0,1,1,0.613163977914057,0.540307304702899,1,0.75,0.540307304702899,0.779158356096328,0.742857142857143
0,0,0,1,1,1,1,1,1,1,0,0,0,0,0,0,0,1,1,1,0.618138837034797,0.587616660581274,1,0.75,0.587616660581274,0.576901997535544,0.742857142857143
0,0,0,0,1,1,1,1,1,1,0,0,0,0,0,0,1,1,1,1,0.573615362751524,0.580809411509115,0,0.25,0.573615362751524,0.488887932542628,0.257142857142857
0,1,1,1,1,1,1,1,1,1,1,1,1,1,1,1,1,1,1,1,0.160401526528803,0.237377431783812,1,0.75,0.237377431783812,0.788891959586502,0.742857142857143
0,0,1,1,1,1,1,1,1,1,0,0,0,0,0,0,1,1,1,1,0.54519852732538,0.516522789350542,0,0.25,0.54519852732538,0.348457871033625,0.257142857142857
0,0,0,0,1,1,1,1,1,1,0,0,0,0,0,0,0,0,0,1,0.977135626375586,0.88042061825698,0,0.25,0.977135626375586,0.535068216835284,0.257142857142857
0,0,0,0,0,0,0,1,1,1,1,1,1,1,1,1,1,1,1,1,0.299238877167142,0.420868470113038,0,0.75,0.299238877167142,0.654002977638678,0.752941176470588
1,1,1,1,1,1,1,1,1,1,0,0,1,1,1,1,1,1,1,1,0.318938940629355,0.314626034671093,1,0.75,0.314626034671093,0.853616451597686,0.742857142857143
0,0,0,1,1,1,1,1,1,1,0,0,0,0,0,0,0,0,1,1,0.655330350367228,0.644583732321075,1,0.75,0.644583732321075,0.570779646489503,0.742857142857143
0,0,0,0,0,0,0,1,1,1,0,0,0,0,0,1,1,1,1,1,0.558938526569994,0.64813999654786,0,0.75,0.558938526569994,0.695512857564705,0.752941176470588
0,0,1,1,1,1,1,1,1,1,0,0,0,0,0,0,1,1,1,1,0.545957762130078,0.53604099859525,0,0.25,0.545957762130078,0.37141210146814,0.257142857142857
0,0,0,0,0,1,1,1,1,1,0,0,0,0,0,0,1,1,1,1,0.576631208350375,0.591040920828214,0,0.75,0.576631208350375,0.568746875621183,0.752941176470588
0,0,0,0,0,0,1,1,1,1,0,0,0,1,1,1,1,1,1,1,0.489110690271712,0.562486215977053,0,0.75,0.489110690271712,0.625949997649293,0.752941176470588
0,0,0,0,0,0,1,1,1,1,0,0,0,0,0,0,0,1,1,1,0.623860306425804,0.631457571528179,0,0.75,0.623860306425804,0.582972216743256,0.752941176470588
0,0,0,0,0,0,0,1,1,1,0,0,0,0,0,1,1,1,1,1,0.571499083341864,0.652235887774982,0,0.75,0.571499083341864,0.672953015488816,0.752941176470588
0,0,0,0,1,1,1,1,1,1,0,1,1,1,1,1,1,1,1,1,0.321092784329954,0.399772203120284,0,0.25,0.321092784329954,0.455956078141398,0.257142857142857
0,0,0,1,1,1,1,1,1,1,1,1,1,1,1,1,1,1,1,1,0.190822131777607,0.271335287337546,0,0.25,0.190822131777607,0.371876691604144,0.257142857142857
1,1,1,1,1,1,1,1,1,1,0,0,0,0,1,1,1,1,1,1,0.367662423433665,0.266073789137806,1,0.75,0.266073789137806,0.94154214453701,0.742857142857143
0,0,0,0,1,1,1,1,1,1,1,1,1,1,1,1,1,1,1,1,0.113878645359127,0.236671655433416,0,0.25,0.113878645359127,0.446840810883861,0.257142857142857
0,0,0,0,0,0,1,1,1,1,0,0,1,1,1,1,1,1,1,1,0.434872560539276,0.500026947877414,0,0.75,0.434872560539276,0.608053222946629,0.752941176470588
0,0,0,0,0,0,0,1,1,1,0,0,0,0,1,1,1,1,1,1,0.53131879180799,0.607934562776494,1,0.25,0.607934562776494,0.359678155230097,0.247058823529412
0,0,1,1,1,1,1,1,1,1,0,0,0,0,0,0,0,0,0,1,0.896281528429898,0.81905609013431,1,0.75,0.81905609013431,0.603849646591547,0.742857142857143
0,0,0,0,0,0,0,0,0,1,1,1,1,1,1,1,1,1,1,1,0.159626426871642,0.391528943276767,0,0.75,0.159626426871642,0.851302202710244,0.752941176470588
0,0,0,0,0,0,1,1,1,1,0,0,0,0,0,0,0,0,1,1,0.706142701602552,0.692853981282281,0,0.75,0.706142701602552,0.593490687601093,0.752941176470588
0,0,0,0,0,1,1,1,1,1,0,0,1,1,1,1,1,1,1,1,0.407611654705046,0.45524598621367,0,0.75,0.407611654705046,0.526842723824148,0.752941176470588
0,0,0,0,0,0,0,0,1,1,1,1,1,1,1,1,1,1,1,1,0.24877569442492,0.377021706030302,0,0.75,0.24877569442492,0.77628051715024,0.752941176470588
0,0,1,1,1,1,1,1,1,1,0,1,1,1,1,1,1,1,1,1,0.275599665396833,0.299814203906622,1,0.75,0.299814203906622,0.693806913082612,0.742857142857143
0,0,0,1,1,1,1,1,1,1,0,0,0,0,0,0,0,1,1,1,0.587046806994067,0.578406865763169,1,0.75,0.578406865763169,0.604613807005845,0.742857142857143
0,0,0,0,0,0,0,0,0,1,0,0,0,0,1,1,1,1,1,1,0.566467489556698,0.761326159805294,0,0.75,0.566467489556698,0.92681227607987,0.752941176470588
0,0,0,0,0,1,1,1,1,1,0,0,0,0,0,1,1,1,1,1,0.498702666203297,0.554854273791656,1,0.25,0.554854273791656,0.492152988988821,0.247058823529412
0,0,0,0,0,0,0,0,0,1,0,0,0,1,1,1,1,1,1,1,0.511985014490409,0.670391338494511,1,0.25,0.670391338494511,0.151940036530251,0.247058823529412
1,1,1,1,1,1,1,1,1,1,0,0,0,0,1,1,1,1,1,1,0.457443498438717,0.374106622985361,1,0.75,0.374106622985361,0.819361420723705,0.742857142857143
0,0,0,0,1,1,1,1,1,1,1,1,1,1,1,1,1,1,1,1,0.248125050787617,0.345721890873694,1,0.75,0.345721890873694,0.568060244426435,0.742857142857143
0,0,0,0,0,0,1,1,1,1,0,0,0,0,0,0,0,0,1,1,0.684449686717215,0.712666574627596,0,0.75,0.684449686717215,0.615256767536111,0.752941176470588
0,0,0,0,0,0,1,1,1,1,0,0,0,0,0,0,0,0,1,1,0.706339323319919,0.726743316009426,0,0.75,0.706339323319919,0.599960944768125,0.752941176470588
0,1,1,1,1,1,1,1,1,1,0,0,0,0,0,0,0,1,1,1,0.595077088962383,0.538928855783759,1,0.75,0.538928855783759,0.732067138149817,0.742857142857143
0,0,0,0,0,1,1,1,1,1,0,1,1,1,1,1,1,1,1,1,0.311283799801872,0.380339294015142,0,0.75,0.311283799801872,0.490655030570445,0.752941176470588
0,1,1,1,1,1,1,1,1,1,0,0,0,1,1,1,1,1,1,1,0.42638813368823,0.430445969227748,1,0.75,0.430445969227748,0.757956625193531,0.742857142857143
0,0,0,0,0,0,0,1,1,1,0,0,0,0,0,0,0,1,1,1,0.65668692952079,0.693229670189333,0,0.75,0.65668692952079,0.691183256158053,0.752941176470588
0,0,0,0,0,0,0,0,1,1,0,0,0,0,0,0,1,1,1,1,0.651913437666599,0.719872075602937,0,0.75,0.651913437666599,0.767482958453235,0.752941176470588
1,1,1,1,1,1,1,1,1,1,1,1,1,1,1,1,1,1,1,1,0.0344173893407613,0.0194874328358288,0,0.25,0.0344173893407613,0.0780043658524175,0.257142857142857
0,0,0,0,0,0,0,0,1,1,1,1,1,1,1,1,1,1,1,1,0.311596261540614,0.455368781355758,0,0.75,0.311596261540614,0.774208224188464,0.752941176470588
0,1,1,1,1,1,1,1,1,1,0,0,1,1,1,1,1,1,1,1,0.35044008827289,0.310980151496919,0,0.25,0.35044008827289,0.207418212002553,0.257142857142857
0,0,0,0,0,0,1,1,1,1,1,1,1,1,1,1,1,1,1,1,0.204509584418223,0.342214041132314,1,0.25,0.342214041132314,0.404722081599078,0.247058823529412
0,0,0,0,0,0,0,1,1,1,0,0,0,0,0,0,0,0,1,1,0.673123923988453,0.736625309007818,0,0.75,0.673123923988453,0.682389345645429,0.752941176470588
0,0,0,0,1,1,1,1,1,1,0,0,0,1,1,1,1,1,1,1,0.422309870415717,0.480129884113333,1,0.75,0.480129884113333,0.554298192851676,0.742857142857143
0,0,1,1,1,1,1,1,1,1,0,0,0,0,0,0,0,0,1,1,0.639851780447998,0.62538566117181,1,0.75,0.62538566117181,0.647669618871948,0.742857142857143
0,0,0,0,0,1,1,1,1,1,0,0,0,0,1,1,1,1,1,1,0.489874378284517,0.544813565865809,0,0.75,0.489874378284517,0.545261582391863,0.752941176470588
0,0,0,0,0,0,1,1,1,1,0,0,0,0,0,0,0,0,0,1,0.741267338956995,0.77112051275511,1,0.25,0.77112051275511,0.363782571330788,0.247058823529412
0,0,0,0,0,0,0,0,1,1,1,1,1,1,1,1,1,1,1,1,0.0670319990080792,0.245427262428324,0,0.75,0.0670319990080792,0.686489616691425,0.752941176470588
1,1,1,1,1,1,1,1,1,1,0,0,1,1,1,1,1,1,1,1,0.316293239888218,0.221779196538874,1,0.75,0.221779196538874,0.899962717976321,0.742857142857143
1,1,1,1,1,1,1,1,1,1,0,0,0,0,0,0,0,0,1,1,0.582307376953549,0.507004163843116,1,0.75,0.507004163843116,0.840061751776241,0.742857142857143
0,0,0,0,0,0,0,0,0,1,0,0,0,0,0,0,1,1,1,1,0.6101485395816,0.727696975308628,0,0.75,0.6101485395816,0.824499380922215,0.752941176470588
0,0,0,0,0,0,0,0,1,1,0,0,0,1,1,1,1,1,1,1,0.521354950034684,0.61398476076682,1,0.25,0.61398476076682,0.248370492199638,0.247058823529412
0,0,0,0,0,0,1,1,1,1,0,0,0,0,0,0,0,0,0,1,0.79847451416025,0.775081339286203,1,0.25,0.775081339286203,0.362101763180705,0.247058823529412
0,0,0,0,0,0,0,1,1,1,0,0,0,1,1,1,1,1,1,1,0.462339512680004,0.577736246364877,1,0.25,0.577736246364877,0.320858810416061,0.247058823529412
0,0,0,0,0,0,0,0,1,1,0,0,0,0,0,0,0,0,0,1,0.971769293871213,0.999479753243382,0,0.75,0.971769293871213,0.758186023728152,0.752941176470588
1,1,1,1,1,1,1,1,1,1,0,0,0,0,1,1,1,1,1,1,0.390744929519607,0.284862746944343,1,0.75,0.284862746944343,0.942568124295518,0.742857142857143
0,0,0,0,0,0,0,0,1,1,0,0,1,1,1,1,1,1,1,1,0.400336797955683,0.567652373454284,0,0.75,0.400336797955683,0.757839398095916,0.752941176470588
0,0,0,1,1,1,1,1,1,1,0,0,0,0,1,1,1,1,1,1,0.442301959455951,0.471112722737316,1,0.75,0.471112722737316,0.623777682258598,0.742857142857143
0,0,0,0,0,1,1,1,1,1,0,0,0,0,0,0,0,1,1,1,0.654563904905422,0.671814191408894,1,0.25,0.671814191408894,0.424930821138172,0.247058823529412
0,0,0,1,1,1,1,1,1,1,0,0,0,0,0,0,0,0,0,1,0.73604502998173,0.69203031694193,0,0.25,0.73604502998173,0.445571264208405,0.257142857142857
0,0,0,0,0,0,0,0,1,1,0,0,0,0,0,0,0,0,1,1,0.740199432965505,0.747465508250725,0,0.75,0.740199432965505,0.73039295313323,0.752941176470588
0,0,0,1,1,1,1,1,1,1,0,1,1,1,1,1,1,1,1,1,0.297170267070963,0.390964299247075,1,0.75,0.390964299247075,0.59987075351164,0.742857142857143
0,0,0,0,0,0,1,1,1,1,1,1,1,1,1,1,1,1,1,1,0.197268245225303,0.337650449348163,0,0.75,0.197268245225303,0.610365984367841,0.752941176470588
0,0,0,1,1,1,1,1,1,1,0,0,0,0,0,0,0,1,1,1,0.60976197221027,0.583224847255491,1,0.75,0.583224847255491,0.589734488831339,0.742857142857143
0,1,1,1,1,1,1,1,1,1,0,0,0,0,0,1,1,1,1,1,0.474841524975057,0.454174248266954,0,0.25,0.474841524975057,0.243854648598933,0.257142857142857
0,0,0,0,0,0,0,0,1,1,0,0,0,0,0,0,0,0,0,1,0.826612765484188,0.892749405118374,0,0.75,0.826612765484188,0.802049132815103,0.752941176470588
0,0,0,0,0,0,0,1,1,1,0,0,0,0,0,0,1,1,1,1,0.617532765825533,0.639602495848516,0,0.75,0.617532765825533,0.694393997282488,0.752941176470588
0,0,0,0,0,0,0,0,0,1,0,0,0,0,0,0,0,0,0,1,0.826176500942632,0.893903537739719,0,0.75,0.826176500942632,0.872577724106132,0.752941176470588
0,0,0,0,0,1,1,1,1,1,0,0,0,0,1,1,1,1,1,1,0.487183128290326,0.536884228721288,1,0.25,0.536884228721288,0.482072890393592,0.247058823529412
0,0,0,0,0,0,0,0,1,1,0,0,0,0,1,1,1,1,1,1,0.561040122662703,0.680195728970612,0,0.75,0.561040122662703,0.769167605580671,0.752941176470588
0,0,0,0,0,0,0,0,0,1,0,0,0,0,1,1,1,1,1,1,0.552287983864639,0.720046065620096,0,0.75,0.552287983864639,0.890278617857245,0.752941176470588
0,0,0,1,1,1,1,1,1,1,0,0,0,0,0,0,0,0,0,1,0.779864584541188,0.7045287116233,1,0.75,0.7045287116233,0.547011416605826,0.742857142857143
1,1,1,1,1,1,1,1,1,1,0,0,0,0,0,0,0,1,1,1,0.578604087272899,0.515753903368467,1,0.75,0.515753903368467,0.792116382836233,0.742857142857143
0,0,0,0,1,1,1,1,1,1,0,0,1,1,1,1,1,1,1,1,0.392931165390331,0.406275095532943,0,0.25,0.392931165390331,0.431473693379127,0.257142857142857
0,0,0,0,1,1,1,1,1,1,0,0,0,0,0,1,1,1,1,1,0.54407344485978,0.532673490527046,0,0.25,0.54407344485978,0.449239795860284,0.257142857142857
0,0,0,0,0,1,1,1,1,1,0,1,1,1,1,1,1,1,1,1,0.342711843800177,0.447462076562598,1,0.25,0.447462076562598,0.468593217209863,0.247058823529412
0,0,0,0,0,0,0,0,0,1,1,1,1,1,1,1,1,1,1,1,0.123575297462712,0.356060171544816,0,0.75,0.123575297462712,0.841473659165091,0.752941176470588
0,0,0,1,1,1,1,1,1,1,0,0,1,1,1,1,1,1,1,1,0.386610810300718,0.431824794155777,0,0.25,0.386610810300718,0.408579962997583,0.257142857142857
0,0,0,0,0,0,1,1,1,1,0,0,0,1,1,1,1,1,1,1,0.436617643317068,0.54250397669477,0,0.75,0.436617643317068,0.594750699578012,0.752941176470588
0,0,0,0,1,1,1,1,1,1,0,0,1,1,1,1,1,1,1,1,0.37137760190542,0.441352409436856,1,0.75,0.441352409436856,0.564148373664241,0.742857142857143
0,0,0,0,0,1,1,1,1,1,0,0,0,0,0,0,0,0,1,1,0.631508902039489,0.641223650141805,0,0.75,0.631508902039489,0.522190118678647,0.752941176470588
0,0,0,0,0,0,1,1,1,1,1,1,1,1,1,1,1,1,1,1,0.274951129112253,0.364749331274002,0,0.75,0.274951129112253,0.563757120329913,0.752941176470588
0,0,0,0,0,0,0,0,0,1,0,0,0,1,1,1,1,1,1,1,0.507469591202553,0.603040627804145,0,0.75,0.507469591202553,0.802426154637615,0.752941176470588
0,0,0,0,0,1,1,1,1,1,0,0,0,0,0,0,1,1,1,1,0.566695847871264,0.589484201984704,0,0.75,0.566695847871264,0.540790449156602,0.752941176470588
0,0,0,0,0,0,0,1,1,1,0,0,0,0,0,1,1,1,1,1,0.563189936083035,0.624724662450199,0,0.75,0.563189936083035,0.685153261017749,0.752941176470588
0,0,0,0,0,0,0,1,1,1,0,0,1,1,1,1,1,1,1,1,0.46471684778894,0.540293655872605,0,0.75,0.46471684778894,0.690649646422614,0.752941176470588
0,0,0,0,0,0,0,0,1,1,0,0,0,0,0,0,0,0,1,1,0.745326674153115,0.783237501699106,0,0.75,0.745326674153115,0.741977786703981,0.752941176470588
0,0,1,1,1,1,1,1,1,1,0,0,0,0,0,0,0,0,0,1,0.938165716624186,0.837500558294356,0,0.25,0.938165716624186,0.393955261475557,0.257142857142857
0,0,0,0,0,0,0,0,0,1,0,0,0,0,0,1,1,1,1,1,0.601539921997863,0.740978317252816,0,0.75,0.601539921997863,0.850435404829133,0.752941176470588
0,0,0,1,1,1,1,1,1,1,0,0,0,0,0,1,1,1,1,1,0.524442148996223,0.530588909211648,0,0.25,0.524442148996223,0.406753498613069,0.257142857142857
0,0,0,0,1,1,1,1,1,1,0,0,0,0,0,0,0,0,0,1,0.72026866934706,0.701449938705996,1,0.75,0.701449938705996,0.503470033770984,0.742857142857143
0,0,0,0,0,0,0,0,0,1,0,0,0,0,0,0,0,1,1,1,0.667858516974229,0.790811756003169,0,0.75,0.667858516974229,0.824267798244265,0.752941176470588
0,0,0,0,0,0,0,0,0,1,0,0,0,0,0,0,0,1,1,1,0.668687052484281,0.748315442460317,1,0.25,0.748315442460317,0.195055379847153,0.247058823529412
0,1,1,1,1,1,1,1,1,1,0,1,1,1,1,1,1,1,1,1,0.246368023410023,0.251758606559016,1,0.75,0.251758606559016,0.770343203825266,0.742857142857143
0,1,1,1,1,1,1,1,1,1,0,0,0,1,1,1,1,1,1,1,0.409723431744794,0.411007942715669,1,0.75,0.411007942715669,0.717393757209985,0.742857142857143
1,1,1,1,1,1,1,1,1,1,1,1,1,1,1,1,1,1,1,1,0.210284798276162,0.221919006458149,1,0.75,0.221919006458149,0.817091930171653,0.742857142857143
0,0,0,0,0,1,1,1,1,1,0,1,1,1,1,1,1,1,1,1,0.374812256134367,0.423431716862087,0,0.75,0.374812256134367,0.537626225428498,0.752941176470588
0,0,0,0,0,1,1,1,1,1,0,1,1,1,1,1,1,1,1,1,0.341317086291773,0.402068948628936,0,0.75,0.341317086291773,0.532086584615604,0.752941176470588
0,0,0,0,0,0,1,1,1,1,0,0,0,0,0,0,0,0,1,1,0.691817904429245,0.680294723391533,0,0.75,0.691817904429245,0.611854324156736,0.752941176470588
0,0,0,0,0,0,0,1,1,1,1,1,1,1,1,1,1,1,1,1,0.252082873376477,0.371567170394469,0,0.75,0.252082873376477,0.623828776677541,0.752941176470588
