"V1","V2","y0","y1","t","prob_t","y","prob_t_pred_log","prob_t_pred_tree"
1.21940191743129,0.152793422842033,0.592401899670407,0.600568965974938,"1",0.6,0.600568965974938,0.594776026432267,0.596153846153846
-0.124400504431604,-0.0579831179452865,0.505160283651545,0.442146964916204,"1",0.4,0.442146964916204,0.470395393886468,0.3625
-0.957498880303965,-1.31483198928421,0.231053890040972,0.158506013941753,"1",0.4,0.158506013941753,0.429340570930323,0.3625
-0.0791695135839723,0.186508266763961,0.568579338550148,0.460276943536391,"1",0.4,0.460276943536391,0.466972026126763,0.3625
-1.14341131127297,1.33196054836747,0.71162845678588,0.523575330833302,"0",0.6,0.71162845678588,0.668093148599312,0.6375
-1.05718788946961,-1.82400577516061,0.160672349455491,0.0484518378576716,"0",0.6,0.160672349455491,0.564163235843154,0.6375
-0.384534337744405,0.939055483850924,0.70555789199635,0.54064753408704,"1",0.4,0.54064753408704,0.41342933597787,0.3625
0.608341171745907,-1.62895017653721,0.324541793443547,0.299252836310611,"0",0.4,0.324541793443547,0.407808804522055,0.403846153846154
1.67246652201636,-0.836545482480932,0.434421669696851,0.532045170541361,"1",0.6,0.532045170541361,0.665972186291157,0.596153846153846
-1.53729434794522,0.499977669202869,0.555320603870947,0.39785253006838,"1",0.4,0.39785253006838,0.321399147817182,0.3625
-1.37829189176823,-1.93240816138682,0.111957183917779,0,"1",0.4,0,0.408394192382536,0.3625
0.495431135835334,0.962074548777241,0.724528032119854,0.667514407017015,"0",0.4,0.724528032119854,0.501508154336115,0.403846153846154
0.938149788403785,-1.49968411179427,0.329127751116115,0.31300549981087,"1",0.6,0.31300549981087,0.619234153436476,0.596153846153846
-0.375735280873976,0.939785128627637,0.671485887066777,0.544498185931755,"1",0.4,0.544498185931755,0.414247547731629,0.3625
0.506424448685728,-1.85097797004755,0.221748997544233,0.233882034912214,"1",0.6,0.233882034912214,0.589413450026225,0.596153846153846
-0.70952189421861,0.825321801377344,0.603913501118749,0.504802480785877,"1",0.4,0.504802480785877,0.386231653238035,0.3625
-0.713970427485274,-1.45730928483769,0.232809114576674,0.16286803772333,"1",0.4,0.16286803772333,0.45755660184745,0.3625
0.131593096508989,-0.20592504002837,0.481544818712816,0.461780693748165,"1",0.6,0.461780693748165,0.500354832580051,0.596153846153846
-0.568898236056517,-0.410495607050209,0.439433425230422,0.327612983755403,"0",0.6,0.439433425230422,0.561731038097505,0.6375
-0.0985355008630662,1.18447147386331,0.731383119803465,0.616083746922538,"0",0.6,0.731383119803465,0.56679826755469,0.6375
-1.6845721585604,1.03382434682556,0.614135307442104,0.431938050636554,"0",0.6,0.614135307442104,0.705643311733121,0.6375
1.2834501116131,1.3075640799008,0.804217404748604,0.811612939294889,"0",0.4,0.804217404748604,0.435395558996765,0.403846153846154
0.797401717750521,-0.876899654784417,0.387456760885222,0.411098930319829,"1",0.6,0.411098930319829,0.586719245399063,0.596153846153846
1.27869888351527,0.438233409487143,0.668302693555345,0.666851072704945,"1",0.6,0.666851072704945,0.591520006223878,0.596153846153846
0.437544426744043,-0.619033080911236,0.439263593179776,0.416036508733046,"1",0.6,0.416036508733046,0.543718463090025,0.596153846153846
-1.15551892470971,-1.32341048437271,0.222824079862073,0.134340018640536,"1",0.4,0.134340018640536,0.410605396507957,0.3625
-1.42284631989886,1.13103348220798,0.659848335388693,0.466310070005206,"0",0.6,0.659848335388693,0.68648520815641,0.6375
1.58404392903452,0.0115127437118521,0.589422276226566,0.631191794685815,"0",0.4,0.589422276226566,0.366868736003829,0.403846153846154
-1.75962979053018,-0.807131486184898,0.337019999962621,0.138663634013946,"0",0.6,0.337019999962621,0.660646386309616,0.6375
-0.374976381215146,2.19171741565222,0.882274380326969,0.733977542183515,"0",0.6,0.882274380326969,0.624288992553305,0.6375
0.596146624623218,-1.10262460435864,0.375545500855308,0.38071224722197,"0",0.4,0.375545500855308,0.425493219237742,0.403846153846154
-0.00230677225103471,-0.954365266368944,0.368380867821689,0.321136146337415,"0",0.6,0.368380867821689,0.488676739511083,0.6375
0.0478152822796417,-0.831087666094014,0.390505571421337,0.325556953259094,"1",0.6,0.325556953259094,0.512280690604766,0.596153846153846
-1.76165338337643,-1.54480457996433,0.17499615304131,0.0153498531518689,"0",0.6,0.17499615304131,0.639159892041217,0.6375
-1.94631439137538,-1.15677974474696,0.219284966779917,0.0696026557814874,"0",0.6,0.219284966779917,0.666987019099778,0.6375
1.04257818308396,2.11635099586006,0.935792584927876,0.883134899891118,"1",0.6,0.883134899891118,0.515125256412121,0.596153846153846
0.298843762828645,-1.82476863342782,0.215399092628319,0.215879606391387,"1",0.6,0.215879606391387,0.568653751687946,0.596153846153846
0.622101833285091,-0.0993542458924386,0.547380701690703,0.518202842082843,"1",0.6,0.518202842082843,0.545112190341291,0.596153846153846
1.0914719920062,0.187259076013689,0.638756250529416,0.619580468002321,"0",0.4,0.638756250529416,0.418512108743826,0.403846153846154
1.75539615691753,-0.280577392403441,0.515750229892075,0.615685871583474,"1",0.6,0.615685871583474,0.657215728063943,0.596153846153846
-0.731823695031038,-0.467903348406455,0.415597404892464,0.304083729756134,"0",0.6,0.415597404892464,0.575658848816122,0.6375
-0.249385508690484,1.50026680792534,0.783229131716684,0.645667815147885,"0",0.6,0.783229131716684,0.591222029574308,0.6375
-0.66476445098246,0.058083135350324,0.509949349514372,0.377913180406891,"0",0.6,0.509949349514372,0.585761863788596,0.6375
-0.0328640606699038,0.832658415867382,0.671005500785577,0.588004145238479,"0",0.6,0.671005500785577,0.549213578540918,0.6375
-0.982648096381495,0.0873496929744522,0.520922617847336,0.349936643108161,"0",0.6,0.520922617847336,0.616687539140755,0.6375
-1.05447314074118,-2.00589249553482,0.128991918031039,0.0376400364439743,"1",0.4,0.0376400364439743,0.441883961473702,0.3625
0.0201229873766477,1.09919273337999,0.741221666858034,0.600397900885593,"1",0.6,0.600397900885593,0.447437101392417,0.596153846153846
-0.350979889217621,-0.865922168636465,0.346989139424247,0.286787904091706,"1",0.4,0.286787904091706,0.474144919958471,0.3625
-0.292278167252672,-0.133297626449807,0.474448642320561,0.39692498887309,"1",0.4,0.39692498887309,0.456365444191003,0.3625
-0.705051818711066,-0.11716800646037,0.450334001460425,0.354179062337808,"1",0.4,0.354179062337808,0.415878063727971,0.3625
0.631957357145587,-1.59895404211897,0.283279699662695,0.304944887567636,"0",0.4,0.283279699662695,0.406497504841566,0.403846153846154
-0.0120385885655448,1.53611737947651,0.774288806702516,0.673271731410454,"0",0.6,0.774288806702516,0.569576457983313,0.6375
0.885002724480487,0.696249444970461,0.702344490601778,0.65785075056846,"1",0.6,0.65785075056846,0.545325606191674,0.596153846153846
-0.190603911875094,-0.875605732209403,0.36727563689906,0.333172342418706,"0",0.6,0.36727563689906,0.509765465412607,0.6375
0.312614638974336,0.199130869728447,0.587101506373177,0.49959423996714,"1",0.6,0.49959423996714,0.505111382900691,0.596153846153846
0.905033144717766,-1.62968407170278,0.270641029263182,0.326814119131486,"1",0.6,0.326814119131486,0.620114902248767,0.596153846153846
-0.244501512637457,1.38399823607434,0.755437184882123,0.617633293480183,"1",0.4,0.617633293480183,0.412877749525597,0.3625
-0.717988505015449,0.0865560756605259,0.499563530360461,0.404760401011639,"0",0.6,0.499563530360461,0.591729978161503,0.6375
-1.50757654008545,-0.521675438535067,0.393988447457364,0.19790679124272,"0",0.6,0.393988447457364,0.646505966768303,0.6375
0.242969540174696,-1.07235308431296,0.395163510328135,0.32567140662412,"1",0.6,0.32567140662412,0.539215845582735,0.596153846153846
0.500495355914817,-1.26488115341804,0.280451562963847,0.322028644846267,"1",0.6,0.322028644846267,0.570409894386556,0.596153846153846
0.0866905113285552,-0.375774378748015,0.430444849160898,0.405307966403196,"1",0.6,0.405307966403196,0.501414462490246,0.596153846153846
1.24622426164106,-0.472715876399274,0.45499991727226,0.516633723737644,"1",0.6,0.516633723737644,0.616586487837389,0.596153846153846
-0.596140034095015,-0.423589207812916,0.437797774794414,0.318125509530368,"1",0.4,0.318125509530368,0.436043742118306,0.3625
-1.35991691627117,-0.0449420027386244,0.476318181090984,0.294460874225554,"0",0.6,0.476318181090984,0.64727683028358,0.6375
-0.702830341160918,0.764849274586729,0.627253545342349,0.493986319129052,"1",0.4,0.493986319129052,0.388710736617392,0.3625
0.20780194517027,-1.51090972071572,0.305542474966676,0.25493416521775,"1",0.6,0.25493416521775,0.549823660549582,0.596153846153846
-0.104908734312591,0.941032721968964,0.65547700848714,0.566507881396823,"0",0.6,0.65547700848714,0.559683260699399,0.6375
0.510168579390653,0.350695494558764,0.592259669322353,0.590456002838506,"0",0.4,0.592259669322353,0.48033007660625,0.403846153846154
0.0684244507923664,-1.66190821742688,0.232012189649196,0.229697673077061,"1",0.6,0.229697673077061,0.541041257380154,0.596153846153846
-0.858263900239679,-1.46790710990697,0.256892140370218,0.157944722243152,"1",0.4,0.157944722243152,0.443820014495319,0.3625
1.45752338849959,-0.100616624382375,0.555813622245889,0.593253295557003,"1",0.6,0.593253295557003,0.624876280144039,0.596153846153846
0.738886477083717,-0.135493359579505,0.534834415092184,0.511513894676903,"0",0.4,0.534834415092184,0.442351060588919,0.403846153846154
-0.451802884269504,-0.391613371897592,0.436927801525568,0.352187796553936,"0",0.6,0.436927801525568,0.550944527247213,0.6375
0.0218990803373968,-2.16242479355156,0.123438325548411,0.126143097732097,"1",0.6,0.126143097732097,0.552513740908264,0.596153846153846
0.604654170450295,-0.386414141323391,0.504575070636269,0.479873940423723,"0",0.4,0.504575070636269,0.447411978365299,0.403846153846154
-2.09079746087956,-0.235502671611182,0.406808723159448,0.193745821186906,"0",0.6,0.406808723159448,0.704846403893228,0.6375
1.06127049499025,0.872713067395164,0.743774300611382,0.731852370356691,"0",0.4,0.743774300611382,0.443128989526017,0.403846153846154
0.11114734742201,-0.708185659520674,0.370456754498165,0.35632639391921,"0",0.4,0.370456754498165,0.485449523772469,0.403846153846154
-1.02224723719565,-0.549638327752084,0.368579916067845,0.269818523034927,"0",0.6,0.368579916067845,0.600815288145974,0.6375
-1.36258364027702,-0.599842641715175,0.329620095384836,0.24095044547648,"0",0.6,0.329620095384836,0.630995181576619,0.6375
-0.971725743668164,0.117977711321187,0.505911027929275,0.388797009918953,"1",0.4,0.388797009918953,0.383394959505585,0.3625
-1.48613026707721,-0.959835783885805,0.326674832058402,0.15118016833246,"0",0.6,0.326674832058402,0.631506822745223,0.6375
0.446067326349278,2.23670543806521,0.915645290624026,0.81709957134496,"0",0.4,0.915645290624026,0.547375921691768,0.403846153846154
-1.23474769734781,0.636003825017331,0.597770541586063,0.399646405109971,"1",0.4,0.399646405109971,0.343959884874381,0.3625
-2.27200877317851,0.372534438533757,0.454149415799732,0.264903213216155,"1",0.4,0.264903213216155,0.264948772519975,0.3625
1.57494757351727,-0.992495182766061,0.43713497087381,0.473588936124773,"1",0.6,0.473588936124773,0.661891349344163,0.596153846153846
0.464462578923237,1.59893050517963,0.782903147828543,0.743456285574987,"0",0.4,0.782903147828543,0.525096679593959,0.403846153846154
-0.517590380840505,-0.334974958975011,0.438523290662299,0.342534974177278,"0",0.6,0.438523290662299,0.55915281765482,0.6375
0.52454228028231,0.233694482485899,0.608648268076267,0.560777250758086,"1",0.6,0.560777250758086,0.524852561788329,0.596153846153846
0.473914448768249,-1.14759760230166,0.350925722130643,0.354973427109759,"1",0.6,0.354973427109759,0.564121252289444,0.596153846153846
1.88788763863831,0.377994971704228,0.653467375153721,0.716122261885218,"1",0.6,0.716122261885218,0.649781517435219,0.596153846153846
-0.148324363538114,-1.55152964027662,0.243427515610043,0.201459337334697,"0",0.6,0.243427515610043,0.48378731867449,0.6375
-0.171591879240148,0.696904166639159,0.630170270805965,0.531684786268125,"0",0.6,0.630170270805965,0.558389680003267,0.6375
1.40102920098297,1.24599597259539,0.766852006010466,0.81216060795125,"0",0.4,0.766852006010466,0.422101595718727,0.403846153846154
0.91003051517406,0.00669703766516471,0.554682243064901,0.578981528338485,"1",0.6,0.578981528338485,0.569718724230123,0.596153846153846
2.15044477225791,-0.163809409248396,0.575759686340467,0.689277429695461,"1",0.6,0.689277429695461,0.688153349426108,0.596153846153846
-1.26782525087218,1.10743414276907,0.644842993946292,0.481255394961809,"1",0.4,0.481255394961809,0.32747986317226,0.3625
0.527593122375047,-0.424762032460657,0.468752474534577,0.466816582731399,"1",0.6,0.466816582731399,0.546296787442125,0.596153846153846
-0.533742211602502,0.696691957661775,0.584006337600004,0.50222097366041,"0",0.6,0.584006337600004,0.593223047080604,0.6375
-1.96489596107064,-0.770279974990052,0.28648517384202,0.121006823395151,"0",0.6,0.28648517384202,0.679574871074922,0.6375
-0.137961473703769,-2.74865313854107,0.0458681374077784,0.0284426039509188,"1",0.4,0.0284426039509188,0.555653011755163,0.3625
1.39779087489257,-0.700543385318378,0.460827259581657,0.520948391686281,"0",0.4,0.460827259581657,0.362569886352885,0.403846153846154
1.34438875873274,1.71811746656771,0.842022851404168,0.874520935939008,"1",0.6,0.874520935939008,0.557462336338597,0.596153846153846
0.184950624123621,0.668594566174685,0.626734818268596,0.586761429350192,"1",0.6,0.586761429350192,0.477395481068608,0.596153846153846
-0.109509275715217,0.270580348637538,0.56304541511592,0.496656680002258,"1",0.4,0.496656680002258,0.461298619141098,0.3625
0.929821100104154,0.611167916807764,0.632845628623693,0.644399725769898,"1",0.6,0.644399725769898,0.552418764067404,0.596153846153846
-1.89650514575322,0.859614968243826,0.556773592976717,0.368332126114646,"0",0.6,0.556773592976717,0.718156112422414,0.6375
0.647895085657164,1.05862980106683,0.746251543743286,0.671692386795745,"1",0.6,0.671692386795745,0.510392791056289,0.596153846153846
-0.846855938037366,0.670692246366756,0.580205963725043,0.420680186837607,"0",0.6,0.580205963725043,0.621831474733868,0.6375
0.912853796432355,-1.1129771108986,0.371358822379433,0.36455221427167,"1",0.6,0.36455221427167,0.605012897612279,0.596153846153846
-1.23195887568162,-0.755440622356448,0.361505126360987,0.232927558229554,"0",0.6,0.361505126360987,0.614181751224452,0.6375
0.105592681962482,1.17486996605929,0.723081739072347,0.634821294214449,"1",0.6,0.634821294214449,0.453354938742103,0.596153846153846
0.569142523280156,0.861118142034692,0.668475323059417,0.675143959694771,"1",0.6,0.675143959694771,0.509011329759692,0.596153846153846
1.12128364813769,-0.808099925581726,0.424834149352334,0.467081665998203,"1",0.6,0.467081665998203,0.615184802818544,0.596153846153846
-0.283219817519099,-1.12549398537235,0.311876099887382,0.257941812825123,"0",0.6,0.311876099887382,0.510821883818555,0.6375
-0.68727569108951,0.0943729352464009,0.479252830344955,0.394317211259607,"1",0.4,0.394317211259607,0.410952602018547,0.3625
-0.0586863850540797,-1.54556422923988,0.263283359283503,0.216883363847439,"0",0.6,0.263283359283503,0.475164306115802,0.6375
0.213021774020468,-0.971573487075841,0.350480425921742,0.366679127786023,"0",0.4,0.350480425921742,0.46695522567706,0.403846153846154
0.272568205241636,0.851276430217284,0.686733810330153,0.640096265284375,"1",0.6,0.640096265284375,0.480124560807999,0.596153846153846
-0.826390214652049,-0.0241795176391985,0.477556103308558,0.362133982059491,"0",0.6,0.477556103308558,0.598576615592656,0.6375
0.457980792316605,0.891604685139272,0.673176304628803,0.631879131141473,"1",0.6,0.631879131141473,0.497077487105195,0.596153846153846
0.0578792028798573,0.45468347879368,0.587013181066129,0.521311327439652,"0",0.4,0.587013181066129,0.528202506011841,0.403846153846154
0.086504818799371,0.0873867375545639,0.538307777680148,0.467533857721441,"0",0.4,0.538307777680148,0.513552194075311,0.403846153846154
-1.14977665538505,-1.65137132755903,0.20931801150619,0.0472776537830921,"0",0.6,0.20931801150619,0.578556832796337,0.6375
0.0221475654698947,0.772856274212546,0.663117990310346,0.613495789452626,"1",0.6,0.613495789452626,0.458075029025478,0.596153846153846
0.712116213695477,-0.174590844375139,0.533376682525755,0.49139910703189,"1",0.6,0.49139910703189,0.556291755607864,0.596153846153846
1.05513743212656,-1.30403564456642,0.337081361880817,0.384576621848553,"0",0.4,0.337081361880817,0.375865683203586,0.403846153846154
-0.310614342149648,-0.103946355694255,0.465953895684941,0.403186393316501,"0",0.6,0.465953895684941,0.54636607611232,0.6375
1.09657715995335,-0.0281976701135334,0.589754363354848,0.582441844379619,"1",0.6,0.582441844379619,0.588729903719822,0.596153846153846
0.476182767109208,0.28412890277665,0.577453383948687,0.559465471092712,"0",0.4,0.577453383948687,0.481527427949024,0.403846153846154
1.75739591035068,0.222130146015116,0.642740143621569,0.709575199150834,"1",0.6,0.709575199150834,0.642627304182351,0.596153846153846
-1.17106338726331,-1.06391368152162,0.288280656588044,0.141931903104997,"0",0.6,0.288280656588044,0.598951105085814,0.6375
2.26348694121259,-0.107812389022968,0.578952669175431,0.664245111012121,"1",0.6,0.664245111012121,0.69610391544094,0.596153846153846
-1.2688767314366,0.111196998998663,0.503939687529667,0.31986365972614,"0",0.6,0.503939687529667,0.643681350400498,0.6375
0.00234234750753981,-0.224032131606605,0.478318566617718,0.434354100884352,"0",0.4,0.478318566617718,0.511791114597437,0.6375
0.443740244635575,-0.199192723688874,0.512648541907564,0.484347827372398,"1",0.6,0.484347827372398,0.530848302550106,0.596153846153846
-0.609090254568477,1.05669683520776,0.676004402214226,0.515023832380597,"0",0.6,0.676004402214226,0.61146690061318,0.6375
-1.21768632469762,0.551747117720711,0.566681537882039,0.392532391091778,"0",0.6,0.566681537882039,0.652057180724507,0.6375
1.36823824970545,0.0915244810317282,0.569787203788854,0.634087346894371,"1",0.6,0.634087346894371,0.610711683738255,0.596153846153846
-0.315885204294563,0.735882485705327,0.639428662760406,0.535409190061668,"1",0.4,0.535409190061668,0.426408299498186,0.3625
-0.240349904019259,0.778523797073439,0.660697711655756,0.555719133864272,"0",0.6,0.660697711655756,0.56764821384508,0.6375
2.83618424165584,-1.02309279580194,0.463571202183132,0.642590906937236,"1",0.6,0.642590906937236,0.763627208311289,0.596153846153846
1.81908668756259,-0.254892240651391,0.563316349074183,0.626203096163816,"0",0.4,0.563316349074183,0.337894472463006,0.403846153846154
-0.0246020928650266,0.854392321573055,0.64977458893202,0.561152529537154,"0",0.6,0.64977458893202,0.549102376654549,0.6375
0.786560548759119,0.921935394929382,0.711695290537711,0.683955694308223,"0",0.4,0.711695290537711,0.471563565761898,0.403846153846154
0.578286066188936,1.12880629755634,0.72889363341351,0.666619913582105,"0",0.4,0.72889363341351,0.498728417605732,0.403846153846154
0.510858480581468,-1.75312492606011,0.220953406315651,0.255967288815722,"0",0.4,0.220953406315651,0.41322411518997,0.403846153846154
0.0729013982891627,0.100733790702571,0.513425703743103,0.497355071013792,"1",0.6,0.497355071013792,0.48467832584159,0.596153846153846
-1.04275215723095,0.239965781376581,0.523635845288906,0.366468138750066,"0",0.6,0.523635845288906,0.626891127615745,0.6375
0.860008617322587,-0.198813062005424,0.500596267442514,0.524274740485944,"0",0.4,0.500596267442514,0.428608739854145,0.403846153846154
-0.376804397259948,0.386333183812312,0.556332236576248,0.43567425087429,"0",0.6,0.556332236576248,0.568415426248595,0.6375
0.0492438156320725,1.00032219297277,0.726924401483608,0.614201569985518,"1",0.6,0.614201569985518,0.453437930671229,0.596153846153846
-1.26877764944136,0.548434684903074,0.556331946820691,0.41370711265277,"0",0.6,0.556331946820691,0.656514228362056,0.6375
-0.515801662945459,-0.50666511098198,0.403407301330976,0.301887922755654,"0",0.6,0.403407301330976,0.55350678309472,0.6375
-1.29359804385405,-1.77550251898152,0.12491053014437,0.0264864952798453,"1",0.4,0.0264864952798453,0.41156602537601,0.3625
-1.16526296685472,-1.71596211129098,0.169183401339362,0.105722050164794,"1",0.4,0.105722050164794,0.42198898246384,0.3625
0.812660427614469,0.295285619254294,0.604301764996038,0.598547224483925,"1",0.6,0.598547224483925,0.551088772440132,0.596153846153846
2.18226242566126,0.917132030540036,0.746527778916219,0.856607337116652,"1",0.6,0.856607337116652,0.660261255795403,0.596153846153846
1.89258396937412,-0.287832152664802,0.540147397116401,0.624636588248428,"1",0.6,0.624636588248428,0.66949590938008,0.596153846153846
0.317925504828089,-0.767964180520601,0.405127903214845,0.367885686320042,"1",0.6,0.367885686320042,0.53678773981486,0.596153846153846
0.939298109208239,-1.63695982190662,0.288334073803941,0.303982029735506,"0",0.4,0.288334073803941,0.376489041072167,0.403846153846154
-0.720718942437963,-0.663290643392755,0.363296722974419,0.305859121228582,"1",0.4,0.305859121228582,0.43158878885307,0.3625
-0.742818285428905,-0.823836620983732,0.321558845368346,0.234551350115275,"0",0.6,0.321558845368346,0.565459404434158,0.6375
-0.38345074960088,-0.995537651815944,0.342895924090968,0.27708939098218,"1",0.4,0.27708939098218,0.475127860760064,0.3625
-2.02990389119965,-0.553072069074868,0.37814679259327,0.154948392770156,"0",0.6,0.37814679259327,0.691145978683238,0.6375
1.49948594759696,0.50120955572699,0.663001200133476,0.701199984946921,"0",0.4,0.663001200133476,0.389569838305642,0.403846153846154
-0.397508230104585,1.11236502192637,0.700060566902963,0.594053663719993,"0",0.6,0.700060566902963,0.593221208520759,0.6375
1.33348531549705,-0.873476101503792,0.436018924548767,0.474953662193693,"1",0.6,0.474953662193693,0.636734414791858,0.596153846153846
-0.703955034658732,0.721352409398438,0.615552750896663,0.460709188749435,"1",0.4,0.460709188749435,0.389940730553985,0.3625
0.605329294362687,0.100296523895441,0.550850461703524,0.555631110364409,"0",0.4,0.550850461703524,0.462930318852323,0.403846153846154
-0.233614722383435,-0.8371509149177,0.385908348543054,0.308617707810202,"1",0.4,0.308617707810202,0.484759570957204,0.3625
-1.38248118504479,0.754495190375293,0.59762756708486,0.391362483161307,"0",0.6,0.59762756708486,0.672433264564452,0.6375
0.349358182754758,-1.21563463689618,0.326857009349685,0.305649520425508,"1",0.6,0.305649520425508,0.55418876450857,0.596153846153846
-1.71250671367655,-1.68924253701199,0.153200316578309,0.0177540391471289,"0",0.6,0.153200316578309,0.63034631595547,0.6375
-0.114591501231192,0.609337945026089,0.578908623538003,0.535977945208138,"1",0.4,0.535977945208138,0.449952830403429,0.3625
0.283016906077748,-1.272545765265,0.346163748576743,0.306876040588007,"1",0.6,0.306876040588007,0.549541179268773,0.596153846153846
-0.643212071228129,0.117074692594169,0.509906460353432,0.420230898190463,"1",0.4,0.420230898190463,0.414450513366038,0.3625
0.00769777123495803,-1.34915319385913,0.285338556646689,0.260669852748693,"1",0.6,0.260669852748693,0.525034283232474,0.596153846153846
-1.07429367659175,-0.202380205206596,0.441852017394189,0.302786322556917,"1",0.4,0.302786322556917,0.383619695490148,0.3625
0.716691864222319,-0.460260658623729,0.458976070546681,0.468694028353588,"0",0.4,0.458976070546681,0.434180089571051,0.403846153846154
-0.811570283800776,0.375279247356265,0.579374591491543,0.38560943435027,"0",0.6,0.579374591491543,0.609516225155199,0.6375
-0.143626348453964,0.149118997923706,0.55561751141297,0.445089528507667,"1",0.4,0.445089528507667,0.461855387781451,0.3625
1.5219302213059,0.222029956172224,0.622182830774113,0.639086865669838,"0",0.4,0.622182830774113,0.378948307988666,0.403846153846154
-0.576666294294445,0.653081820840667,0.601656808257003,0.48332432514875,"0",0.6,0.601656808257003,0.595942797897608,0.6375
-0.0983761814028181,-2.56403779466907,0.0611574070421574,0.0727657397553097,"0",0.6,0.0611574070421574,0.446382508215493,0.6375
0.387082901480082,0.0407267145942072,0.528469708944871,0.51530177739643,"0",0.4,0.528469708944871,0.482446112756829,0.403846153846154
-1.93925186043466,0.790292995999447,0.567046897754873,0.374546752336711,"0",0.6,0.567046897754873,0.719750919939768,0.6375
0.0134503195938089,-3.10256048838245,0,0.0166394962400723,"0",0.4,0,0.418508178764022,0.403846153846154
-0.329210607031126,0.267215154841797,0.541642349471672,0.462775756421198,"1",0.4,0.462775756421198,0.439977458009874,0.3625
1.3295077548339,-0.473904763710933,0.475713022295938,0.56729611658659,"1",0.6,0.56729611658659,0.624350532049908,0.596153846153846
0.687019044795257,-0.848844421999642,0.402124567199009,0.425598199577982,"0",0.4,0.402124567199009,0.424750776961408,0.403846153846154
0.84206678863459,-1.24359571699968,0.349924347929147,0.344112096299543,"1",0.6,0.344112096299543,0.602374755313895,0.596153846153846
-0.233485968677915,-1.92742501464062,0.157415463531018,0.14769628461247,"0",0.6,0.157415463531018,0.480047028177712,0.6375
-0.113244501599302,0.64886816934942,0.614442345651158,0.523207089762092,"0",0.6,0.614442345651158,0.551178866051811,0.6375
-0.532820028996323,0.557792812165525,0.573321825312544,0.478766972491931,"0",0.6,0.573321825312544,0.588799889858774,0.6375
-2.17829077918961,2.22636802439906,0.808055909534113,0.536623388152008,"1",0.4,0.536623388152008,0.227434394526655,0.3625
1.29530761906898,0.527637861205126,0.655120449407962,0.692712028910713,"0",0.4,0.655120449407962,0.409688655566449,0.403846153846154
1.29510324524536,0.466686245767452,0.675542762489616,0.70099966103222,"1",0.6,0.70099966103222,0.592193970686149,0.596153846153846
-0.133471344746451,-1.1512455352944,0.275514749951342,0.295948211791564,"0",0.6,0.275514749951342,0.495240488913813,0.6375
-0.842977656238132,-1.90310860090156,0.15740625467199,0.066834246826779,"1",0.4,0.066834246826779,0.459227491593921,0.3625
0.190060084330489,0.555512644742729,0.615306216129462,0.554391166559952,"1",0.6,0.554391166559952,0.48154228422035,0.596153846153846
-0.339555896087449,-0.934740733244979,0.348465149395615,0.271636289518805,"0",0.6,0.348465149395615,0.522515941816861,0.6375
-0.875092409725855,0.22083217577711,0.507265698468448,0.384031176558032,"0",0.6,0.507265698468448,0.610726348243096,0.6375
0.619409187258575,1.12357722218356,0.764308755365421,0.692978801796975,"1",0.6,0.692978801796975,0.50549126198646,0.596153846153846
0.352984997582611,-0.965461691000279,0.364304264994733,0.349424730087765,"1",0.6,0.349424730087765,0.546548493034021,0.596153846153846
-1.10117136818043,-0.13261548626502,0.452170751584106,0.318437040015713,"0",0.6,0.452170751584106,0.62100403590839,0.6375
-0.0718188922047114,0.312819642074151,0.571967065728914,0.504758301870949,"0",0.6,0.571967065728914,0.536365255569731,0.6375
1.44153934937788,-0.0902834055690246,0.574412279723173,0.613836293636893,"0",0.4,0.574412279723173,0.37691457678193,0.403846153846154
-3.03149564824394,0.0980950325065316,0.421442134493037,0.118918266809872,"1",0.4,0.118918266809872,0.21682962860639,0.3625
0.640295417771314,0.988013783118749,0.716435285223837,0.691861161795575,"0",0.4,0.716435285223837,0.488077011800542,0.403846153846154
-0.92024022678388,0.901657631223055,0.588602740055037,0.489922956457969,"1",0.4,0.489922956457969,0.364457304737393,0.3625
1.91600354916354,-1.62110600837413,0.332943971488773,0.437801929789019,"0",0.4,0.332943971488773,0.291668056778724,0.403846153846154
1.48291563840518,0.366465996374935,0.620977822906902,0.662659746788509,"0",0.4,0.620977822906902,0.38698811054345,0.403846153846154
0.613860987508019,-0.991433474360957,0.391518537185585,0.404197281589515,"1",0.6,0.404197281589515,0.572702364346197,0.596153846153846
0.266503893732691,0.415357161574459,0.607968824147377,0.574090504231081,"1",0.6,0.574090504231081,0.493589301189403,0.596153846153846
-0.0422504671524431,-0.675940628200568,0.399563804712029,0.336559781821579,"0",0.6,0.399563804712029,0.501597760787074,0.6375
0.105058921093244,0.611189613410912,0.616512659725015,0.594908771322377,"1",0.6,0.594908771322377,0.471394232436458,0.596153846153846
0.274450375122074,-0.799499225002571,0.389275388379086,0.380766585252885,"0",0.4,0.389275388379086,0.466460885430472,0.403846153846154
-1.06767975330351,-0.434245480373029,0.388289649771563,0.299521001471772,"0",0.6,0.388289649771563,0.608655966684561,0.6375
0.411178931088654,-1.15641739708876,0.336395523362043,0.312987808541659,"0",0.4,0.336395523362043,0.441685742537414,0.403846153846154
0.163015495593936,0.839590424848399,0.675325233765157,0.57888190907509,"1",0.6,0.57888190907509,0.46973618383851,0.596153846153846
0.705607616658139,0.322464656053872,0.609046762634685,0.597569384257539,"1",0.6,0.597569384257539,0.539760255905405,0.596153846153846
-0.753352940028673,-0.0660814719512556,0.510056468875751,0.361643039004773,"0",0.6,0.510056468875751,0.590334210042171,0.6375
1.11538943824815,0.109302650138895,0.566148545407047,0.586062330457898,"0",0.4,0.566148545407047,0.413776489305001,0.403846153846154
0.201688095021859,-0.600830268487796,0.433320894400914,0.386948505209936,"1",0.6,0.386948505209936,0.519997574266622,0.596153846153846
0.39431003888168,-0.600256366282539,0.423151650303805,0.414691033392284,"1",0.6,0.414691033392284,0.538886476301461,0.596153846153846
0.204962106065934,-1.53493429959616,0.249769717927028,0.242886460627953,"1",0.6,0.242886460627953,0.550314489783063,0.596153846153846
0.904621372876818,-1.84862304596398,0.228543935089168,0.258717530480291,"1",0.6,0.258717530480291,0.626713832704186,0.596153846153846
-0.291700199602087,0.1347824038832,0.521840444037804,0.414711588008748,"1",0.4,0.414711588008748,0.447847363356203,0.3625
0.451339230760782,-1.21898984755959,0.333161529911906,0.31447179705935,"1",0.6,0.31447179705935,0.564200679857661,0.596153846153846
-0.350781310715812,0.0817262455364453,0.545400854755081,0.428479281646176,"1",0.4,0.428479281646176,0.443788210380955,0.3625
0.400029978462697,0.175696853561093,0.579701434124583,0.513048192973666,"1",0.6,0.513048192973666,0.514475409371428,0.596153846153846
-0.782472054145783,0.964889202349091,0.642558948229961,0.499507430911378,"0",0.6,0.642558948229961,0.624794255804643,0.6375
0.127052078282419,1.2996019457652,0.750665776338172,0.674194262921841,"0",0.4,0.750665776338172,0.548540312996151,0.403846153846154
-0.446530858895363,-0.0481391339181439,0.476046065025407,0.399595840399674,"0",0.6,0.476046065025407,0.561379405416551,0.6375
-0.300527346761584,1.4832785040211,0.747070984628824,0.635581815590754,"0",0.6,0.747070984628824,0.595555010644785,0.6375
-0.125543386099964,-1.8082941972623,0.196003440385804,0.176692355482833,"0",0.6,0.196003440385804,0.473274115693475,0.6375
0.223125410670656,-0.0770276520603331,0.526465616641946,0.483660392818582,"1",0.6,0.483660392818582,0.505210571051313,0.596153846153846
1.58950471611253,0.934085955005195,0.754396574750775,0.786471822269639,"1",0.6,0.786471822269639,0.605562254147652,0.596153846153846
0.618024784785859,1.38742578457187,0.797915201932023,0.727496493662325,"1",0.6,0.727496493662325,0.496837631597653,0.596153846153846
0.756182046815798,-0.725906106479734,0.395983052979602,0.426180024692616,"1",0.6,0.426180024692616,0.578027049540423,0.596153846153846
0.00141579258114252,-0.918708612158908,0.370301886975052,0.318484612057128,"0",0.4,0.370301886975052,0.489460711618614,0.6375
1.40656220169054,0.477829213996219,0.669210479351104,0.686002210333555,"0",0.4,0.669210479351104,0.397588405112772,0.403846153846154
-0.907131428788233,1.51594263619859,0.73327563441826,0.573666847727343,"1",0.4,0.573666847727343,0.347459436907367,0.3625
0.497925310083844,0.946461843163998,0.656644650126373,0.652064251242771,"0",0.4,0.656644650126373,0.500758447211257,0.403846153846154
-1.83816941887501,-0.127097808882087,0.417937967595106,0.235320618935788,"0",0.6,0.417937967595106,0.68674277652236,0.6375
-1.22644623155587,0.843497914103053,0.611405270260623,0.460756476907683,"0",0.6,0.611405270260623,0.66132823618421,0.6375
-0.819840718001979,0.98675258282312,0.660967460051308,0.521085446523763,"1",0.4,0.521085446523763,0.371101098778264,0.3625
0.0220194745845916,-0.421754409969663,0.413545668897332,0.392013564809067,"0",0.4,0.413545668897332,0.50347198857747,0.403846153846154
-0.0886154457249064,-0.636446496693088,0.38933362515811,0.340036934065903,"0",0.6,0.38933362515811,0.507439635809675,0.6375
-0.687197071910235,0.174137142584191,0.505979967748706,0.388760350156758,"1",0.4,0.388760350156758,0.408469130662621,0.3625
-1.87828705140661,0.0227438491556136,0.435707553207089,0.25657824726881,"1",0.4,0.25657824726881,0.305744137541971,0.3625
0.908131435689751,0.519998711063937,0.684777135176747,0.639653825913442,"1",0.6,0.639653825913442,0.55321619600432,0.596153846153846
0.86796789937485,1.02710669993485,0.729189958400039,0.709873435228381,"1",0.6,0.709873435228381,0.533043346510648,0.596153846153846
0.105950700122076,-1.83967934268748,0.206413373955796,0.206315244274963,"0",0.4,0.206413373955796,0.449602380565551,0.403846153846154
0.837783669878274,-0.286515802426034,0.478178112552786,0.53523668510877,"1",0.6,0.53523668510877,0.572019855993529,0.596153846153846
-0.281016863922317,-0.299851387218138,0.440793004153038,0.337170651803231,"0",0.6,0.440793004153038,0.537190993705566,0.6375
-1.1796445544878,0.80177979641435,0.603913156408234,0.421288967608761,"0",0.6,0.603913156408234,0.655970852446393,0.6375
-0.166428226933763,0.148771038178961,0.515611321861315,0.477118348741715,"1",0.4,0.477118348741715,0.459634157213225,0.3625
0.0291395249272101,-0.4860025262155,0.448305175273732,0.390800067139305,"1",0.6,0.390800067139305,0.49930340839066,0.596153846153846
-1.49529863645764,-0.0283049052150512,0.431452402451992,0.260550963129212,"0",0.6,0.431452402451992,0.659840919375233,0.6375
3.49199507702385,-1.30550130828406,0.432836889060697,0.650783538662996,"0",0.4,0.432836889060697,0.187314466603844,0.403846153846154
0.266385695424367,0.0216834517889158,0.522851618030876,0.500986348732191,"0",0.4,0.522851618030876,0.493714517980447,0.403846153846154
-0.187418802918366,0.255922434387461,0.570759150240554,0.492133647689676,"0",0.6,0.570759150240554,0.545851554795541,0.6375
0.790596214337059,-0.293201749277111,0.534405320832479,0.534266931535875,"0",0.4,0.534405320832479,0.432326278169458,0.403846153846154
-0.0581716991384967,-0.060648191976313,0.515835021316035,0.453808591940201,"0",0.6,0.515835021316035,0.523012682676155,0.6375
-0.446005849016725,1.0208175720105,0.63096928095161,0.564255935860703,"0",0.6,0.63096928095161,0.594978909800288,0.6375
-0.462661058577861,-0.331481798653321,0.439159580299912,0.31728534305552,"0",0.6,0.439159580299912,0.553922218337095,0.6375
-1.88889260739323,0.924844306570804,0.614389631416893,0.37578504557881,"0",0.6,0.614389631416893,0.719252511965715,0.6375
-0.774394018352394,-1.10021844197328,0.252302494521187,0.208731837131771,"0",0.6,0.252302494521187,0.559739022806799,0.6375
-0.605895746885522,1.07882337876957,0.676377649998895,0.554413579863262,"0",0.6,0.676377649998895,0.611846563539418,0.6375
0.783236411573402,1.81466208990356,0.864374205411745,0.813534127527674,"1",0.6,0.813534127527674,0.499320838560354,0.596153846153846
0.631553105138995,0.760250977216367,0.697505981684624,0.625179637849272,"1",0.6,0.625179637849272,0.518408307798297,0.596153846153846
-1.05073368463626,0.0746555221366469,0.495706237554525,0.362521575921732,"0",0.6,0.495706237554525,0.622624204854436,0.6375
1.68624022318283,0.607858389225645,0.687451920783481,0.740072061718402,"0",0.4,0.687451920783481,0.375442254827544,0.403846153846154
-0.608096072443969,-0.399475107257926,0.421037567455534,0.348680501108981,"1",0.4,0.348680501108981,0.434120469346482,0.3625
0.992444671959619,-1.67140289796562,0.266651348736451,0.32959849895371,"1",0.6,0.32959849895371,0.629452114417885,0.596153846153846
-0.0962011421048296,-1.49909837088287,0.287856418486922,0.217482212879723,"1",0.4,0.217482212879723,0.519650391393437,0.3625
-0.65087658166311,-1.69293293083889,0.183202297636414,0.13945123994484,"0",0.6,0.183202297636414,0.528692408663188,0.6375
0.0619484998035631,-1.12476929674324,0.312919358562788,0.289070171402968,"0",0.4,0.312919358562788,0.476860517753783,0.403846153846154
-1.88964973008016,0.454265307150243,0.505599703596432,0.313874957212655,"1",0.4,0.313874957212655,0.293117565699807,0.3625
0.442297538585791,-0.308026790270748,0.48649243644537,0.437696653458751,"1",0.6,0.437696653458751,0.534205262461871,0.596153846153846
-0.128529193158637,-2.22609980946098,0.152642067429054,0.124029471687167,"1",0.4,0.124029471687167,0.539860010052143,0.3625
0.465504166087335,0.295954954368465,0.60498857359664,0.563813987722216,"0",0.4,0.60498857359664,0.482959348564056,0.403846153846154
-0.155409300343823,0.682610908007402,0.645060647391686,0.528596022530029,"0",0.6,0.645060647391686,0.556361170388707,0.6375
0.286424253728321,0.0857383758869834,0.567025203479299,0.506397131683431,"0",0.4,0.567025203479299,0.493808288330289,0.403846153846154
0.863171312363423,-0.301400552996698,0.519485528427914,0.509858722264911,"0",0.4,0.519485528427914,0.425063064586373,0.403846153846154
-0.315105547423812,1.39735649414647,0.75052370533676,0.635292634467255,"0",0.6,0.75052370533676,0.594265606199681,0.6375
-0.646761294442472,-0.583808519289039,0.389027505312533,0.3040135422864,"1",0.4,0.3040135422864,0.436226121660615,0.3625
-0.323055032442477,-0.563578292853625,0.398699081670959,0.330940015858024,"0",0.6,0.398699081670959,0.532840114766564,0.6375
0.771956609520782,1.02854035500651,0.747703112366923,0.697876940830482,"0",0.4,0.747703112366923,0.47643038464061,0.403846153846154
-0.521298634607664,1.44005651241246,0.762576152436078,0.625021497024853,"1",0.4,0.625021497024853,0.384997193126651,0.3625
1.04070740222146,-0.378154684260613,0.493375985604279,0.511004063728419,"1",0.6,0.511004063728419,0.594329140677165,0.596153846153846
0.590557507634407,0.811156473760559,0.674825564201046,0.63468895129263,"0",0.4,0.674825564201046,0.487267974650137,0.403846153846154
-0.502319494340893,-1.11651771881506,0.315693645468855,0.211516188935022,"0",0.6,0.315693645468855,0.53265061671567,0.6375
0.551284138521556,-0.0658984303185032,0.506072080559153,0.506813975822783,"0",0.4,0.506072080559153,0.462889527979196,0.403846153846154
0.990015871400408,0.241366504480391,0.585612500959898,0.626304797497457,"0",0.4,0.585612500959898,0.429983305105831,0.403846153846154
0.126772385961233,-2.51191446294188,0.0936610873294803,0.11445331042908,"0",0.4,0.0936610873294803,0.426221083688859,0.403846153846154
0.376405570938094,-1.2761218680203,0.355591119174261,0.290096089776696,"0",0.4,0.355591119174261,0.441253045259974,0.403846153846154
-0.0544379265106281,-0.600039118638794,0.396822466881651,0.373415678239672,"0",0.6,0.396822466881651,0.50524841584137,0.6375
0.279881228224666,1.11643277843958,0.704787089908806,0.652347603975454,"0",0.4,0.704787089908806,0.527696852628731,0.403846153846154
0.490094140325396,-0.0222096472641348,0.513344627195797,0.512934861613103,"1",0.6,0.512934861613103,0.529705555484455,0.596153846153846
-0.697959580176944,-0.515522029679583,0.383694153916814,0.304024650888982,"0",0.6,0.383694153916814,0.570890332198185,0.6375
0.318622495620759,-0.427173325451774,0.502241748370347,0.437397054342371,"0",0.4,0.502241748370347,0.474101550999202,0.403846153846154
0.757192086171572,-1.22231617470099,0.32295104897125,0.365849469621166,"1",0.6,0.365849469621166,0.59367472327057,0.596153846153846
-0.69973252717367,1.19534752615118,0.725575521302202,0.582553557058638,"0",0.6,0.725575521302202,0.624127155914929,0.6375
0.379664568246268,1.60861349980801,0.809857419214575,0.733008296913373,"0",0.4,0.809857419214575,0.533732618553771,0.403846153846154
1.31080028122309,1.11626403848972,0.745161530694648,0.764271126083939,"1",0.6,0.764271126083939,0.573305320668611,0.596153846153846
0.793365350201355,-0.85474770186608,0.406327705199594,0.441622453801543,"0",0.4,0.406327705199594,0.414360431013787,0.403846153846154
1.0049078890291,-1.18937170169582,0.331224845211549,0.37912069592685,"1",0.6,0.37912069592685,0.615983528672765,0.596153846153846
1.56962389043424,-0.85244913477455,0.45046833554507,0.527434969747005,"0",0.4,0.45046833554507,0.34263975238194,0.403846153846154
1.02124739133187,-0.592476678006716,0.432753390511934,0.501160467321946,"1",0.6,0.501160467321946,0.599143549131509,0.596153846153846
1.26393824930341,-0.192690007309736,0.542447921833656,0.579698366439851,"1",0.6,0.579698366439851,0.609665326753161,0.596153846153846
2.21650049425116,1.63279636653985,0.896547607367011,0.960508251650451,"1",0.6,0.960508251650451,0.642340751256657,0.596153846153846
0.6730002702562,-1.17721551361951,0.346675340615487,0.352231843014076,"0",0.4,0.346675340615487,0.415766134284525,0.403846153846154
0.293758536638659,-0.826902342632018,0.384540993296538,0.367985591305716,"0",0.4,0.384540993296538,0.463687794081387,0.403846153846154
-1.55635574847144,1.60871707411632,0.685574384815331,0.526785234210905,"0",0.6,0.685574384815331,0.710544273259058,0.6375
0.100939602743797,1.48240294209225,0.76521344743757,0.695839466197862,"0",0.4,0.76521344743757,0.556919390548653,0.403846153846154
1.35444741504555,1.10185708928865,0.810552670373447,0.746710170946463,"0",0.4,0.810552670373447,0.422038923266833,0.403846153846154
0.0286304446457924,-1.01626046351719,0.348358859071858,0.316824464573934,"1",0.6,0.316824464573934,0.516365105947414,0.596153846153846
1.0880184010092,1.03643213166874,0.736506517110458,0.735639003617704,"1",0.6,0.735639003617704,0.554253564189857,0.596153846153846
1.05395246014879,-0.569039191329477,0.474305191006836,0.517675733993948,"0",0.4,0.474305191006836,0.39849049481415,0.403846153846154
-0.289942414599558,0.785421511281377,0.627090794822041,0.511927236283006,"1",0.4,0.511927236283006,0.427344290889718,0.3625
-0.578306675355259,-0.529923686921739,0.394081114764267,0.318767732311912,"0",0.6,0.394081114764267,0.55884510441856,0.6375
0.351526057827199,-0.344501007658841,0.485443592508909,0.476483364151092,"0",0.4,0.485443592508909,0.473530561006771,0.403846153846154
1.41498900960956,-1.04437315248912,0.375922034931082,0.464522456957628,"0",0.4,0.375922034931082,0.350827902327006,0.403846153846154
0.578396243097919,0.671593204299752,0.649802797223052,0.603237217017724,"1",0.6,0.603237217017724,0.516036611125559,0.596153846153846
-1.51578051794497,0.0889913684404293,0.445294245940517,0.287977232429855,"0",0.6,0.445294245940517,0.665032483406558,0.6375
0.319615045042241,0.0808833763576819,0.526992599479516,0.499525623378828,"0",0.4,0.526992599479516,0.490382760677791,0.403846153846154
2.10110519132308,1.33726608303481,0.798400144474461,0.884294539240506,"1",0.6,0.884294539240506,0.640659628234098,0.596153846153846
-0.713072554508787,-1.61732209387874,0.243917977765665,0.137233920812947,"0",0.6,0.243917977765665,0.537222835727635,0.6375
0.598563437982711,-0.522060141430664,0.440106262302729,0.429789644164587,"0",0.4,0.440106262302729,0.443677925071685,0.403846153846154
0.172878974767196,-0.653602506265784,0.402458834031246,0.384007519415677,"0",0.4,0.402458834031246,0.481135152467688,0.403846153846154
0.928533168991523,-0.296827768459868,0.528791297016214,0.505135973068548,"0",0.4,0.528791297016214,0.41892501326123,0.403846153846154
0.572231665975635,-1.80619888680173,0.254393516322998,0.226023347203179,"0",0.4,0.254393516322998,0.405719362255287,0.403846153846154
-0.428490078081821,2.16610207707516,0.851578299706692,0.761441613738411,"0",0.6,0.851578299706692,0.628449835783188,0.6375
1.32296899135335,0.335715112110957,0.634476185218453,0.648725359730792,"1",0.6,0.648725359730792,0.598912261397458,0.596153846153846
1.04032781238507,-0.556605195175552,0.480820172028431,0.463296224812272,"1",0.6,0.463296224812272,0.599836617685356,0.596153846153846
0.27338328814733,0.573111021039509,0.63279259756751,0.578647763740165,"1",0.6,0.578647763740165,0.4891757566037,0.596153846153846
-0.876160417408632,0.486270833342952,0.59434298098,0.458151354111514,"0",0.6,0.59434298098,0.618942627920899,0.6375
0.704965923874742,0.757552229811632,0.696809895559339,0.641626940533538,"1",0.6,0.641626940533538,0.525713043759953,0.596153846153846
0.880668339347224,1.02793621868147,0.728658434714076,0.696351272308168,"0",0.4,0.728658434714076,0.465737841583351,0.403846153846154
-1.45563176157002,0.636128202106996,0.553486872691905,0.393986115474166,"0",0.6,0.553486872691905,0.675408735262339,0.6375
1.37555600868906,1.00940706756366,0.760762227938938,0.743511313640698,"1",0.6,0.743511313640698,0.582893897997467,0.596153846153846
0.196420117622068,-0.886381740875661,0.392251989539064,0.360380253512201,"1",0.6,0.360380253512201,0.528675912676691,0.596153846153846
-1.40789601850739,0.379902908395797,0.509017037326777,0.345361120476549,"1",0.4,0.345361120476549,0.336070375749093,0.3625
-0.160145687136067,-0.601957694677264,0.397065398113537,0.323664911768067,"0",0.6,0.397065398113537,0.515595026026944,0.6375
0.34540262789418,-0.46935325104508,0.474819710770229,0.411241528591786,"0",0.4,0.474819710770229,0.470114227645005,0.403846153846154
-0.813606075322626,-0.328611938900249,0.416967263639741,0.294386023250191,"0",0.6,0.416967263639741,0.587875515470711,0.6375
-0.606610885073913,0.528683782582704,0.588731413133811,0.478306635771838,"0",0.6,0.588731413133811,0.594915711836762,0.6375
0.36685947898015,1.17959258418587,0.737769632617667,0.678187063668546,"0",0.4,0.737769632617667,0.521183116775333,0.403846153846154
2.22371704526403,1.18896752604485,0.791003741404719,0.876189745361117,"1",0.6,0.876189745361117,0.656039074175688,0.596153846153846
-1.24663665045396,1.86060242845905,0.810416590357395,0.628348221781733,"0",0.6,0.810416590357395,0.691792077424794,0.6375
1.34803273219627,-0.905678203045086,0.40123518327713,0.474962174117904,"1",0.6,0.474962174117904,0.639019018685217,0.596153846153846
0.140119478392253,0.77213035610386,0.648052064784483,0.598047062088349,"0",0.4,0.648052064784483,0.530341313309567,0.403846153846154
0.0882591489088377,-1.2569695839334,0.310599490227545,0.286584297828535,"1",0.6,0.286584297828535,0.529979583005664,0.596153846153846
-0.2232398559678,1.82360871975144,0.829776245869852,0.727338202120237,"0",0.6,0.829776245869852,0.598800380973129,0.6375
0.563227482812376,0.00683688178370767,0.512128677049131,0.528125615612993,"1",0.6,0.528125615612993,0.535945250800768,0.596153846153846
1.00429360844429,-0.262365685170776,0.516561053160745,0.522964531800724,"1",0.6,0.522964531800724,0.587245730701479,0.596153846153846
-0.329599525972285,-1.36551283915205,0.243511720968975,0.207882439558446,"1",0.4,0.207882439558446,0.49235634187283,0.3625
2.07073029164399,0.78587254477347,0.757216004290659,0.796474258459043,"0",0.4,0.757216004290659,0.345821129132798,0.403846153846154
0.797099636653298,-1.35903835378373,0.323597033739401,0.310273390062089,"0",0.4,0.323597033739401,0.398299038432303,0.403846153846154
-1.24137802724435,-0.969585577542591,0.293169628108497,0.174097969343162,"0",0.6,0.293169628108497,0.60849349841198,0.6375
0.17778959644022,1.14032367933182,0.733437864044183,0.648168201769116,"1",0.6,0.648168201769116,0.461522567484883,0.596153846153846
-0.647075127504403,-0.165757178636604,0.487273103566958,0.377838946251953,"1",0.4,0.377838946251953,0.422968775530267,0.3625
-1.19529214127539,-0.873595642347707,0.314220589892423,0.181349109135788,"0",0.6,0.314220589892423,0.607119250125418,0.6375
0.963198477791248,2.50424430508042,0.977993353633887,0.963498642257856,"1",0.6,0.963498642257856,0.494788355434582,0.596153846153846
1.55048531488386,-1.11959053480423,0.406411666764074,0.448140157282357,"0",0.4,0.406411666764074,0.336594748037979,0.403846153846154
0.0306642170441069,0.714214468733188,0.657640773812437,0.541224302032613,"1",0.6,0.541224302032613,0.460789088371983,0.596153846153846
0.068970576829603,0.696280896335402,0.656927202029224,0.546983849551685,"0",0.4,0.656927202029224,0.534882294871569,0.403846153846154
0.115423643426484,-0.0487602578888535,0.517922180870415,0.483451092999105,"1",0.6,0.483451092999105,0.493688726932837,0.596153846153846
0.151657944372796,0.41202586640728,0.581038231313038,0.50568389781016,"0",0.4,0.581038231313038,0.517609850876355,0.403846153846154
-0.864513685241729,0.373333120086885,0.568588571402828,0.416529811109736,"0",0.6,0.568588571402828,0.614410503110035,0.6375
0.620093709762571,0.925138472414299,0.740599887345654,0.684019075329851,"0",0.4,0.740599887345654,0.488037401633593,0.403846153846154
0.263347334254012,0.496672768305172,0.605904437838565,0.555636194357598,"0",0.4,0.605904437838565,0.509345934801389,0.403846153846154
-2.40399160411144,1.1378686152358,0.614973974724224,0.371276793090809,"0",0.6,0.614973974724224,0.763368439575797,0.6375
-0.822413655428205,0.547231305632265,0.569746667102311,0.442225557233646,"0",0.6,0.569746667102311,0.615799208016398,0.6375
-0.86930694782413,-0.618619696259113,0.412979531116222,0.286851905566437,"1",0.4,0.286851905566437,0.415884657129199,0.3625
1.20515873114801,-0.728391815443545,0.418045256954574,0.486610038191188,"1",0.6,0.486610038191188,0.620558064467621,0.596153846153846
1.04193288833603,-0.863612775613283,0.425171228964229,0.452371265713436,"1",0.6,0.452371265713436,0.609464048497761,0.596153846153846
-1.08342563632367,0.715255803862827,0.600345955220306,0.431772760345274,"0",0.6,0.600345955220306,0.644809977479665,0.6375
2.7351760176905,-0.320149284841006,0.587223483976977,0.723275209372062,"0",0.4,0.587223483976977,0.260745287722112,0.403846153846154
-0.147193616514635,-1.38081433576048,0.291994709698946,0.250541527152465,"1",0.4,0.250541527152465,0.510817068105114,0.3625
-1.32697071626623,-1.07841276690164,0.271979564059562,0.0965559590620673,"1",0.4,0.0965559590620673,0.386829515905732,0.3625
0.179825356109058,2.07325896938713,0.886770505288072,0.782418946233203,"1",0.6,0.782418946233203,0.431954839031048,0.596153846153846
-1.76092327152298,1.71734001247037,0.758645073230792,0.53018006490149,"0",0.6,0.758645073230792,0.729613785083123,0.6375
1.63219520134258,-0.983247503566513,0.431932661129896,0.508106063173217,"1",0.6,0.508106063173217,0.666655772007309,0.596153846153846
-1.73017328165511,0.150928602963497,0.468940241550468,0.304135951726441,"0",0.6,0.468940241550468,0.685309421867223,0.6375
0.46376222582586,1.15245759658967,0.749020026871609,0.712043567058688,"1",0.6,0.712043567058688,0.489227848746542,0.596153846153846
0.0454312534739806,-1.36908602985465,0.290107481828922,0.248718945448127,"1",0.6,0.248718945448127,0.529381987071652,0.596153846153846
-0.00981446255286097,1.39981379329607,0.763821292068864,0.681448478496149,"1",0.4,0.681448478496149,0.434959029592603,0.3625
-0.297389063405758,-1.11815939726461,0.320507774553243,0.249725850805056,"0",0.6,0.320507774553243,0.512453603139586,0.6375
0.132982428847101,-0.622585034142964,0.411839325935429,0.3885698130806,"1",0.6,0.3885698130806,0.513938631606374,0.596153846153846
0.204851037014844,-0.573168430488581,0.422950100405227,0.401560815485173,"0",0.4,0.422950100405227,0.480582911542008,0.403846153846154
-0.643291931133055,2.52671522779638,0.93382302844344,0.774022729234736,"0",0.6,0.93382302844344,0.658536464431285,0.6375
0.00594953468247683,1.07377071032475,0.695858790028045,0.588450075263366,"1",0.6,0.588450075263366,0.446867955111421,0.596153846153846
-0.580978545800726,-0.80448360592232,0.366959333362587,0.269333055976834,"1",0.4,0.269333055976834,0.449652225703887,0.3625
-0.520293906949181,0.61259577826021,0.602217497539228,0.486536114760799,"1",0.4,0.486536114760799,0.410681914212918,0.3625
-0.133207417525461,-0.246125391619503,0.44624674596957,0.413129352313961,"1",0.4,0.413129352313961,0.475586151354095,0.3625
0.111059757587764,0.66966523038377,0.638518630068163,0.569516964114836,"1",0.6,0.569516964114836,0.470102121414803,0.596153846153846
1.49892129201559,0.777200253892418,0.733186342070183,0.737382770278966,"0",0.4,0.733186342070183,0.398130619977544,0.403846153846154
0.0113635610330159,1.04099008085902,0.675932951631955,0.601161160631496,"1",0.6,0.601161160631496,0.44844207185409,0.596153846153846
0.604583987357444,-0.537482582124049,0.441362125724045,0.437143256334637,"1",0.6,0.437143256334637,0.55739892265848,0.596153846153846
0.424356621612084,0.226282547411387,0.58672188166125,0.523262916394886,"0",0.4,0.58672188166125,0.484761813437615,0.403846153846154
0.419284022500644,0.0614619472118551,0.560753079416459,0.507374007003333,"1",0.6,0.507374007003333,0.520053146493239,0.596153846153846
0.330143288931063,0.228133574511938,0.575776808839552,0.515630481265939,"1",0.6,0.515630481265939,0.505901797212949,0.596153846153846
-1.60976164153028,-0.401533575908065,0.358718296148026,0.207321772520192,"1",0.4,0.207321772520192,0.340853066364694,0.3625
0.246950138545452,1.25815961376625,0.756140273038821,0.69943014159143,"0",0.4,0.756140273038821,0.535484765029919,0.403846153846154
-0.285174725695447,0.272445758953465,0.556506245921112,0.456209897658362,"1",0.4,0.456209897658362,0.44409057848757,0.3625
-1.04718589172248,-0.730114818105537,0.35351448109503,0.238228193040582,"0",0.6,0.35351448109503,0.597578549711276,0.6375
-0.546420257484201,0.345789217302898,0.57897236557074,0.458438235341014,"0",0.6,0.57897236557074,0.583459185391881,0.6375
0.651178873879729,0.869326321513258,0.682668670808607,0.624261556266134,"1",0.6,0.624261556266134,0.516822489035456,0.596153846153846
0.30054850983607,-2.18034154403991,0.136035126759635,0.159133807602571,"1",0.6,0.159133807602571,0.580042173956381,0.596153846153846
0.369951544921252,1.12675180106169,0.745551207321263,0.69436825759069,"1",0.6,0.69436825759069,0.480824006486122,0.596153846153846
-0.354165458137453,0.233460826166253,0.531033389169027,0.459208659987449,"0",0.6,0.531033389169027,0.561371055860399,0.6375
-0.132962346267564,0.139300705796043,0.534874775400262,0.484960317950404,"1",0.4,0.484960317950404,0.463215186835105,0.3625
-0.200085806158181,0.682378777072967,0.653220913106305,0.543324508565249,"0",0.6,0.653220913106305,0.560694587955398,0.6375
-0.998834080361067,1.71541027868991,0.754272285999211,0.625984949683989,"0",0.6,0.754272285999211,0.666437719740509,0.6375
-0.16378556570146,1.78478208582859,0.828568216838083,0.727550623896568,"0",0.6,0.828568216838083,0.591948903750563,0.6375
-0.93167250080414,0.503684791222448,0.568243226071296,0.438033530210429,"1",0.4,0.438033530210429,0.375384475278545,0.3625
0.668219906276624,-0.640229029559707,0.445013335612302,0.441914368280718,"1",0.6,0.441914368280718,0.566836373042845,0.596153846153846
0.758677491498747,1.78692725026309,0.864984853120039,0.816364132718021,"0",0.4,0.864984853120039,0.502203148252254,0.403846153846154
-1.84675066544408,-0.249383907938667,0.379049909537913,0.199553789049571,"1",0.4,0.199553789049571,0.315932918359139,0.3625
0.727016789897692,-0.142310155222097,0.543647456386219,0.485026662950487,"0",0.4,0.543647456386219,0.443287885803013,0.403846153846154
-1.93802263745903,0.979321705104091,0.601046184099659,0.393461501176408,"0",0.6,0.601046184099659,0.724551233286004,0.6375
1.46231689733042,-1.42322417744604,0.337907491540177,0.397116577911642,"1",0.6,0.397116577911642,0.664401561733558,0.596153846153846
-0.388364150686999,0.571798055332189,0.617943243218896,0.516922160907997,"1",0.4,0.516922160907997,0.424606159039435,0.3625
-0.253603986332281,-0.161379237977706,0.498467452418138,0.419774240685499,"0",0.6,0.498467452418138,0.53895038725455,0.6375
0.50245106602347,0.179658713071522,0.576807763452983,0.56204508524898,"1",0.6,0.56204508524898,0.524421748798082,0.596153846153846
-0.185989470155453,-0.370104507774244,0.44552028482513,0.363707109970631,"0",0.6,0.44552028482513,0.525608209916912,0.6375
-0.978590223599723,-1.91249983886658,0.148675407793945,0.0469441276413534,"0",0.6,0.148675407793945,0.553711406632682,0.6375
0.304932816639956,-0.431582803291132,0.45412584797712,0.449417583593924,"1",0.6,0.449417583593924,0.524695294703578,0.596153846153846
-2.2798619057285,-0.969719723442129,0.253881875367918,0.0644339261701377,"1",0.4,0.0644339261701377,0.299395830972632,0.3625
-1.72680284208709,1.85832178882328,0.770299164820925,0.542084650850286,"1",0.4,0.542084650850286,0.269448279316254,0.3625
1.09902353014362,-0.94457104494812,0.398300812797352,0.437578165296766,"1",0.6,0.437578165296766,0.617277892276793,0.596153846153846
-1.06430667240446,0.798402646634113,0.647787408572427,0.467516544106345,"1",0.4,0.467516544106345,0.354456828014307,0.3625
-0.732317132186558,-1.47824987020035,0.203352515808206,0.160920535528963,"1",0.4,0.160920535528963,0.456433613786624,0.3625
1.76445144478211,2.17557678278662,0.970194950258832,1,"0",0.4,0.970194950258832,0.416459991701834,0.403846153846154
0.188762603212472,-0.476599569712049,0.456352356514336,0.422987609752926,"0",0.4,0.456352356514336,0.485279709387844,0.403846153846154
-1.00952391057112,0.224210853451713,0.550577101954591,0.396437949182767,"0",0.6,0.550577101954591,0.623346011833709,0.6375
-1.01235210345972,0.62361830798117,0.608485989868801,0.443822366042577,"0",0.6,0.608485989868801,0.635633902012948,0.6375
-0.99611817338288,0.370310653424712,0.572400531910643,0.389367605778764,"0",0.6,0.572400531910643,0.626529725372642,0.6375
-1.98682526220403,-0.379269423153772,0.366254007877532,0.173076292679084,"0",0.6,0.366254007877532,0.692311917689542,0.6375
1.80995120587741,-0.147550982649201,0.555517991086452,0.624092687973809,"0",0.4,0.555517991086452,0.341811751049017,0.403846153846154
-1.90764948555156,-0.247113152130068,0.399298520705099,0.227267248218509,"0",0.6,0.399298520705099,0.689293021853467,0.6375
1.59457038011282,0.343092947002889,0.644132254831797,0.718087172997131,"0",0.4,0.644132254831797,0.375895770440663,0.403846153846154
0.846881568476375,2.58831058978614,1,0.925467074325015,"0",0.4,1,0.519374475094703,0.403846153846154
-0.797566890924569,0.41298007764018,0.550779156453459,0.435714645795625,"1",0.4,0.435714645795625,0.390638433878418,0.3625
-0.276878667151795,-0.328304113219183,0.430744586479048,0.382609775497286,"0",0.6,0.430744586479048,0.535871908506311,0.6375
0.000741494887003844,-1.40523224009246,0.243491564048678,0.2430131022317,"0",0.4,0.243491564048678,0.473843603371549,0.6375
0.382426009701372,0.276416316291961,0.61209804221346,0.556833066295763,"1",0.6,0.556833066295763,0.509492715942189,0.596153846153846
-0.748002166144011,0.135266787641237,0.471425973019708,0.403565681852295,"1",0.4,0.403565681852295,0.403900686159243,0.3625
-0.591798945293569,1.53152598336317,0.749183616292614,0.633348859316484,"1",0.4,0.633348859316484,0.375666637228241,0.3625
-0.170546745843323,-0.142925594327725,0.483587878998099,0.437836925626868,"0",0.6,0.483587878998099,0.531401720072634,0.6375
0.126710824835772,0.144607384239198,0.526668771849026,0.493757352238874,"1",0.6,0.493757352238874,0.488560042835129,0.596153846153846
0.518988921989429,-0.613685574950166,0.430276787063368,0.429266717154208,"1",0.6,0.429266717154208,0.55149770328817,0.596153846153846
0.701208048805665,-0.62097848792191,0.448751653289685,0.44414177877936,"1",0.6,0.44414177877936,0.569415837203739,0.596153846153846
0.0873011379783568,0.261607357113442,0.587437857143346,0.498932191278389,"1",0.6,0.498932191278389,0.480908058949239,0.596153846153846
0.282403961218593,-0.828630319686043,0.418694771008992,0.362859642113074,"1",0.6,0.362859642113074,0.535254877562214,0.596153846153846
-0.106387894615585,-1.68577926447676,0.204883479701077,0.187132570118994,"1",0.4,0.187132570118994,0.524663375478565,0.3625
0.424693596320553,-0.639382987140084,0.424714240912891,0.410834672399783,"1",0.6,0.410834672399783,0.543114034835842,0.596153846153846
-1.10506471280509,-0.815765628754929,0.342130187211616,0.217729664631963,"0",0.6,0.342130187211616,0.600400187948799,0.6375
0.171292231733317,0.278906831905634,0.582349917890811,0.534907352218984,"1",0.6,0.534907352218984,0.488616355643195,0.596153846153846
-1.85778161991099,0.440684052867831,0.510593466378822,0.322867057587782,"1",0.4,0.322867057587782,0.296091594156847,0.3625
-1.25026293447009,-0.166709594996749,0.430764519767805,0.32397328519511,"0",0.6,0.430764519767805,0.633708215795684,0.6375
-0.568543404429278,-0.459610173099936,0.437954536947905,0.330434751600751,"0",0.6,0.437954536947905,0.560134642517155,0.6375
0.871918028896203,1.23177578490709,0.747730736519264,0.733240559739231,"1",0.6,0.733240559739231,0.52684777095104,0.596153846153846
-1.17229434666973,0.0285924683055278,0.478300309489104,0.327007428849324,"0",0.6,0.478300309489104,0.63242960181677,0.6375
-0.421501103004741,-0.695979511723175,0.393553507031479,0.323249883297333,"0",0.6,0.393553507031479,0.538236560425244,0.6375
1.01117394244837,1.64149351600818,0.841679383684421,0.793585584862462,"0",0.4,0.841679383684421,0.472661824838231,0.403846153846154
0.609061623795105,-1.37214531509146,0.305755140951551,0.299281842537221,"0",0.4,0.305755140951551,0.415771955243429,0.403846153846154
1.04460978938535,-0.926678895888295,0.394849393155387,0.446419811642043,"1",0.6,0.446419811642043,0.611651207157384,0.596153846153846
-0.129635352429537,0.344342947144985,0.559177146188823,0.505202580933695,"1",0.4,0.505202580933695,0.45696396381335,0.3625
-2.09347229063891,1.47803788522465,0.719352616094479,0.424988838067791,"0",0.6,0.719352616094479,0.748909162121433,0.6375
0.655509100237358,1.12606377121427,0.732078380427405,0.683711721269412,"1",0.6,0.683711721269412,0.508966501657287,0.596153846153846
2.07198865971104,-1.08632121414935,0.401269778730282,0.523490392012836,"1",0.6,0.523490392012836,0.706761365508274,0.596153846153846
0.980990331904288,0.366565603489543,0.605390296621798,0.611867985625483,"1",0.6,0.611867985625483,0.565176082686046,0.596153846153846
-1.45127182890594,2.44007381973916,0.836016071745848,0.662320179496216,"0",0.6,0.836016071745848,0.723916348065453,0.6375
1.29784979958003,-0.26450116842272,0.55241290785963,0.541218897230935,"0",0.4,0.55241290785963,0.384961597858711,0.403846153846154
-0.00581747030842605,-0.645662709648755,0.442863615448333,0.320617868279706,"1",0.4,0.320617868279706,0.501013868948405,0.3625
-0.859240449326862,0.22524241521927,0.540286578490975,0.39124744529284,"1",0.4,0.39124744529284,0.390624123451451,0.3625
-0.273753040012922,-0.0946820247605482,0.501267666423826,0.402517668792001,"0",0.6,0.501267666423826,0.54306055002132,0.6375
-0.447241184276593,0.1570296288909,0.521857533204263,0.428216439575278,"1",0.4,0.428216439575278,0.432039469191732,0.3625
1.35255785636656,-1.77837736007015,0.275397140464681,0.340658928537183,"1",0.6,0.340658928537183,0.664983255249018,0.596153846153846
-0.441277599971904,-0.176034968907391,0.462744598505776,0.372554018817278,"0",0.6,0.462744598505776,0.556798111538221,0.6375
-0.323161439506431,-1.42661005830954,0.254674292561246,0.204298014437796,"1",0.4,0.204298014437796,0.494962471234815,0.3625
0.771582936975975,0.848918547102805,0.659052590373867,0.672842158668632,"1",0.6,0.672842158668632,0.529315146309487,0.596153846153846
-2.37543462420441,1.22467949806326,0.639724283710139,0.398972048753099,"0",0.6,0.639724283710139,0.763360656072269,0.6375
-0.0246162580692343,-0.114408084806101,0.464921502430582,0.447666685636885,"0",0.6,0.464921502430582,0.517980137661965,0.6375
-1.26081552403859,0.404372592717282,0.579966280758767,0.387015618176635,"0",0.6,0.579966280758767,0.651595290822704,0.6375
-0.994160109926877,-0.0227269766322208,0.475618113781692,0.325041853060919,"1",0.4,0.325041853060919,0.38560267087601,0.3625
-1.81000119048369,-0.278086110934792,0.426878149717705,0.203267324440618,"0",0.6,0.426878149717705,0.680123383575451,0.6375
0.164839907969191,0.326023725742072,0.587269139401925,0.502592533807539,"0",0.4,0.587269139401925,0.513538947944797,0.403846153846154
0.887157025838114,-2.58079132112141,0.109158681181547,0.159466822469978,"1",0.6,0.159466822469978,0.64698347336821,0.596153846153846
0.895894574853735,0.416788507229342,0.630208184585736,0.587697992763242,"1",0.6,0.587697992763242,0.555317489919853,0.596153846153846
-0.402956345319272,-2.02838993202461,0.150844052040854,0.110416949538785,"1",0.4,0.110416949538785,0.506527781829086,0.3625
-1.46468430611887,-0.566495564718854,0.387266125196517,0.169520258099406,"0",0.6,0.387266125196517,0.641303646614339,0.6375
-0.610974570605195,-0.936061185186705,0.321654088875045,0.243822628075332,"0",0.6,0.321654088875045,0.54906793417637,0.6375
0.225291387423193,-0.424949103426019,0.466568857101311,0.378534213280465,"1",0.6,0.378534213280465,0.516649515638425,0.596153846153846
