"V1.1","V1.2","V1.3","V1.4","V2.1","V3.1","V3.2","V3.3","V3.4","V4.1","V5.1","V5.2","V5.3","V5.4","V6.1","V7.1","V7.2","V7.3","V7.4","V8.1","V9.1","V9.2","V9.3","V9.4","V10.1","V11.1","V11.2","V11.3","V11.4","V12.1","V13.1","V13.2","V13.3","V13.4","V14.1","V15.1","V15.2","V15.3","V15.4","V16.1","V17.1","V17.2","V17.3","V17.4","V18.1","V19.1","V19.2","V19.3","V19.4","V20.1","y0","y1","t.1","y","prop_score_t"
"0",1,1,1,"1","0",0,1,1,"1","0",0,0,1,"0","0",1,1,1,"0","1",1,1,1,"1","0",0,1,1,"1","0",0,0,1,"0","0",1,1,1,"1","0",0,0,1,"0","1",1,1,1,"1",0.52818437650852,0.426425876869617,1,0.469201308356772,0.502168050163836
"0",1,1,1,"0","1",1,1,1,"1","1",1,1,1,"1","0",0,1,1,"1","1",1,1,1,"1","1",1,1,1,"1","1",1,1,1,"0","0",1,1,1,"0","0",0,0,1,"0","0",0,0,1,"0",0.343070661363256,0.273095530130528,0,0.444676694162684,0.750607202762152
"0",0,0,1,"1","0",1,1,1,"0","1",1,1,1,"1","0",0,0,1,"1","0",0,1,1,"1","1",1,1,1,"0","1",1,1,1,"0","0",0,1,1,"1","0",0,0,1,"0","1",1,1,1,"1",0.524791920736568,0.646705121986447,1,0.592105290106181,0.884551066297023
"0",0,1,1,"1","1",1,1,1,"0","0",0,1,1,"1","0",0,0,1,"1","1",1,1,1,"1","0",0,1,1,"0","0",0,0,1,"0","1",1,1,1,"1","0",0,0,1,"1","1",1,1,1,"0",0.464372238562723,0.373570056706786,1,0.412121240888351,0.341486829262768
"0",0,1,1,"1","0",0,1,1,"0","0",0,1,1,"1","0",1,1,1,"1","0",0,1,1,"0","1",1,1,1,"0","1",1,1,1,"0","0",0,0,1,"0","0",1,1,1,"1","0",0,0,1,"0",0.624620199599255,0.506304011134107,1,0.3166758797968,0.918107007146039
"0",0,0,1,"0","0",0,1,1,"0","0",0,0,1,"1","0",1,1,1,"1","1",1,1,1,"1","1",1,1,1,"1","0",0,0,1,"0","0",0,0,1,"1","0",0,1,1,"0","0",0,1,1,"0",0.438433053281048,0.575173765811357,0,0.375937599660059,0.65614442370607
"0",0,1,1,"0","1",1,1,1,"0","0",1,1,1,"0","0",0,1,1,"0","0",1,1,1,"0","1",1,1,1,"0","0",0,1,1,"0","1",1,1,1,"0","1",1,1,1,"0","0",1,1,1,"1",0.483868559212658,0.389718928242562,0,0.371200496075139,0.479565801527777
"1",1,1,1,"1","0",0,0,1,"1","1",1,1,1,"0","0",1,1,1,"1","0",0,0,1,"0","0",0,1,1,"0","0",0,0,1,"0","0",0,1,1,"0","1",1,1,1,"0","1",1,1,1,"0",0.535584731640983,0.432555617270335,1,0.352567649619587,0.851400444829386
"1",1,1,1,"1","0",1,1,1,"0","0",1,1,1,"0","0",0,1,1,"0","0",0,1,1,"1","0",0,1,1,"0","0",1,1,1,"1","1",1,1,1,"0","0",1,1,1,"0","0",1,1,1,"0",0.446411983686749,0.358693513899061,0,0.540004616324428,0.601788301599079
"0",1,1,1,"1","0",1,1,1,"1","0",0,0,1,"0","0",0,0,1,"1","0",0,1,1,"0","0",0,1,1,"0","0",1,1,1,"0","0",0,0,1,"0","0",1,1,1,"0","0",0,1,1,"0",0.645810958480633,0.523856391866115,1,0.40417832843899,0.945518177696361
"0",0,0,1,"0","1",1,1,1,"1","0",0,1,1,"0","0",0,0,1,"1","0",0,0,1,"1","0",0,1,1,"0","0",1,1,1,"1","0",0,1,1,"0","0",0,1,1,"1","1",1,1,1,"1",0.578351661771199,0.691068845428825,1,0.853161266206918,0.974346048137495
"0",0,1,1,"1","0",0,0,1,"1","0",0,0,1,"0","1",1,1,1,"0","0",1,1,1,"1","0",0,1,1,"0","1",1,1,1,"0","0",0,0,1,"1","0",0,1,1,"0","0",0,0,1,"1",0.549197504565285,0.443831125359651,1,0.500177760065985,0.43420453639565
"0",0,1,1,"0","0",1,1,1,"0","1",1,1,1,"1","0",0,1,1,"1","0",1,1,1,"0","0",0,1,1,"0","0",1,1,1,"1","0",0,1,1,"1","0",1,1,1,"0","0",0,1,1,"0",0.524779988246881,0.423606009999235,1,0.305420328018379,0.62393410600702
"0",0,1,1,"0","0",0,1,1,"0","1",1,1,1,"0","1",1,1,1,"1","0",0,0,1,"1","0",0,0,1,"1","1",1,1,1,"0","0",1,1,1,"1","0",0,1,1,"1","0",1,1,1,"1",0.458295339288086,0.368536539486587,1,0.357212387613084,0.304717088734967
"0",1,1,1,"0","1",1,1,1,"1","1",1,1,1,"1","0",0,1,1,"1","0",0,1,1,"0","0",1,1,1,"0","0",0,0,1,"1","1",1,1,1,"1","0",0,0,1,"1","1",1,1,1,"0",0.414819548382421,0.332525387697588,1,0.27319462487044,0.684184835637929
"0",0,0,1,"0","1",1,1,1,"1","1",1,1,1,"0","0",0,0,1,"0","1",1,1,1,"0","0",0,0,1,"0","1",1,1,1,"1","0",1,1,1,"0","0",0,1,1,"1","0",1,1,1,"1",0.135522996055221,0.324272291175907,0,0.276776482142072,0.983725538603099
"0",0,1,1,"1","0",1,1,1,"0","1",1,1,1,"0","0",0,0,1,"1","1",1,1,1,"0","0",1,1,1,"1","0",0,0,1,"0","0",0,1,1,"0","0",0,1,1,"1","0",0,0,1,"0",0.42130310667737,0.33789574202648,1,0.195783873768669,0.242536227181275
"1",1,1,1,"0","0",0,1,1,"1","1",1,1,1,"0","0",0,1,1,"0","0",0,1,1,"0","0",0,0,1,"0","0",0,0,1,"0","0",0,0,1,"0","0",0,0,1,"1","1",1,1,1,"1",0.357339520087744,0.28491447641487,1,0.156817717290566,0.330761387187099
"0",0,0,1,"0","1",1,1,1,"0","0",0,0,1,"1","0",0,1,1,"0","0",0,0,1,"0","0",0,0,1,"1","0",1,1,1,"0","0",1,1,1,"1","0",0,0,1,"1","0",0,1,1,"0",0.685683192569222,0.556882704763935,1,0.635092782459979,0.946965535548704
"0",1,1,1,"1","0",0,0,1,"1","0",0,1,1,"1","0",1,1,1,"1","0",0,1,1,"1","1",1,1,1,"0","1",1,1,1,"0","0",1,1,1,"1","1",1,1,1,"0","1",1,1,1,"0",0.588154196130048,0.476099091138121,1,0.505580767566448,0.833693485472285
"1",1,1,1,"0","0",0,1,1,"0","0",0,1,1,"1","1",1,1,1,"1","1",1,1,1,"0","0",0,0,1,"1","0",1,1,1,"0","0",0,0,1,"1","0",1,1,1,"1","0",0,0,1,"1",0.338125421439714,0.26899937036414,0,0.328142631164374,0.936254854807964
"0",1,1,1,"0","1",1,1,1,"0","1",1,1,1,"1","0",0,1,1,"0","0",0,0,1,"1","0",0,0,1,"0","0",1,1,1,"1","1",1,1,1,"1","0",0,1,1,"0","0",0,1,1,"1",0.394130477671872,0.315388557056656,1,0.205459713040888,0.267158948055606
"1",1,1,1,"0","0",0,0,1,"0","0",0,1,1,"1","0",1,1,1,"1","0",0,0,1,"0","0",0,0,1,"1","0",0,1,1,"0","1",1,1,1,"0","0",1,1,1,"1","0",0,1,1,"1",0.606612623662601,0.491388272124002,0,0.675191395610594,0.0512654280719441
"1",1,1,1,"0","1",1,1,1,"0","0",0,1,1,"0","0",0,0,1,"0","0",1,1,1,"1","0",1,1,1,"1","0",0,1,1,"1","0",0,0,1,"1","0",0,0,1,"0","0",0,1,1,"0",0.564500623857389,0.456506753340034,1,0.264186428424421,0.767218831845512
"0",1,1,1,"0","0",1,1,1,"0","0",1,1,1,"0","0",0,0,1,"0","1",1,1,1,"1","0",0,0,1,"1","0",0,1,1,"1","1",1,1,1,"0","0",1,1,1,"0","0",0,0,1,"0",0.479746516987494,0.386304626049114,1,0.292680890728457,0.334316082057271
"1",1,1,1,"1","0",0,1,1,"0","0",0,0,1,"1","0",0,1,1,"1","0",1,1,1,"1","1",1,1,1,"0","1",1,1,1,"0","0",1,1,1,"0","0",1,1,1,"0","1",1,1,1,"1",0.543479088500463,0.439094541053462,1,0.445214226902197,0.851187326371987
"0",0,0,1,"0","1",1,1,1,"0","1",1,1,1,"1","0",0,0,1,"1","0",0,0,1,"0","0",0,0,1,"0","0",0,0,1,"1","0",0,1,1,"1","0",0,1,1,"0","1",1,1,1,"1",0.580097280627271,0.469425519454257,1,0.450127973907076,0.819531713885621
"0",0,1,1,"1","0",0,1,1,"1","0",1,1,1,"0","0",0,0,1,"1","1",1,1,1,"0","0",1,1,1,"1","1",1,1,1,"1","0",0,0,1,"1","0",0,0,1,"1","0",1,1,1,"0",0.533246227121331,0.430618625683473,1,0.404989280021978,0.673669993867804
"1",1,1,1,"1","1",1,1,1,"0","1",1,1,1,"0","0",1,1,1,"0","0",1,1,1,"0","0",0,0,1,"0","0",0,0,1,"1","0",0,1,1,"0","0",0,1,1,"0","0",0,0,1,"0",0.132612151120101,0.098771999729487,0,0.123981250830889,0.988421847254726
"0",0,0,1,"1","0",0,0,1,"0","0",0,0,1,"1","0",1,1,1,"1","1",1,1,1,"0","1",1,1,1,"0","1",1,1,1,"0","0",0,0,1,"1","0",1,1,1,"1","0",0,1,1,"1",0.550123469762457,0.667687333879983,1,0.847822159617045,0.850175280800212
"0",0,1,1,"1","0",0,0,1,"1","0",0,0,1,"1","0",1,1,1,"0","0",0,1,1,"1","0",1,1,1,"1","1",1,1,1,"0","0",0,0,1,"0","1",1,1,1,"1","0",1,1,1,"1",0.687670148471235,0.558528507384081,1,0.432424593648114,0.900807514759004
"0",1,1,1,"1","1",1,1,1,"1","0",1,1,1,"1","1",1,1,1,"0","0",0,0,1,"0","0",0,0,1,"1","0",1,1,1,"0","0",0,0,1,"0","1",1,1,1,"1","0",0,1,1,"1",0.403404485742758,0.323070250830963,0,0.485522584344896,0.752598024585539
"0",0,0,1,"1","0",1,1,1,"1","0",1,1,1,"1","0",0,0,1,"1","1",1,1,1,"1","1",1,1,1,"1","0",0,0,1,"1","0",0,1,1,"0","0",1,1,1,"1","0",1,1,1,"0",0.568411489262067,0.459746137024158,1,0.442505391031089,0.749484218043221
"0",0,0,1,"0","0",1,1,1,"0","0",0,1,1,"0","1",1,1,1,"1","0",1,1,1,"1","0",0,0,1,"1","1",1,1,1,"0","1",1,1,1,"1","0",1,1,1,"0","1",1,1,1,"0",0.567302329574644,0.45882741612156,1,0.475424520538111,0.409164355310756
"0",0,0,1,"1","1",1,1,1,"0","0",0,1,1,"0","0",0,0,1,"0","1",1,1,1,"0","1",1,1,1,"1","1",1,1,1,"0","1",1,1,1,"0","0",0,0,1,"0","0",1,1,1,"0",0.551472271870381,0.44571532318566,1,0.489468942237743,0.762815616368913
"0",0,0,1,"1","1",1,1,1,"1","0",1,1,1,"0","0",1,1,1,"0","0",0,0,1,"0","1",1,1,1,"0","0",0,0,1,"0","0",1,1,1,"0","0",0,1,1,"1","1",1,1,1,"1",0.487614546813524,0.392821743057068,1,0.417645301527749,0.716596151575271
"0",0,1,1,"1","0",0,1,1,"0","0",0,1,1,"0","0",1,1,1,"1","0",0,0,1,"0","1",1,1,1,"1","0",0,1,1,"0","1",1,1,1,"1","0",1,1,1,"0","0",1,1,1,"0",0.639843455657588,0.518913488114732,1,0.689795982442303,0.925283588236128
"0",1,1,1,"1","0",0,0,1,"1","0",1,1,1,"1","0",1,1,1,"1","1",1,1,1,"1","0",0,0,1,"1","1",1,1,1,"0","0",1,1,1,"0","0",1,1,1,"1","0",0,1,1,"1",0.519388309005635,0.419140062962747,0,0.454302518346818,0.441099139761771
"0",1,1,1,"0","0",0,1,1,"1","0",0,1,1,"1","1",1,1,1,"1","0",0,0,1,"1","0",0,0,1,"0","1",1,1,1,"1","1",1,1,1,"0","0",0,0,1,"1","0",0,0,1,"1",0.487778826765363,0.392957816723776,1,0.311282932152871,0.722268337736349
"0",1,1,1,"1","0",0,1,1,"1","1",1,1,1,"1","0",1,1,1,"0","0",0,0,1,"0","0",0,0,1,"1","0",1,1,1,"1","0",0,0,1,"0","0",0,1,1,"1","1",1,1,1,"1",0.494532707569053,0.398552080145326,0,0.435226434988017,0.230696307894985
"1",1,1,1,"1","1",1,1,1,"1","0",0,0,1,"0","0",0,1,1,"0","1",1,1,1,"1","0",1,1,1,"0","1",1,1,1,"0","0",0,0,1,"1","0",0,0,1,"0","0",0,1,1,"1",0.348961128753618,0.277974625159823,0,0.293035941963073,0.875344135830552
"0",1,1,1,"0","0",1,1,1,"0","0",0,1,1,"0","1",1,1,1,"1","0",0,1,1,"1","0",0,1,1,"1","1",1,1,1,"0","1",1,1,1,"1","0",1,1,1,"0","0",0,0,1,"0",0.462402879704426,0.371938829780357,1,0.423578089127738,0.276209254877091
"1",1,1,1,"1","0",0,1,1,"0","0",1,1,1,"1","0",0,0,1,"1","0",1,1,1,"1","1",1,1,1,"1","0",1,1,1,"0","0",0,0,1,"1","1",1,1,1,"1","0",0,1,1,"1",0.514743713014078,0.41529292763142,0,0.5682427667422,0.352539928759682
"0",0,0,1,"1","1",1,1,1,"1","0",1,1,1,"0","0",1,1,1,"0","0",0,1,1,"0","0",0,0,1,"1","0",0,0,1,"0","1",1,1,1,"0","0",1,1,1,"1","0",0,0,1,"0",0.373599736359269,0.521472099481228,0,0.48414185623685,0.471535060076009
"0",0,0,1,"1","0",0,0,1,"1","0",0,1,1,"1","0",1,1,1,"0","1",1,1,1,"0","0",1,1,1,"0","0",0,1,1,"0","1",1,1,1,"0","0",0,1,1,"1","1",1,1,1,"1",0.388229979151006,0.533590381470079,0,0.409171004238063,0.483881710966867
"1",1,1,1,"0","0",1,1,1,"0","1",1,1,1,"0","0",0,1,1,"0","0",0,1,1,"0","0",0,0,1,"0","0",0,0,1,"0","1",1,1,1,"0","0",0,1,1,"1","1",1,1,1,"1",0.366603114132902,0.292587544214733,0,0.257138817331787,0.77922823885913
"0",1,1,1,"1","0",0,1,1,"1","0",0,0,1,"0","0",0,1,1,"1","0",0,1,1,"1","1",1,1,1,"0","0",0,1,1,"1","0",1,1,1,"0","0",0,1,1,"1","0",0,1,1,"0",0.630737305025941,0.511370831252634,1,0.654697102326176,0.94903810753098
"0",1,1,1,"0","0",0,0,1,"1","0",1,1,1,"0","1",1,1,1,"0","0",0,1,1,"1","1",1,1,1,"0","0",0,0,1,"0","0",1,1,1,"0","0",1,1,1,"0","0",1,1,1,"0",0.441717888222248,0.354805377978751,1,0.530641781690269,0.334152418413697
"0",0,0,1,"0","0",0,0,1,"1","0",1,1,1,"0","0",0,0,1,"1","1",1,1,1,"1","0",1,1,1,"1","0",1,1,1,"0","0",0,1,1,"0","1",1,1,1,"1","0",0,0,1,"0",0.606090980058413,0.490956192876705,0,0.528145936774595,0.264618888801955
"0",1,1,1,"1","0",0,0,1,"1","0",1,1,1,"1","0",0,1,1,"0","1",1,1,1,"0","0",0,1,1,"0","1",1,1,1,"1","0",0,0,1,"1","0",1,1,1,"1","0",0,0,1,"0",0.516556858409955,0.416794762392935,1,0.505548666675795,0.548606102969174
"0",0,1,1,"1","1",1,1,1,"1","1",1,1,1,"0","0",1,1,1,"1","1",1,1,1,"0","1",1,1,1,"1","1",1,1,1,"0","1",1,1,1,"1","1",1,1,1,"0","0",1,1,1,"1",0.330627016626761,0.26278841506535,0,0.244294525016626,0.826017310179595
"0",1,1,1,"0","0",0,0,1,"1","0",0,0,1,"0","0",1,1,1,"0","0",1,1,1,"0","1",1,1,1,"0","0",0,1,1,"1","0",1,1,1,"0","0",0,1,1,"0","0",1,1,1,"1",0.560815428450801,0.45345429291564,1,0.453856238196484,0.782487727433885
"0",1,1,1,"1","1",1,1,1,"1","1",1,1,1,"1","1",1,1,1,"0","1",1,1,1,"0","0",0,1,1,"0","1",1,1,1,"0","0",0,0,1,"0","0",0,0,1,"0","1",1,1,1,"1",0.231511608112092,0.180690770691378,0,0.227463804782318,0.980369256007645
"0",0,0,1,"0","0",1,1,1,"0","0",0,0,1,"1","0",1,1,1,"0","0",1,1,1,"1","0",1,1,1,"1","0",0,1,1,"1","0",0,0,1,"1","0",1,1,1,"0","0",0,1,1,"1",0.403814322346513,0.546498948206978,0,0.475718126340432,0.696620212676735
"0",1,1,1,"1","1",1,1,1,"1","0",0,1,1,"1","0",0,1,1,"0","0",1,1,1,"0","0",0,1,1,"1","0",1,1,1,"1","0",0,0,1,"0","0",0,0,1,"0","0",0,0,1,"1",0.447870437968522,0.359901556752893,1,0.170113829529214,0.532407196109403
"0",0,0,1,"1","1",1,1,1,"1","0",0,0,1,"0","0",0,0,1,"0","0",0,0,1,"0","1",1,1,1,"1","0",1,1,1,"0","1",1,1,1,"0","0",1,1,1,"0","1",1,1,1,"1",0.514117162665703,0.63786318201956,1,0.651537638731628,0.942829882641261
"1",1,1,1,"1","0",0,1,1,"0","0",0,1,1,"0","0",0,1,1,"0","1",1,1,1,"1","0",1,1,1,"1","0",0,0,1,"0","0",0,0,1,"0","0",1,1,1,"0","1",1,1,1,"0",0.318158335082817,0.252460561923772,0,0.43706606872057,0.979302982218391
"0",0,1,1,"0","0",0,0,1,"0","0",1,1,1,"1","0",0,0,1,"0","1",1,1,1,"0","1",1,1,1,"1","0",1,1,1,"1","0",1,1,1,"1","0",0,1,1,"1","1",1,1,1,"0",0.644000322302685,0.522356635498709,1,0.425656063265652,0.836767715103304
"0",0,1,1,"1","0",0,0,1,"0","0",0,1,1,"0","0",0,0,1,"0","1",1,1,1,"0","0",0,1,1,"1","0",0,0,1,"1","0",0,0,1,"1","0",1,1,1,"1","0",0,0,1,"0",0.587200176504296,0.475308873298791,1,0.617470023730852,0.638891740112038
"0",0,1,1,"1","1",1,1,1,"1","0",1,1,1,"0","0",0,1,1,"1","1",1,1,1,"0","0",1,1,1,"0","1",1,1,1,"0","0",0,1,1,"1","0",1,1,1,"0","0",0,1,1,"1",0.433499408314522,0.347997981925299,1,0.29900418094994,0.350173522972051
"0",0,1,1,"0","0",0,0,1,"0","0",0,0,1,"0","0",0,0,1,"1","0",0,1,1,"0","1",1,1,1,"0","1",1,1,1,"0","0",0,1,1,"0","0",0,1,1,"1","1",1,1,1,"1",0.741073193741047,0.602762439168756,1,0.554912874420239,0.974281377443413
"0",1,1,1,"1","1",1,1,1,"1","0",0,1,1,"1","0",0,0,1,"0","1",1,1,1,"0","0",1,1,1,"1","0",0,0,1,"0","0",0,1,1,"0","0",0,0,1,"1","1",1,1,1,"0",0.441378295141728,0.354524091825829,1,0.147481262085746,0.609889057426183
"0",1,1,1,"1","1",1,1,1,"0","1",1,1,1,"1","0",0,0,1,"0","1",1,1,1,"1","0",0,1,1,"0","0",1,1,1,"0","0",0,1,1,"0","0",0,1,1,"0","1",1,1,1,"1",0.390521456813033,0.312399192280307,0,0.231263826915987,0.861998445021647
"1",1,1,1,"0","0",0,1,1,"0","0",1,1,1,"0","0",0,1,1,"0","0",1,1,1,"1","0",1,1,1,"0","0",1,1,1,"1","0",0,1,1,"0","0",1,1,1,"1","1",1,1,1,"0",0.406903503938302,0.325968500011193,0,0.371423191697154,0.779000258229222
"1",1,1,1,"0","1",1,1,1,"0","0",0,0,1,"0","0",0,0,1,"1","0",1,1,1,"1","0",0,1,1,"0","0",0,0,1,"0","0",1,1,1,"1","0",1,1,1,"1","1",1,1,1,"0",0.53240884738503,0.429925021078225,0,0.643608913917606,0.293219563939304
"0",0,1,1,"0","0",1,1,1,"1","1",1,1,1,"1","1",1,1,1,"0","0",0,1,1,"1","1",1,1,1,"0","0",0,1,1,"1","0",0,0,1,"0","0",0,1,1,"1","0",0,0,1,"0",0.423278254177369,0.33953176370536,0,0.337472270370898,0.608007672970922
"0",0,1,1,"1","0",1,1,1,"1","0",0,1,1,"1","1",1,1,1,"1","0",1,1,1,"0","0",0,0,1,"1","0",1,1,1,"0","0",0,1,1,"0","0",0,0,1,"1","0",0,1,1,"0",0.488616577560894,0.3936517286787,1,0.374470922806916,0.613307764517371
"0",0,1,1,"1","1",1,1,1,"0","0",1,1,1,"0","0",1,1,1,"0","0",0,1,1,"0","0",1,1,1,"0","0",0,0,1,"0","0",0,0,1,"0","0",0,0,1,"0","0",0,0,1,"1",0.397362442667896,0.318065605124651,0,0.574151675699348,0.739546470415674
"0",0,0,1,"0","0",0,0,1,"1","1",1,1,1,"0","0",0,0,1,"1","0",0,1,1,"1","0",0,1,1,"1","0",0,0,1,"0","1",1,1,1,"0","0",0,1,1,"1","0",0,0,1,"1",0.682929561210005,0.554601862143662,1,0.381428935218371,0.942660532406344
"0",0,0,1,"1","0",0,1,1,"0","1",1,1,1,"1","0",0,0,1,"1","0",0,1,1,"1","1",1,1,1,"1","1",1,1,1,"1","0",0,0,1,"0","0",0,0,1,"0","0",1,1,1,"1",0.550147218224134,0.667707004815012,1,0.630994173087728,0.934333227108075
"0",1,1,1,"1","0",0,1,1,"0","0",0,1,1,"0","1",1,1,1,"0","1",1,1,1,"1","0",1,1,1,"1","0",0,0,1,"0","0",0,0,1,"0","1",1,1,1,"0","0",0,1,1,"1",0.292972483981701,0.231599032138026,0,0.367831147312618,0.986623802529906
"1",1,1,1,"1","0",1,1,1,"0","0",1,1,1,"0","0",0,1,1,"0","0",0,0,1,"1","0",0,1,1,"1","1",1,1,1,"1","0",0,0,1,"1","0",0,1,1,"1","1",1,1,1,"0",0.422601419567811,0.338971139197948,0,0.255666602083866,0.556725525941349
"0",0,0,1,"1","0",0,1,1,"0","1",1,1,1,"1","1",1,1,1,"1","0",1,1,1,"0","0",0,1,1,"0","0",0,0,1,"0","1",1,1,1,"1","0",0,0,1,"1","0",1,1,1,"1",0.341884039379586,0.495201875196924,0,0.333824742763151,0.554395441591055
"1",1,1,1,"1","0",0,0,1,"0","0",1,1,1,"0","0",1,1,1,"1","0",0,1,1,"1","0",1,1,1,"1","0",0,0,1,"0","0",0,1,1,"1","0",1,1,1,"1","0",1,1,1,"1",0.557105663841479,0.45038148173349,1,0.427388994878186,0.706569129285908
"1",1,1,1,"0","0",1,1,1,"0","0",1,1,1,"0","0",0,1,1,"0","1",1,1,1,"0","0",0,0,1,"0","1",1,1,1,"0","0",0,0,1,"0","0",0,1,1,"0","0",0,0,1,"1",0.356110407718722,0.283896398280705,0,0.278818871645977,0.910651391307016
"0",0,0,1,"1","0",0,1,1,"0","0",0,0,1,"0","1",1,1,1,"1","0",0,0,1,"1","1",1,1,1,"1","1",1,1,1,"1","0",1,1,1,"0","1",1,1,1,"1","1",1,1,1,"1",0.556395785351707,0.672882715126598,1,0.76725769309036,0.923663357106677
"0",1,1,1,"0","0",1,1,1,"0","1",1,1,1,"0","1",1,1,1,"1","0",0,1,1,"1","0",0,0,1,"1","0",0,0,1,"0","0",1,1,1,"1","0",1,1,1,"0","0",1,1,1,"1",0.344751186030868,0.274487514672497,0,0.218229107034453,0.926894688844782
"1",1,1,1,"1","0",0,0,1,"0","0",0,0,1,"0","1",1,1,1,"0","0",1,1,1,"1","1",1,1,1,"0","0",1,1,1,"1","0",0,0,1,"0","0",0,1,1,"1","1",1,1,1,"1",0.472887937732166,0.380623640528773,0,0.511410321382386,0.570922416638098
"0",0,1,1,"0","0",0,1,1,"0","0",1,1,1,"0","0",0,0,1,"0","0",1,1,1,"1","0",0,0,1,"0","0",1,1,1,"1","0",0,1,1,"1","0",0,0,1,"1","0",1,1,1,"1",0.503472392653617,0.405956853004424,0,0.575908621016273,0.644208341493813
"0",1,1,1,"1","0",0,1,1,"0","0",1,1,1,"0","0",0,0,1,"0","0",0,1,1,"1","1",1,1,1,"1","0",0,1,1,"0","1",1,1,1,"0","1",1,1,1,"1","0",1,1,1,"0",0.575194756632623,0.465364741443258,1,0.360153219451898,0.737039894551618
"0",0,1,1,"1","0",0,1,1,"1","1",1,1,1,"1","0",0,0,1,"1","1",1,1,1,"1","0",0,0,1,"0","0",1,1,1,"1","1",1,1,1,"0","0",0,1,1,"1","0",1,1,1,"0",0.425521434986959,0.341389798325123,0,0.40291671095799,0.738349672846011
"0",0,1,1,"1","0",0,1,1,"0","0",0,0,1,"0","0",0,1,1,"0","0",0,1,1,"1","0",0,1,1,"0","0",0,0,1,"0","0",1,1,1,"1","0",0,0,1,"0","0",1,1,1,"1",0.678747555749369,0.551137892189621,1,0.602840658206533,0.88547023588831
"0",1,1,1,"0","0",0,1,1,"0","0",1,1,1,"1","0",1,1,1,"1","1",1,1,1,"0","0",0,1,1,"0","1",1,1,1,"0","0",1,1,1,"0","0",0,1,1,"0","0",0,1,1,"1",0.387222612606202,0.309666747924822,1,0.33145920095636,0.15489556407212
"0",0,1,1,"1","1",1,1,1,"0","0",0,0,1,"1","0",0,0,1,"0","0",0,1,1,"1","1",1,1,1,"0","1",1,1,1,"0","0",1,1,1,"1","0",0,0,1,"1","0",0,1,1,"1",0.620531752034596,0.502917535517096,1,0.620637147225991,0.907628617776599
"0",1,1,1,"0","0",0,0,1,"0","0",0,1,1,"0","1",1,1,1,"0","0",1,1,1,"0","0",1,1,1,"0","0",0,0,1,"0","0",1,1,1,"1","1",1,1,1,"0","0",0,0,1,"1",0.473012590917163,0.380726891203974,1,0.422360021953372,0.308182270709817
"0",0,1,1,"1","0",0,0,1,"1","0",0,0,1,"1","1",1,1,1,"1","0",0,1,1,"1","0",0,0,1,"0","0",1,1,1,"0","0",1,1,1,"1","0",1,1,1,"0","0",0,0,1,"0",0.644488754273736,0.522761205432498,1,0.54136457951793,0.845879341896612
"0",0,0,1,"1","1",1,1,1,"0","0",0,0,1,"1","0",0,0,1,"1","0",0,1,1,"0","0",0,0,1,"0","0",0,1,1,"1","1",1,1,1,"1","1",1,1,1,"0","0",1,1,1,"1",0.505915704588141,0.631069885208398,0,0.549873427986564,0.0923369148912159
"0",0,1,1,"0","0",0,1,1,"0","1",1,1,1,"1","0",1,1,1,"1","0",1,1,1,"0","0",0,1,1,"0","0",0,1,1,"1","0",0,0,1,"0","0",0,1,1,"0","1",1,1,1,"1",0.417683473926645,0.334897587382448,0,0.398109410347309,0.756262319944287
"0",1,1,1,"0","0",0,1,1,"0","0",0,1,1,"0","0",0,0,1,"0","0",1,1,1,"1","0",0,0,1,"0","0",0,1,1,"0","0",1,1,1,"1","1",1,1,1,"1","0",0,1,1,"0",0.549960057105089,0.444462750332675,1,0.311307166069705,0.496361977820691
"0",0,0,1,"1","0",1,1,1,"1","0",1,1,1,"0","0",0,1,1,"1","0",0,0,1,"0","0",0,0,1,"0","0",0,0,1,"1","0",0,0,1,"1","0",0,1,1,"0","0",0,0,1,"1",0.517517476506441,0.640679674032662,0,0.387531036987654,0.0714414909928381
"0",0,0,1,"0","0",0,0,1,"1","1",1,1,1,"1","1",1,1,1,"0","0",0,0,1,"0","0",1,1,1,"1","0",1,1,1,"1","0",0,0,1,"1","1",1,1,1,"0","0",0,0,1,"1",0.478368433558865,0.385163154657969,1,0.27198874131576,0.351911284972154
"0",0,1,1,"1","0",1,1,1,"0","0",1,1,1,"0","0",1,1,1,"0","0",0,0,1,"0","0",1,1,1,"0","0",1,1,1,"1","1",1,1,1,"1","0",0,1,1,"0","0",1,1,1,"0",0.51654260770054,0.416782958479788,1,0.468912103178777,0.693160717933853
"0",0,1,1,"1","0",1,1,1,"1","0",1,1,1,"0","1",1,1,1,"0","1",1,1,1,"0","0",0,1,1,"1","0",0,1,1,"0","0",0,0,1,"1","0",0,0,1,"1","0",1,1,1,"0",0.234058706957226,0.182800541697792,0,0.308150421449771,0.98934812501475
"0",1,1,1,"1","1",1,1,1,"1","0",0,1,1,"0","0",0,0,1,"0","0",0,0,1,"0","0",1,1,1,"1","0",0,0,1,"1","1",1,1,1,"1","0",0,0,1,"0","0",1,1,1,"1",0.634180073835244,0.514222488866759,1,0.469668544072572,0.982804008130427
"0",0,0,1,"1","1",1,1,1,"1","1",1,1,1,"0","1",1,1,1,"0","0",1,1,1,"1","0",0,0,1,"0","1",1,1,1,"0","1",1,1,1,"1","0",0,1,1,"0","0",1,1,1,"1",0.228018273330265,0.400886457366573,0,0.266261129395745,0.9382609233288
"0",1,1,1,"0","1",1,1,1,"0","0",0,1,1,"1","0",0,1,1,"0","0",0,1,1,"1","0",1,1,1,"0","0",0,1,1,"1","1",1,1,1,"0","0",0,1,1,"0","0",1,1,1,"1",0.435104839232018,0.349327766047734,1,0.32504120026902,0.544068112192542
"0",0,0,1,"0","0",0,0,1,"1","1",1,1,1,"1","0",1,1,1,"0","0",1,1,1,"1","0",1,1,1,"0","0",1,1,1,"1","0",1,1,1,"1","0",1,1,1,"1","0",0,0,1,"1",0.463515504480846,0.595949649092147,1,0.605927359881918,0.648521189162066
"0",0,0,1,"1","0",0,1,1,"0","0",1,1,1,"0","1",1,1,1,"0","1",1,1,1,"1","0",1,1,1,"1","0",0,1,1,"0","0",0,1,1,"0","0",0,1,1,"1","0",1,1,1,"1",0.352060748097584,0.503631279118556,0,0.394203432729846,0.842904141786055
"0",1,1,1,"1","0",1,1,1,"1","0",0,0,1,"0","1",1,1,1,"0","0",0,0,1,"1","0",0,0,1,"1","0",0,1,1,"0","0",0,0,1,"0","1",1,1,1,"1","0",0,1,1,"0",0.523392406343603,0.422456670987852,1,0.712595533534711,0.536791760655471
"1",1,1,1,"0","1",1,1,1,"1","0",0,0,1,"1","0",1,1,1,"1","0",0,1,1,"0","1",1,1,1,"1","0",0,0,1,"0","0",0,0,1,"0","0",0,0,1,"1","0",0,0,1,"0",0.543992702066882,0.439519968991997,1,0.422580129595732,0.947464112426898
"1",1,1,1,"0","0",0,0,1,"1","0",1,1,1,"1","0",0,1,1,"0","0",0,1,1,"0","0",0,1,1,"1","1",1,1,1,"1","0",0,0,1,"1","0",1,1,1,"0","0",1,1,1,"1",0.498448343874153,0.401795415583189,1,0.460407786662376,0.646838015668796
"0",0,1,1,"0","0",1,1,1,"1","0",0,0,1,"1","1",1,1,1,"0","0",0,1,1,"0","0",0,1,1,"0","0",0,1,1,"1","1",1,1,1,"1","0",1,1,1,"0","0",0,1,1,"0",0.547265554439518,0.442230884219041,1,0.616869266747817,0.792792906093602
"0",1,1,1,"0","0",1,1,1,"0","0",0,0,1,"1","0",0,1,1,"1","0",1,1,1,"0","0",0,0,1,"0","1",1,1,1,"1","0",1,1,1,"1","0",0,1,1,"1","0",1,1,1,"1",0.516009787702649,0.416341621785951,1,0.356485237883033,0.635590263983548
"0",1,1,1,"0","0",0,0,1,"1","1",1,1,1,"1","0",0,0,1,"1","0",1,1,1,"0","0",0,1,1,"1","0",1,1,1,"0","0",1,1,1,"1","0",1,1,1,"1","0",0,1,1,"1",0.559977169584592,0.452759960123972,1,0.701414160625904,0.856143396297124
"1",1,1,1,"1","0",0,1,1,"0","0",0,1,1,"1","1",1,1,1,"0","0",0,0,1,"1","0",0,0,1,"1","0",1,1,1,"0","0",0,1,1,"0","1",1,1,1,"0","0",0,0,1,"1",0.411402197612422,0.32969478393556,0,0.36249638123864,0.812314076615564
"0",1,1,1,"1","0",0,0,1,"0","0",1,1,1,"1","0",0,0,1,"0","0",0,0,1,"0","0",1,1,1,"1","1",1,1,1,"0","0",1,1,1,"1","0",1,1,1,"1","0",1,1,1,"0",0.630678577794298,0.511322187278395,1,0.574020971800208,0.885992352147389
"1",1,1,1,"0","0",0,0,1,"0","0",0,1,1,"0","0",0,0,1,"0","0",1,1,1,"0","1",1,1,1,"1","0",0,1,1,"1","0",0,1,1,"1","1",1,1,1,"1","0",0,1,1,"1",0.581363118983862,0.47047401785417,1,0.59632342978882,0.832712345822874
"1",1,1,1,"1","0",1,1,1,"0","1",1,1,1,"0","0",0,1,1,"0","0",1,1,1,"1","0",1,1,1,"1","0",1,1,1,"0","0",0,1,1,"0","0",1,1,1,"0","0",1,1,1,"1",0.329194931847558,0.261602214164014,0,0.221721450994838,0.888149813184009
"0",1,1,1,"1","0",1,1,1,"0","0",0,0,1,"0","0",1,1,1,"0","0",0,1,1,"0","1",1,1,1,"1","1",1,1,1,"0","0",1,1,1,"1","0",0,1,1,"0","0",0,0,1,"0",0.594837161482554,0.481634615039962,1,0.630998207558805,0.866263893451977
"0",0,0,1,"0","0",0,1,1,"0","0",0,1,1,"0","0",0,1,1,"1","0",0,0,1,"0","1",1,1,1,"1","0",1,1,1,"0","0",1,1,1,"1","1",1,1,1,"0","0",0,1,1,"0",0.746364246245772,0.607145036722522,1,0.531430848703218,0.97664743483769
"0",1,1,1,"0","1",1,1,1,"0","0",0,0,1,"0","1",1,1,1,"1","0",0,0,1,"0","0",0,1,1,"1","0",0,0,1,"1","0",0,0,1,"0","0",0,1,1,"0","0",0,1,1,"1",0.531439667798783,0.429122246189854,1,0.517019826853386,0.826825545578689
"0",0,1,1,"0","1",1,1,1,"1","0",1,1,1,"0","0",1,1,1,"1","0",1,1,1,"1","0",0,1,1,"1","0",0,0,1,"1","1",1,1,1,"0","1",1,1,1,"0","0",0,0,1,"1",0.446529617269972,0.358790950213219,1,0.493088985141076,0.433199119737217
"1",1,1,1,"0","0",1,1,1,"0","0",1,1,1,"1","0",0,1,1,"0","1",1,1,1,"0","0",0,0,1,"1","0",0,0,1,"0","0",0,1,1,"0","0",1,1,1,"1","0",0,0,1,"1",0.246245356672094,0.192894786875154,0,0.369807842837357,0.971683907625766
"0",1,1,1,"1","0",0,0,1,"0","0",1,1,1,"0","0",0,1,1,"1","1",1,1,1,"1","0",1,1,1,"1","1",1,1,1,"1","0",0,1,1,"1","0",1,1,1,"1","0",0,0,1,"1",0.541540053873325,0.437488431795242,0,0.587903690012406,0.534952580020205
"0",0,1,1,"0","0",0,0,1,"0","1",1,1,1,"0","1",1,1,1,"0","0",1,1,1,"1","0",0,0,1,"0","0",0,1,1,"0","0",0,0,1,"0","1",1,1,1,"1","1",1,1,1,"1",0.440344745818497,0.353667999256035,0,0.360499114583265,0.91513278892782
"0",0,1,1,"0","0",1,1,1,"1","1",1,1,1,"1","0",1,1,1,"1","1",1,1,1,"1","0",1,1,1,"0","0",0,1,1,"0","1",1,1,1,"1","0",0,1,1,"1","0",1,1,1,"0",0.445777015234804,0.358167567278474,0,0.525785161820529,0.564654845058545
"0",0,1,1,"0","0",0,1,1,"0","0",0,0,1,"0","0",0,1,1,"0","1",1,1,1,"1","1",1,1,1,"1","0",0,0,1,"1","0",0,0,1,"0","0",0,0,1,"1","0",1,1,1,"0",0.526378561535569,0.424930113923409,0,0.497152451741236,0.605802693720566
"0",1,1,1,"1","0",1,1,1,"1","0",0,1,1,"0","0",0,1,1,"0","0",1,1,1,"1","0",0,1,1,"1","1",1,1,1,"1","0",0,1,1,"1","1",1,1,1,"1","0",0,1,1,"1",0.461092134453742,0.370853134840809,0,0.627933616907829,0.623430556272163
"1",1,1,1,"1","0",0,1,1,"0","0",0,1,1,"0","0",0,1,1,"1","0",1,1,1,"0","0",1,1,1,"0","0",1,1,1,"0","0",1,1,1,"0","0",0,1,1,"1","0",1,1,1,"0",0.544763881031003,0.440158739262875,1,0.416586396992344,0.815067367408961
"1",1,1,1,"1","0",0,1,1,"1","0",0,1,1,"0","0",1,1,1,"0","0",1,1,1,"1","1",1,1,1,"0","0",1,1,1,"1","0",1,1,1,"0","0",0,1,1,"0","0",0,1,1,"0",0.447918130164429,0.359941060367897,1,0.312470374676881,0.566896908447245
"0",0,1,1,"1","0",1,1,1,"0","0",1,1,1,"1","0",1,1,1,"1","1",1,1,1,"0","0",0,0,1,"0","1",1,1,1,"1","0",0,1,1,"1","1",1,1,1,"1","0",1,1,1,"1",0.402591562804583,0.322396903878335,0,0.37901831400426,0.851386790476243
"1",1,1,1,"1","0",0,1,1,"0","0",1,1,1,"0","0",0,1,1,"1","0",0,1,1,"1","0",0,0,1,"1","1",1,1,1,"0","1",1,1,1,"1","0",0,0,1,"0","1",1,1,1,"1",0.499327654620654,0.402523751792889,0,0.615834270515609,0.459187115400703
"0",1,1,1,"1","1",1,1,1,"1","0",1,1,1,"1","0",0,1,1,"1","0",0,1,1,"0","1",1,1,1,"0","0",0,0,1,"0","1",1,1,1,"0","0",0,1,1,"1","0",1,1,1,"1",0.45370957567563,0.364738135223513,1,0.382885433065768,0.798990593325218
"0",1,1,1,"0","0",1,1,1,"1","0",1,1,1,"1","0",0,0,1,"1","1",1,1,1,"1","1",1,1,1,"1","1",1,1,1,"0","1",1,1,1,"1","1",1,1,1,"1","1",1,1,1,"0",0.586542213038688,0.474763879826838,1,0.485090478230514,0.857861062511542
"0",0,0,1,"1","0",0,0,1,"1","0",0,1,1,"1","0",1,1,1,"1","1",1,1,1,"0","0",0,0,1,"1","0",0,1,1,"0","1",1,1,1,"1","0",1,1,1,"1","0",0,1,1,"0",0.507997468702611,0.632794217807148,0,0.512718622060685,0.187491173485332
"0",1,1,1,"1","0",1,1,1,"1","0",0,0,1,"0","0",1,1,1,"0","0",1,1,1,"0","0",1,1,1,"0","1",1,1,1,"0","0",0,0,1,"0","1",1,1,1,"0","0",1,1,1,"1",0.432033270756934,0.346783574986862,1,0.473148234822567,0.319622748381435
"0",0,1,1,"0","0",0,0,1,"1","0",0,0,1,"1","1",1,1,1,"1","0",1,1,1,"0","1",1,1,1,"1","0",0,1,1,"1","0",0,1,1,"0","0",0,0,1,"1","1",1,1,1,"0",0.67594983551547,0.548820530598094,1,0.510341888331599,0.967839268509609
"0",0,1,1,"1","0",0,1,1,"1","0",1,1,1,"0","0",0,1,1,"0","1",1,1,1,"1","1",1,1,1,"0","1",1,1,1,"0","0",0,1,1,"0","0",1,1,1,"1","0",0,1,1,"1",0.464662792535599,0.373810723592935,1,0.339379157149671,0.357682084466003
"1",1,1,1,"1","0",0,0,1,"0","0",1,1,1,"0","0",0,0,1,"0","0",0,0,1,"1","0",0,0,1,"0","1",1,1,1,"1","0",0,0,1,"1","1",1,1,1,"0","0",0,0,1,"0",0.620909206449416,0.50323018234749,1,0.469202279624567,0.833993231476017
"0",1,1,1,"0","0",0,0,1,"1","1",1,1,1,"0","1",1,1,1,"1","1",1,1,1,"0","1",1,1,1,"0","0",1,1,1,"1","0",0,0,1,"1","0",0,0,1,"1","0",1,1,1,"1",0.42459406352865,0.34062165325739,0,0.443466615428073,0.699069106032878
"0",0,0,1,"0","0",1,1,1,"0","0",0,0,1,"1","0",0,1,1,"0","1",1,1,1,"0","0",1,1,1,"1","1",1,1,1,"1","0",1,1,1,"0","0",0,0,1,"1","0",1,1,1,"1",0.425649183262018,0.564584840938086,1,0.617276253457455,0.645786013514511
"0",0,1,1,"0","0",1,1,1,"0","0",1,1,1,"1","0",1,1,1,"1","0",0,1,1,"0","0",1,1,1,"0","0",0,0,1,"0","1",1,1,1,"0","1",1,1,1,"0","0",0,1,1,"1",0.537683123288628,0.434293722513782,1,0.344742108157061,0.762197753803861
"0",0,1,1,"0","0",0,0,1,"0","0",0,0,1,"1","0",0,1,1,"0","1",1,1,1,"0","0",1,1,1,"0","0",0,1,1,"0","0",0,1,1,"0","1",1,1,1,"0","1",1,1,1,"0",0.511675082378878,0.412751169993743,0,0.408964895418512,0.732297840114921
"0",1,1,1,"1","0",1,1,1,"1","0",0,0,1,"0","0",0,1,1,"1","0",0,0,1,"1","0",1,1,1,"1","0",0,0,1,"1","0",0,0,1,"0","1",1,1,1,"1","1",1,1,1,"0",0.657980705845737,0.533936636767225,1,0.367330600395844,0.946731450265785
"1",1,1,1,"0","0",1,1,1,"1","0",1,1,1,"0","0",0,1,1,"1","0",1,1,1,"1","1",1,1,1,"0","0",0,0,1,"0","1",1,1,1,"1","0",0,1,1,"1","0",0,0,1,"0",0.400196215714308,0.320412829388641,0,0.583748585189305,0.394599187759389
"0",0,0,1,"1","0",1,1,1,"1","0",0,1,1,"1","1",1,1,1,"0","1",1,1,1,"0","0",0,0,1,"0","0",0,0,1,"1","0",0,1,1,"0","0",0,1,1,"1","0",0,1,1,"1",0.239257237860017,0.410195731544246,0,0.203958453391858,0.888158507709793
"1",1,1,1,"1","1",1,1,1,"1","0",0,0,1,"0","0",0,1,1,"1","0",1,1,1,"0","1",1,1,1,"0","0",0,1,1,"1","0",0,0,1,"1","0",0,0,1,"0","0",1,1,1,"1",0.479537415389094,0.386131426453605,0,0.532899109528479,0.226305990674251
"0",0,0,1,"1","0",0,0,1,"1","0",0,0,1,"1","0",0,0,1,"1","1",1,1,1,"0","0",1,1,1,"1","0",0,1,1,"0","0",0,0,1,"1","0",0,1,1,"0","1",1,1,1,"0",0.706493760428205,0.57412017192379,1,0.669860446620659,0.939393202491184
"0",0,0,1,"0","0",0,0,1,"1","0",0,1,1,"1","1",1,1,1,"1","0",0,1,1,"1","1",1,1,1,"0","0",0,0,1,"1","1",1,1,1,"1","0",0,0,1,"0","0",1,1,1,"0",0.511586860152329,0.635767323474309,1,0.655946424507512,0.893810194671298
"1",1,1,1,"1","1",1,1,1,"1","1",1,1,1,"0","0",1,1,1,"1","1",1,1,1,"1","0",0,1,1,"0","1",1,1,1,"1","0",1,1,1,"1","0",1,1,1,"0","0",1,1,1,"1",0.311097150368832,0.246611757583508,0,0.319809154543552,0.884886266319984
"0",0,0,1,"1","0",0,1,1,"1","1",1,1,1,"1","0",1,1,1,"0","1",1,1,1,"0","0",1,1,1,"1","0",0,0,1,"0","0",1,1,1,"1","0",1,1,1,"1","0",0,1,1,"1",0.377946806732439,0.301983565024017,1,0.285049700438988,0.126974651894008
"0",1,1,1,"1","1",1,1,1,"1","0",0,0,1,"1","1",1,1,1,"0","0",0,0,1,"0","0",0,0,1,"0","0",0,1,1,"0","0",1,1,1,"0","0",1,1,1,"0","0",0,0,1,"1",0.482214381477996,0.388348766958592,0,0.579283146445361,0.307696143982838
"1",1,1,1,"0","1",1,1,1,"1","1",1,1,1,"0","0",0,1,1,"0","1",1,1,1,"1","0",1,1,1,"0","0",0,0,1,"1","0",0,0,1,"0","1",1,1,1,"0","1",1,1,1,"0",0.248025976647379,0.194369680715444,0,0.371081099561037,0.958574752342132
"1",1,1,1,"1","0",0,0,1,"1","0",1,1,1,"1","0",1,1,1,"0","0",0,1,1,"0","0",1,1,1,"1","0",0,1,1,"0","1",1,1,1,"1","0",0,1,1,"0","1",1,1,1,"0",0.464844836867919,0.373961511558995,1,0.394249156595812,0.725654381428971
"1",1,1,1,"0","1",1,1,1,"1","0",1,1,1,"1","0",0,1,1,"1","1",1,1,1,"0","0",0,1,1,"1","0",0,0,1,"0","1",1,1,1,"1","0",0,0,1,"0","0",0,0,1,"1",0.374847087961278,0.299416056973072,0,0.488670428728678,0.493401263873288
"0",1,1,1,"1","0",1,1,1,"1","1",1,1,1,"1","0",0,1,1,"0","0",0,1,1,"1","0",0,1,1,"0","0",0,0,1,"1","0",0,1,1,"1","0",1,1,1,"0","0",0,1,1,"0",0.354279115837782,0.282379532721259,0,0.245629083808104,0.81335572752673
"1",1,1,1,"1","0",0,0,1,"0","1",1,1,1,"0","0",0,1,1,"0","0",0,1,1,"1","1",1,1,1,"0","0",1,1,1,"0","1",1,1,1,"0","0",0,0,1,"0","0",1,1,1,"0",0.433655234533258,0.348127053334897,0,0.295750431673407,0.458187140564486
"0",0,0,1,"0","0",1,1,1,"0","0",1,1,1,"0","0",0,0,1,"1","0",1,1,1,"0","0",0,1,1,"1","0",1,1,1,"1","0",1,1,1,"0","1",1,1,1,"1","0",1,1,1,"1",0.596407666359778,0.482935469799379,1,0.435190931697324,0.792720212866273
"0",0,0,1,"1","0",1,1,1,"1","0",0,1,1,"0","0",0,0,1,"0","0",1,1,1,"1","0",0,1,1,"0","1",1,1,1,"1","1",1,1,1,"0","0",0,1,1,"1","0",0,1,1,"0",0.479082150568769,0.608843557252073,1,0.653718849464478,0.728187642816315
"1",1,1,1,"0","0",0,0,1,"1","0",1,1,1,"0","1",1,1,1,"0","0",1,1,1,"0","0",0,0,1,"1","1",1,1,1,"0","0",0,0,1,"1","0",0,1,1,"1","0",0,0,1,"0",0.485921243172087,0.391419173645761,0,0.532763898046251,0.538330001666798
"0",0,0,1,"1","0",1,1,1,"1","0",0,0,1,"0","0",0,1,1,"1","0",0,1,1,"0","1",1,1,1,"1","1",1,1,1,"1","0",0,1,1,"0","0",1,1,1,"0","0",0,1,1,"0",0.712378423323701,0.578994459069402,1,0.693821972234176,0.978445913030965
"0",0,0,1,"0","0",1,1,1,"1","0",0,1,1,"1","0",0,1,1,"1","1",1,1,1,"1","0",0,0,1,"0","1",1,1,1,"1","0",0,1,1,"1","0",0,1,1,"1","1",1,1,1,"1",0.498367971074099,0.401728842507871,1,0.412221863265909,0.351660539767687
"0",0,1,1,"0","0",1,1,1,"0","0",0,0,1,"1","0",1,1,1,"1","0",1,1,1,"1","0",0,1,1,"1","0",1,1,1,"1","0",0,0,1,"0","0",0,0,1,"1","0",1,1,1,"1",0.516575852636907,0.41681049537848,1,0.385568955015411,0.550348561982413
"1",1,1,1,"0","0",0,0,1,"1","0",0,1,1,"1","0",0,0,1,"1","1",1,1,1,"1","0",1,1,1,"0","1",1,1,1,"1","0",1,1,1,"1","0",0,0,1,"0","0",0,1,1,"0",0.688338985389782,0.559082507375665,1,0.424622368562854,0.965490200679218
"0",1,1,1,"1","1",1,1,1,"0","1",1,1,1,"1","0",1,1,1,"1","0",0,1,1,"0","0",0,1,1,"1","1",1,1,1,"0","0",1,1,1,"0","1",1,1,1,"0","0",0,1,1,"1",0.419301058473855,0.336237438399477,1,0.296719905783659,0.351134594627298
"0",1,1,1,"0","0",1,1,1,"1","0",0,0,1,"1","0",0,1,1,"1","0",1,1,1,"0","1",1,1,1,"1","1",1,1,1,"1","0",0,0,1,"1","1",1,1,1,"0","0",1,1,1,"0",0.584776037312091,0.47330095020896,1,0.351231493320011,0.847271984419506
"0",0,1,1,"0","0",0,1,1,"1","0",0,1,1,"1","0",0,1,1,"1","0",0,0,1,"0","0",0,0,1,"1","0",0,0,1,"1","0",1,1,1,"0","0",1,1,1,"1","0",0,0,1,"1",0.687070840250872,0.558032098259777,1,0.571693365980847,0.98464376980973
"0",1,1,1,"1","0",0,1,1,"0","1",1,1,1,"1","0",0,0,1,"1","1",1,1,1,"1","0",0,1,1,"1","1",1,1,1,"0","1",1,1,1,"0","0",0,1,1,"0","1",1,1,1,"1",0.50673545819043,0.408659661760648,1,0.511043311674667,0.542052210861628
"0",0,0,1,"0","1",1,1,1,"0","1",1,1,1,"1","0",0,1,1,"1","0",0,0,1,"1","1",1,1,1,"1","0",0,0,1,"0","0",1,1,1,"0","0",0,1,1,"0","1",1,1,1,"1",0.53900627911194,0.435389697174649,1,0.472926455322051,0.747588858613063
"0",1,1,1,"0","0",1,1,1,"1","0",1,1,1,"0","0",0,0,1,"1","0",0,0,1,"1","0",0,0,1,"1","0",1,1,1,"1","0",0,1,1,"1","0",0,0,1,"0","0",0,1,1,"1",0.651443104713713,0.528521518564727,1,0.607757481953466,0.951428093036599
"0",0,0,1,"1","1",1,1,1,"0","0",0,0,1,"0","0",0,1,1,"1","0",0,0,1,"1","0",0,1,1,"0","0",1,1,1,"1","0",0,1,1,"0","0",0,0,1,"1","0",1,1,1,"1",0.503941036384527,0.629434260532414,0,0.465780915195951,0.0728759285082095
"1",1,1,1,"0","0",1,1,1,"0","1",1,1,1,"0","0",0,0,1,"0","0",0,1,1,"1","1",1,1,1,"0","0",1,1,1,"1","0",0,1,1,"0","0",0,0,1,"0","1",1,1,1,"1",0.434622915199972,0.348928586662904,1,0.439851076485413,0.462495953240617
"1",1,1,1,"1","1",1,1,1,"1","1",1,1,1,"0","1",1,1,1,"0","1",1,1,1,"0","0",0,1,1,"1","0",1,1,1,"0","0",1,1,1,"1","0",0,0,1,"0","1",1,1,1,"1",0.155094389384871,0.11739411741484,0,0.186362869605221,0.987708018247342
"0",0,0,1,"1","1",1,1,1,"0","0",0,0,1,"1","0",0,1,1,"1","0",0,0,1,"1","0",0,0,1,"0","1",1,1,1,"1","0",0,1,1,"0","0",0,0,1,"1","0",0,1,1,"1",0.633000168857668,0.736334397653123,1,0.709398525951541,0.963179094772361
"0",1,1,1,"0","0",1,1,1,"0","0",0,1,1,"1","0",0,0,1,"1","0",1,1,1,"0","1",1,1,1,"1","0",1,1,1,"0","0",0,0,1,"1","1",1,1,1,"1","0",1,1,1,"0",0.590477156467725,0.478023207423928,1,0.402170396319977,0.855502452752883
"0",0,1,1,"1","0",0,1,1,"1","0",0,1,1,"1","0",1,1,1,"1","0",0,1,1,"1","0",0,1,1,"0","1",1,1,1,"0","0",0,0,1,"1","0",0,0,1,"0","0",0,1,1,"0",0.59009876052928,0.477709780726177,1,0.563435090265289,0.773397873881217
"0",0,1,1,"1","0",0,1,1,"0","0",0,1,1,"1","1",1,1,1,"0","0",1,1,1,"0","0",1,1,1,"1","0",1,1,1,"1","0",0,1,1,"1","0",0,0,1,"0","0",0,1,1,"0",0.468658131718304,0.377120077206976,0,0.35660018184121,0.700816092576385
"0",1,1,1,"0","0",0,0,1,"0","1",1,1,1,"0","0",1,1,1,"1","0",1,1,1,"1","0",1,1,1,"1","0",1,1,1,"0","0",1,1,1,"0","0",0,1,1,"1","0",0,0,1,"0",0.436723946020549,0.350668877942648,0,0.44323275562695,0.707642371995277
"0",0,1,1,"1","0",0,0,1,"0","1",1,1,1,"1","0",0,1,1,"0","0",1,1,1,"0","0",1,1,1,"1","0",0,1,1,"0","0",0,1,1,"1","1",1,1,1,"0","1",1,1,1,"1",0.434796607413858,0.349072456539644,0,0.569566468269246,0.86035080080245
"0",0,1,1,"0","0",1,1,1,"0","1",1,1,1,"1","1",1,1,1,"1","0",0,0,1,"1","0",0,1,1,"0","0",1,1,1,"0","0",0,0,1,"0","1",1,1,1,"1","0",0,0,1,"0",0.448246773585911,0.360213276879406,0,0.506418291357443,0.673640996270917
"0",1,1,1,"1","0",0,0,1,"1","0",1,1,1,"1","0",1,1,1,"1","0",0,1,1,"0","0",0,0,1,"0","0",1,1,1,"0","1",1,1,1,"1","0",1,1,1,"1","0",0,0,1,"1",0.552642287998098,0.446684451693574,1,0.316137103839129,0.819828545870441
"0",0,1,1,"1","0",0,0,1,"0","0",0,1,1,"1","0",0,0,1,"0","0",1,1,1,"0","1",1,1,1,"1","0",1,1,1,"0","0",0,1,1,"1","1",1,1,1,"1","0",0,1,1,"0",0.574862534723635,0.465089560857857,1,0.63535993100328,0.759885395541913
"0",1,1,1,"0","0",1,1,1,"0","1",1,1,1,"1","1",1,1,1,"0","0",1,1,1,"1","0",0,0,1,"1","0",0,1,1,"0","1",1,1,1,"1","1",1,1,1,"1","0",0,1,1,"1",0.287719890388114,0.227248290236745,0,0.20222048293671,0.968043158915479
"0",0,0,1,"0","0",0,1,1,"0","0",0,1,1,"1","0",0,0,1,"1","0",1,1,1,"0","1",1,1,1,"0","1",1,1,1,"1","0",0,0,1,"1","0",0,1,1,"0","1",1,1,1,"1",0.594264178413923,0.704249239395883,0,0.528996464962647,0.0705628032833517
"1",1,1,1,"0","1",1,1,1,"0","0",0,0,1,"0","1",1,1,1,"0","0",1,1,1,"0","0",1,1,1,"0","1",1,1,1,"1","1",1,1,1,"0","0",0,0,1,"1","0",0,1,1,"1",0.437856505484892,0.351606980963454,0,0.510039725090156,0.414521477783701
"1",1,1,1,"1","1",1,1,1,"1","1",1,1,1,"0","1",1,1,1,"1","0",1,1,1,"0","1",1,1,1,"0","0",0,1,1,"0","0",0,1,1,"1","0",0,0,1,"0","1",1,1,1,"1",0.29121485576177,0.230143182450232,0,0.277946474911463,0.84734582583048
"0",0,1,1,"1","1",1,1,1,"1","0",1,1,1,"0","1",1,1,1,"0","0",0,0,1,"0","0",0,0,1,"1","0",0,1,1,"0","1",1,1,1,"0","0",0,1,1,"0","0",0,0,1,"0",0.42090043463352,0.337562207344529,1,0.386253838749884,0.50602561119165
"0",0,1,1,"1","0",0,0,1,"1","0",0,1,1,"0","1",1,1,1,"1","0",0,1,1,"1","0",1,1,1,"1","1",1,1,1,"0","0",0,0,1,"1","0",0,1,1,"0","1",1,1,1,"1",0.624828617947591,0.506476644791165,1,0.469213436734294,0.721572740503101
"0",0,1,1,"0","1",1,1,1,"0","0",0,1,1,"0","0",0,0,1,"0","0",0,0,1,"1","1",1,1,1,"0","1",1,1,1,"1","1",1,1,1,"1","1",1,1,1,"1","0",1,1,1,"1",0.514316288511492,0.414938890400117,1,0.400264017743994,0.614196943693245
"0",1,1,1,"1","0",0,1,1,"0","0",1,1,1,"1","1",1,1,1,"0","0",0,1,1,"1","1",1,1,1,"0","0",0,0,1,"1","1",1,1,1,"1","0",1,1,1,"1","0",0,0,1,"0",0.298057260872317,0.235810770869093,0,0.288287534183773,0.926592337910063
"1",1,1,1,"0","1",1,1,1,"0","0",1,1,1,"1","1",1,1,1,"0","0",1,1,1,"1","0",0,0,1,"1","0",0,1,1,"0","0",1,1,1,"1","0",0,1,1,"0","0",1,1,1,"1",0.253478040081895,0.198885644193363,0,0.251265278239121,0.983523083226074
"0",0,0,1,"1","0",0,1,1,"1","1",1,1,1,"1","0",1,1,1,"0","1",1,1,1,"0","1",1,1,1,"1","0",0,0,1,"1","0",1,1,1,"0","0",0,0,1,"1","0",1,1,1,"0",0.238812608256779,0.409827443267058,0,0.0583845739708721,0.834586201812066
"0",1,1,1,"0","0",1,1,1,"0","0",0,0,1,"1","0",0,1,1,"1","0",0,1,1,"0","0",0,1,1,"0","0",0,1,1,"0","0",1,1,1,"0","0",0,0,1,"0","0",1,1,1,"0",0.618551095500002,0.501276950685323,1,0.572023696222294,0.932415250856554
"1",1,1,1,"0","0",1,1,1,"1","0",1,1,1,"1","0",0,1,1,"0","0",0,0,1,"0","1",1,1,1,"0","0",0,1,1,"0","0",1,1,1,"1","0",1,1,1,"0","1",1,1,1,"1",0.517187568617886,0.417317181894904,1,0.708988088106454,0.846245583872823
"0",1,1,1,"0","0",1,1,1,"1","0",0,1,1,"0","0",0,0,1,"1","0",0,0,1,"1","1",1,1,1,"1","0",0,0,1,"1","0",0,0,1,"0","0",0,0,1,"1","0",0,1,1,"1",0.67005844352768,0.54394066972147,1,0.466901154808176,0.987166933050505
"0",1,1,1,"0","1",1,1,1,"1","0",1,1,1,"1","0",0,0,1,"1","0",1,1,1,"1","1",1,1,1,"1","0",1,1,1,"0","0",1,1,1,"1","1",1,1,1,"0","0",1,1,1,"0",0.477247019871307,0.384234283723601,0,0.432709296438479,0.426013411459513
"0",0,0,1,"1","0",0,0,1,"0","1",1,1,1,"0","1",1,1,1,"1","0",0,0,1,"0","0",0,1,1,"1","1",1,1,1,"0","0",1,1,1,"1","0",1,1,1,"0","1",1,1,1,"0",0.549395048133954,0.667083979661832,0,0.531905846700369,0.103628347516227
"0",0,1,1,"0","0",0,0,1,"1","0",0,0,1,"1","0",0,1,1,"0","0",1,1,1,"0","0",1,1,1,"1","1",1,1,1,"1","0",0,1,1,"0","0",1,1,1,"1","0",0,0,1,"1",0.644473814871381,0.522748831072547,1,0.676981903723149,0.937818862518778
"0",0,0,1,"1","0",0,1,1,"1","0",0,0,1,"1","1",1,1,1,"1","0",0,0,1,"0","1",1,1,1,"0","1",1,1,1,"1","0",0,1,1,"0","0",0,0,1,"0","0",0,1,1,"0",0.632549820369798,0.512872144139826,1,0.417940322819539,0.957246878291881
"0",1,1,1,"0","1",1,1,1,"0","1",1,1,1,"0","1",1,1,1,"0","1",1,1,1,"1","0",0,1,1,"1","0",0,0,1,"0","1",1,1,1,"0","1",1,1,1,"1","0",0,0,1,"1",0.203194925717604,0.157235962242202,0,0.0416088312261435,0.988970993343758
"0",0,1,1,"1","1",1,1,1,"1","0",0,1,1,"0","0",1,1,1,"1","0",0,1,1,"1","0",0,0,1,"0","0",1,1,1,"1","1",1,1,1,"0","0",1,1,1,"1","1",1,1,1,"0",0.516690639806608,0.416905573998223,1,0.450673470403322,0.658098403312127
"0",1,1,1,"1","0",1,1,1,"1","0",0,1,1,"1","1",1,1,1,"1","0",0,1,1,"0","0",0,0,1,"0","0",0,1,1,"0","0",1,1,1,"1","1",1,1,1,"0","0",0,0,1,"1",0.499120206481115,0.402351921763218,1,0.360320327571656,0.660652566465749
"0",0,1,1,"1","0",0,0,1,"0","1",1,1,1,"1","0",0,0,1,"1","0",1,1,1,"0","1",1,1,1,"0","1",1,1,1,"1","0",1,1,1,"0","0",0,1,1,"0","0",1,1,1,"0",0.629237058696509,0.510128171897516,1,0.479368215569153,0.93041368861024
"1",1,1,1,"1","1",1,1,1,"1","0",0,1,1,"1","0",1,1,1,"1","0",1,1,1,"1","1",1,1,1,"1","0",1,1,1,"0","0",1,1,1,"1","1",1,1,1,"1","0",0,1,1,"1",0.386826658004776,0.309338777324253,0,0.508564789120654,0.608159309755105
"1",1,1,1,"1","0",0,0,1,"1","0",0,1,1,"1","0",0,0,1,"1","0",1,1,1,"0","0",0,0,1,"0","0",0,1,1,"1","0",0,1,1,"0","1",1,1,1,"0","1",1,1,1,"0",0.644442255946908,0.522722690703486,1,0.469650214267783,0.942850602331267
"0",0,0,1,"0","0",0,1,1,"0","0",0,1,1,"1","0",0,1,1,"1","0",0,1,1,"0","0",0,0,1,"0","0",1,1,1,"0","0",1,1,1,"1","0",0,1,1,"1","1",1,1,1,"0",0.57844370182077,0.691145082528295,1,0.738587960252111,0.905304073125807
"0",0,1,1,"0","0",1,1,1,"1","1",1,1,1,"0","0",0,0,1,"0","1",1,1,1,"1","0",1,1,1,"1","0",1,1,1,"0","0",0,1,1,"1","1",1,1,1,"1","1",1,1,1,"1",0.424526206979179,0.340565447436819,1,0.17340706031537,0.125033059054256
"1",1,1,1,"1","0",0,1,1,"0","0",0,0,1,"0","1",1,1,1,"0","0",0,0,1,"0","1",1,1,1,"0","0",0,1,1,"1","0",1,1,1,"1","0",1,1,1,"0","1",1,1,1,"1",0.501012035717963,0.403918930629252,1,0.428443277246507,0.71689251214821
"0",1,1,1,"1","0",1,1,1,"1","0",1,1,1,"0","0",0,0,1,"1","0",0,0,1,"1","0",0,0,1,"1","1",1,1,1,"0","0",1,1,1,"1","0",1,1,1,"0","0",0,0,1,"1",0.585446489397174,0.473856288048715,1,0.630549500741344,0.850738735504848
"1",1,1,1,"0","0",0,1,1,"0","0",0,1,1,"0","1",1,1,1,"1","0",0,1,1,"1","0",0,0,1,"0","0",1,1,1,"0","0",0,0,1,"0","0",0,0,1,"0","0",0,0,1,"1",0.477192394882337,0.384189037651517,0,0.200846859599181,0.600952542262888
"0",0,0,1,"0","1",1,1,1,"0","0",0,1,1,"0","1",1,1,1,"0","0",0,1,1,"1","0",0,1,1,"1","1",1,1,1,"0","1",1,1,1,"1","1",1,1,1,"0","1",1,1,1,"1",0.33996805988659,0.493614862588078,0,0.327051838349163,0.89952323687724
"0",0,0,1,"1","0",0,1,1,"0","0",0,1,1,"1","0",0,0,1,"0","0",0,1,1,"0","0",1,1,1,"0","0",1,1,1,"1","1",1,1,1,"0","0",0,0,1,"1","0",1,1,1,"0",0.524377163601731,0.646361577180773,1,0.596197687185891,0.931886821378914
"0",1,1,1,"1","0",0,0,1,"0","1",1,1,1,"0","0",0,0,1,"1","0",1,1,1,"0","0",0,0,1,"0","0",0,0,1,"0","0",0,0,1,"1","0",1,1,1,"1","0",0,1,1,"0",0.612911349063298,0.496605528711096,0,0.746002697841157,0.21305288655618
"0",0,1,1,"1","1",1,1,1,"0","0",0,1,1,"0","0",1,1,1,"0","1",1,1,1,"0","1",1,1,1,"0","1",1,1,1,"0","0",1,1,1,"0","0",1,1,1,"0","0",0,0,1,"0",0.345033562335477,0.274721407967019,0,0.422514415871536,0.931959102316772
"0",1,1,1,"1","0",1,1,1,"1","1",1,1,1,"0","0",0,1,1,"1","0",0,1,1,"1","0",0,0,1,"1","1",1,1,1,"0","0",0,1,1,"0","0",0,1,1,"1","0",1,1,1,"1",0.425228302122523,0.341146995333949,0,0.399988652574415,0.630537066831441
"0",1,1,1,"0","1",1,1,1,"0","0",1,1,1,"0","1",1,1,1,"0","0",0,0,1,"1","0",0,0,1,"1","0",1,1,1,"1","0",1,1,1,"0","1",1,1,1,"1","0",1,1,1,"1",0.294642320778743,0.232982163878897,0,0.230040947214173,0.926919812310844
"1",1,1,1,"0","1",1,1,1,"0","0",0,1,1,"0","0",1,1,1,"0","0",1,1,1,"0","0",1,1,1,"1","0",1,1,1,"0","0",0,0,1,"1","0",0,0,1,"1","0",0,0,1,"1",0.390640034631615,0.312497410707961,0,0.246288918546606,0.727141960144019
"0",1,1,1,"0","0",1,1,1,"1","0",0,1,1,"0","0",0,1,1,"1","1",1,1,1,"0","0",1,1,1,"1","0",0,1,1,"1","1",1,1,1,"0","1",1,1,1,"1","0",0,0,1,"1",0.412985479416569,0.33100622186886,1,0.255450373918681,0.399515654242553
"0",0,0,1,"0","1",1,1,1,"0","0",0,0,1,"1","0",0,1,1,"0","0",0,0,1,"0","0",0,0,1,"0","0",0,1,1,"1","1",1,1,1,"1","0",0,0,1,"1","1",1,1,1,"1",0.608388150367395,0.715948175453969,1,0.739972760973419,0.983749112770418
"0",1,1,1,"1","1",1,1,1,"1","0",0,0,1,"0","1",1,1,1,"0","0",0,1,1,"1","0",0,0,1,"0","0",1,1,1,"0","0",1,1,1,"1","0",0,1,1,"0","1",1,1,1,"0",0.482064440530292,0.388224570339861,0,0.677608243297714,0.624156236308123
"0",0,1,1,"0","0",1,1,1,"0","1",1,1,1,"1","0",1,1,1,"0","0",0,1,1,"1","0",1,1,1,"1","0",0,1,1,"1","0",0,0,1,"0","0",1,1,1,"1","1",1,1,1,"0",0.456098382639451,0.366716792503272,1,0.168637600025112,0.334385800968341
"0",0,1,1,"1","0",1,1,1,"0","0",0,1,1,"0","0",0,1,1,"0","1",1,1,1,"0","0",0,1,1,"0","0",0,0,1,"1","1",1,1,1,"1","0",1,1,1,"0","0",0,0,1,"1",0.4435027227462,0.356283762744649,0,0.289106870093009,0.667349955827554
"0",0,0,1,"0","0",0,0,1,"1","0",0,1,1,"0","0",1,1,1,"0","0",0,0,1,"0","0",0,1,1,"0","0",1,1,1,"0","0",1,1,1,"1","1",1,1,1,"1","0",1,1,1,"0",0.557264749067433,0.673602480854012,1,0.591146009569663,0.898316833995965
"0",1,1,1,"1","0",1,1,1,"0","0",0,0,1,"1","0",1,1,1,"0","0",0,1,1,"1","1",1,1,1,"0","0",0,1,1,"1","0",0,1,1,"1","0",0,0,1,"1","0",1,1,1,"1",0.471907749879329,0.379811747454146,1,0.316205167067558,0.617659633143911
"1",1,1,1,"0","0",0,0,1,"1","1",1,1,1,"1","0",0,1,1,"1","0",1,1,1,"1","0",1,1,1,"0","0",0,0,1,"1","0",1,1,1,"0","0",0,1,1,"0","0",1,1,1,"1",0.523748472113261,0.422751601527605,1,0.29394095748968,0.794014606112505
"0",0,0,1,"1","0",1,1,1,"0","0",1,1,1,"1","0",0,1,1,"1","0",1,1,1,"1","1",1,1,1,"1","0",0,1,1,"1","0",0,0,1,"1","0",1,1,1,"1","1",1,1,1,"0",0.478264617789431,0.608166391951663,0,0.529818153137948,0.326430312433571
"0",1,1,1,"0","0",1,1,1,"0","0",1,1,1,"1","0",1,1,1,"1","0",1,1,1,"0","0",0,1,1,"1","0",0,1,1,"0","0",0,0,1,"1","0",0,0,1,"0","0",1,1,1,"1",0.43082408429198,0.345782001549701,0,0.383607287247407,0.710876745111511
"1",1,1,1,"1","1",1,1,1,"1","0",0,0,1,"0","0",1,1,1,"1","0",0,1,1,"1","0",0,0,1,"1","0",0,0,1,"1","0",1,1,1,"0","0",0,1,1,"1","0",0,0,1,"1",0.571623391918469,0.462406567385095,1,0.460361923877187,0.921392464223233
"1",1,1,1,"0","1",1,1,1,"1","1",1,1,1,"1","0",1,1,1,"0","0",0,0,1,"1","1",1,1,1,"1","0",1,1,1,"0","0",0,0,1,"0","1",1,1,1,"1","1",1,1,1,"1",0.312981523975245,0.248172590924411,0,0.440135309112981,0.738888228147502
"1",1,1,1,"0","0",1,1,1,"1","0",0,1,1,"1","0",1,1,1,"0","0",0,1,1,"1","1",1,1,1,"1","0",0,0,1,"1","1",1,1,1,"0","0",0,1,1,"0","0",1,1,1,"1",0.431363782776721,0.34622903571859,1,0.250063291004544,0.665096283648251
"0",1,1,1,"0","1",1,1,1,"0","0",0,1,1,"0","1",1,1,1,"0","0",0,1,1,"0","1",1,1,1,"0","0",0,1,1,"0","0",0,0,1,"1","0",0,1,1,"0","0",1,1,1,"0",0.369349859726358,0.294862683330807,0,0.334562757891892,0.781045588171971
"0",0,1,1,"0","1",1,1,1,"1","0",0,0,1,"1","1",1,1,1,"1","0",0,0,1,"1","0",1,1,1,"0","0",1,1,1,"1","0",1,1,1,"1","1",1,1,1,"0","0",1,1,1,"1",0.674550214886116,0.547661219867208,1,0.509071083880656,0.966790961043391
"0",0,0,1,"1","1",1,1,1,"1","0",0,0,1,"0","0",1,1,1,"1","0",0,0,1,"1","0",0,0,1,"0","0",0,1,1,"0","0",0,1,1,"0","0",0,1,1,"1","0",0,1,1,"0",0.486853821352134,0.615280859723262,1,0.627664459516788,0.869319798923363
"0",0,0,1,"0","0",1,1,1,"0","0",1,1,1,"0","1",1,1,1,"0","1",1,1,1,"1","0",1,1,1,"1","0",0,0,1,"1","1",1,1,1,"0","1",1,1,1,"1","0",0,0,1,"0",0.374395666968116,0.299042143363524,0,0.434709297798832,0.922371134061375
"0",1,1,1,"0","1",1,1,1,"1","0",1,1,1,"0","0",0,0,1,"0","1",1,1,1,"0","1",1,1,1,"1","0",0,1,1,"1","1",1,1,1,"0","0",0,1,1,"0","0",0,1,1,"0",0.469090335433289,0.377478073076858,1,0.371646978898585,0.669313298593308
"0",0,1,1,"1","0",0,1,1,"1","1",1,1,1,"1","0",0,0,1,"0","0",0,0,1,"0","0",1,1,1,"0","0",1,1,1,"0","0",1,1,1,"1","0",1,1,1,"0","1",1,1,1,"0",0.561706100336914,0.454192039597572,1,0.395915558753773,0.837371872213859
"1",1,1,1,"1","0",1,1,1,"1","0",0,0,1,"1","1",1,1,1,"1","1",1,1,1,"0","0",1,1,1,"0","0",1,1,1,"0","0",0,1,1,"1","0",0,0,1,"1","0",0,1,1,"0",0.461591466416535,0.371266733276414,0,0.411910810612213,0.380439247500491
"1",1,1,1,"1","0",1,1,1,"1","0",0,1,1,"0","0",0,0,1,"0","1",1,1,1,"1","0",0,1,1,"1","1",1,1,1,"1","0",1,1,1,"1","1",1,1,1,"1","0",0,1,1,"1",0.476037945594856,0.383232803212575,0,0.4091803471131,0.582158635959113
"0",0,0,1,"1","0",1,1,1,"0","0",0,1,1,"0","0",0,1,1,"1","0",0,1,1,"1","0",0,0,1,"0","0",0,0,1,"1","0",0,0,1,"1","0",0,1,1,"0","0",1,1,1,"0",0.628987903654547,0.509921795892659,1,0.501655531863274,0.714093386409013
"1",1,1,1,"0","0",1,1,1,"1","0",0,0,1,"0","0",0,1,1,"1","1",1,1,1,"1","0",0,0,1,"0","0",0,0,1,"1","0",0,1,1,"1","0",0,0,1,"0","0",0,1,1,"1",0.419203883637608,0.336156948137995,0,0.255262322305173,0.778234589277469
"0",0,0,1,"0","0",0,0,1,"1","1",1,1,1,"0","0",1,1,1,"1","1",1,1,1,"1","0",0,1,1,"0","0",1,1,1,"1","0",1,1,1,"0","0",0,1,1,"0","0",0,0,1,"1",0.440551516144328,0.576928496113894,0,0.446841731798916,0.498601894732494
"0",1,1,1,"0","0",1,1,1,"1","0",0,1,1,"0","0",0,1,1,"1","1",1,1,1,"0","0",0,0,1,"1","0",1,1,1,"1","0",0,1,1,"1","0",0,0,1,"1","1",1,1,1,"0",0.480758808159054,0.387143110416491,1,0.27279640610107,0.467588076998704
"0",0,1,1,"1","0",0,1,1,"0","0",0,1,1,"0","1",1,1,1,"1","1",1,1,1,"0","0",0,1,1,"1","0",0,1,1,"1","0",0,0,1,"1","0",1,1,1,"0","0",0,0,1,"1",0.469168029901826,0.377542427680682,0,0.584060847018626,0.700063742274048
"1",1,1,1,"0","0",1,1,1,"1","0",0,0,1,"0","0",0,1,1,"0","0",0,0,1,"0","0",0,0,1,"0","0",0,0,1,"0","0",1,1,1,"0","0",0,0,1,"0","0",0,0,1,"0",0.545098231515539,0.440435682954951,1,0.446385140811676,0.863291250644042
"0",1,1,1,"1","0",1,1,1,"0","1",1,1,1,"0","1",1,1,1,"1","0",0,0,1,"1","1",1,1,1,"0","0",0,1,1,"0","0",0,0,1,"1","0",0,0,1,"0","0",0,0,1,"1",0.500713644547064,0.403671772164186,1,0.2659337169001,0.732010020857855
"1",1,1,1,"1","1",1,1,1,"0","0",0,1,1,"0","1",1,1,1,"0","0",0,1,1,"1","0",0,1,1,"0","0",1,1,1,"0","1",1,1,1,"1","0",0,0,1,"0","1",1,1,1,"0",0.283117686332962,0.223436268296681,0,0.284042317414522,0.937860426354885
"0",1,1,1,"0","1",1,1,1,"0","0",1,1,1,"0","1",1,1,1,"1","0",0,1,1,"1","1",1,1,1,"1","0",0,1,1,"0","0",0,0,1,"1","0",1,1,1,"0","0",0,1,1,"1",0.462063902610594,0.371658053851393,1,0.535155858930991,0.334496946623539
"0",0,1,1,"0","0",0,1,1,"1","0",0,1,1,"1","1",1,1,1,"0","0",0,1,1,"1","1",1,1,1,"0","0",0,0,1,"1","0",1,1,1,"0","1",1,1,1,"1","0",0,0,1,"1",0.467653034828363,0.376287551888578,1,0.480401640607802,0.532775090127838
"0",0,1,1,"0","0",0,1,1,"0","1",1,1,1,"1","1",1,1,1,"1","0",0,0,1,"1","0",1,1,1,"0","0",0,1,1,"1","1",1,1,1,"1","0",0,0,1,"0","1",1,1,1,"1",0.528143460371019,0.426391985887821,1,0.463217220995073,0.801025874836636
"1",1,1,1,"0","1",1,1,1,"0","0",1,1,1,"1","0",1,1,1,"1","0",0,1,1,"0","0",0,0,1,"0","0",0,1,1,"1","0",0,1,1,"1","0",1,1,1,"1","0",0,1,1,"1",0.409059923436617,0.327754669929138,1,0.293890519446974,0.442343625135669
"1",1,1,1,"0","1",1,1,1,"1","1",1,1,1,"0","0",0,1,1,"1","0",1,1,1,"1","0",1,1,1,"0","0",1,1,1,"1","0",0,0,1,"1","0",0,1,1,"1","0",1,1,1,"1",0.401618532678702,0.32159093957433,1,0.391410853564648,0.351454143341575
"0",1,1,1,"0","1",1,1,1,"0","0",0,0,1,"1","0",0,0,1,"0","0",1,1,1,"1","0",0,1,1,"1","1",1,1,1,"1","0",1,1,1,"0","0",0,1,1,"0","1",1,1,1,"1",0.528868124729409,0.426992227945813,0,0.457710543029741,0.333352720524352
"0",0,0,1,"1","0",0,1,1,"1","1",1,1,1,"1","0",0,0,1,"1","0",0,0,1,"0","0",0,1,1,"1","1",1,1,1,"1","0",0,1,1,"0","0",1,1,1,"0","1",1,1,1,"0",0.572179436199659,0.685956369098839,1,0.598871461910431,0.968808880841972
"1",1,1,1,"0","0",1,1,1,"1","0",0,0,1,"1","1",1,1,1,"1","1",1,1,1,"1","0",1,1,1,"1","0",0,1,1,"1","1",1,1,1,"0","1",1,1,1,"0","1",1,1,1,"0",0.422808090194056,0.3391423252106,0,0.638048283509344,0.628875275173195
"0",1,1,1,"0","0",0,0,1,"1","1",1,1,1,"1","0",0,0,1,"1","0",0,0,1,"0","0",0,1,1,"0","0",0,1,1,"0","0",0,0,1,"0","0",0,1,1,"1","0",1,1,1,"1",0.64708176673174,0.52490900684728,1,0.516757822414554,0.972127859177515
"0",0,0,1,"1","1",1,1,1,"0","0",0,0,1,"0","0",1,1,1,"0","0",1,1,1,"0","1",1,1,1,"0","0",0,1,1,"0","0",0,1,1,"0","1",1,1,1,"0","1",1,1,1,"0",0.405918705083808,0.548242015891228,0,0.604281873725002,0.60351461375283
"0",1,1,1,"0","1",1,1,1,"1","0",1,1,1,"1","0",0,0,1,"0","0",0,1,1,"0","0",1,1,1,"1","1",1,1,1,"1","0",0,1,1,"0","0",0,0,1,"1","0",1,1,1,"0",0.489102499845063,0.394054219829944,1,0.369828993396012,0.808707180686032
"1",1,1,1,"0","0",1,1,1,"0","0",1,1,1,"1","0",0,0,1,"0","1",1,1,1,"0","0",1,1,1,"0","0",0,1,1,"1","0",1,1,1,"1","0",1,1,1,"0","0",0,1,1,"0",0.393151274878463,0.314577479910247,0,0.521811531227445,0.705994125459984
"0",1,1,1,"0","1",1,1,1,"1","0",0,1,1,"1","0",1,1,1,"1","0",0,0,1,"0","1",1,1,1,"0","0",0,1,1,"1","1",1,1,1,"1","0",0,1,1,"0","0",1,1,1,"1",0.526515325762308,0.425043396217435,1,0.349345383659568,0.942719557348623
"0",0,1,1,"1","0",1,1,1,"0","0",0,0,1,"0","1",1,1,1,"0","1",1,1,1,"1","0",0,0,1,"0","0",0,1,1,"0","0",0,1,1,"1","0",0,1,1,"1","0",0,0,1,"1",0.454430861568047,0.365335578886159,1,0.19928403597999,0.134624746188751
"0",1,1,1,"0","0",0,0,1,"0","0",1,1,1,"0","0",1,1,1,"0","0",1,1,1,"1","1",1,1,1,"0","1",1,1,1,"1","0",0,1,1,"1","0",0,1,1,"0","0",0,1,1,"1",0.457425406543346,0.367815971109004,0,0.375038163953101,0.708043700890496
"0",1,1,1,"0","0",0,0,1,"1","0",1,1,1,"0","0",0,0,1,"1","0",0,0,1,"0","0",0,0,1,"0","0",0,1,1,"1","1",1,1,1,"1","1",1,1,1,"1","0",0,0,1,"0",0.627759439544504,0.508904254713706,1,0.613021494331733,0.956377080536069
"0",1,1,1,"1","0",0,0,1,"1","1",1,1,1,"1","0",0,1,1,"0","1",1,1,1,"0","0",0,0,1,"0","0",0,1,1,"1","0",0,1,1,"1","1",1,1,1,"1","0",0,1,1,"0",0.373693873615194,0.29846084544047,0,0.34608511325991,0.863300339500548
"0",0,1,1,"1","0",0,1,1,"1","1",1,1,1,"1","1",1,1,1,"0","0",0,1,1,"1","0",1,1,1,"0","0",1,1,1,"1","1",1,1,1,"0","0",0,0,1,"0","0",0,0,1,"0",0.361132887206256,0.288056535851869,1,0.410251899700405,0.240939170008967
"0",0,0,1,"0","1",1,1,1,"0","0",1,1,1,"1","1",1,1,1,"1","0",1,1,1,"1","0",0,0,1,"0","0",0,0,1,"0","0",1,1,1,"0","0",0,0,1,"0","0",1,1,1,"1",0.289407735026608,0.451735566200241,0,0.358550141046488,0.823600583944901
"0",1,1,1,"0","1",1,1,1,"1","0",0,0,1,"1","0",1,1,1,"1","0",0,0,1,"0","0",1,1,1,"1","0",0,0,1,"1","0",1,1,1,"0","0",0,0,1,"1","0",1,1,1,"0",0.559482309709125,0.452350065934159,1,0.402425907783848,0.947750336403749
"0",0,0,1,"1","0",0,1,1,"1","0",1,1,1,"0","0",0,0,1,"1","0",1,1,1,"0","0",0,1,1,"1","1",1,1,1,"0","0",1,1,1,"0","0",0,1,1,"0","0",1,1,1,"1",0.473714846754369,0.604397800468087,1,0.641548359709524,0.810591010215759
"0",0,1,1,"0","0",1,1,1,"0","0",1,1,1,"1","1",1,1,1,"0","0",0,0,1,"0","1",1,1,1,"1","0",1,1,1,"0","0",0,0,1,"1","0",0,0,1,"0","0",1,1,1,"0",0.479139545604723,0.385801869500213,0,0.362007431571444,0.603815641588304
"0",1,1,1,"1","1",1,1,1,"0","0",0,0,1,"1","0",0,0,1,"1","0",0,0,1,"1","1",1,1,1,"1","0",1,1,1,"0","0",0,1,1,"1","0",0,1,1,"0","0",1,1,1,"0",0.578586781767282,0.46817436789172,1,0.451406443509406,0.893626286783298
"1",1,1,1,"1","1",1,1,1,"1","0",1,1,1,"1","0",0,0,1,"1","1",1,1,1,"0","0",0,0,1,"0","0",0,1,1,"0","0",0,1,1,"1","0",1,1,1,"0","0",0,0,1,"0",0.366681992656802,0.292652879575813,0,0.160403764524006,0.74376632832294
"0",1,1,1,"0","1",1,1,1,"0","1",1,1,1,"0","0",0,1,1,"1","0",0,1,1,"1","0",0,0,1,"0","0",0,0,1,"1","0",1,1,1,"1","0",0,1,1,"1","0",0,1,1,"1",0.413759267411289,0.331647153209036,0,0.574717110070687,0.641910831691516
"0",1,1,1,"0","0",0,1,1,"1","1",1,1,1,"0","0",0,1,1,"0","0",0,0,1,"1","0",0,1,1,"1","0",0,1,1,"0","0",0,0,1,"0","0",0,1,1,"0","1",1,1,1,"0",0.455057193687118,0.365854372001599,0,0.339231922990479,0.626416814858927
"0",0,1,1,"0","1",1,1,1,"1","0",0,1,1,"1","0",0,1,1,"1","0",1,1,1,"1","0",0,1,1,"1","0",0,1,1,"0","0",0,1,1,"1","0",1,1,1,"1","0",0,0,1,"0",0.513060043128997,0.413898337894669,1,0.416865200656137,0.677245352349709
"0",0,0,1,"0","0",0,1,1,"0","0",0,1,1,"0","1",1,1,1,"1","0",0,1,1,"1","1",1,1,1,"1","1",1,1,1,"0","1",1,1,1,"1","0",0,1,1,"1","1",1,1,1,"0",0.424222812520102,0.563403372994099,1,0.609921467667503,0.591942519946867
"0",0,0,1,"0","1",1,1,1,"1","0",1,1,1,"1","0",1,1,1,"0","0",1,1,1,"1","1",1,1,1,"1","0",0,1,1,"1","1",1,1,1,"1","0",1,1,1,"1","0",0,0,1,"0",0.338295963029057,0.492229858831086,0,0.2901342196275,0.60950143878344
"0",0,0,1,"1","0",0,0,1,"0","0",1,1,1,"1","0",1,1,1,"0","1",1,1,1,"1","0",0,1,1,"0","0",0,0,1,"1","1",1,1,1,"0","1",1,1,1,"1","0",0,0,1,"1",0.421003666111553,0.56073694260757,0,0.327717337965922,0.504874583435734
"0",1,1,1,"1","0",0,0,1,"1","0",0,1,1,"1","1",1,1,1,"1","0",1,1,1,"0","0",1,1,1,"1","1",1,1,1,"1","0",0,0,1,"1","0",0,0,1,"0","1",1,1,1,"0",0.564304926313659,0.456344656370544,1,0.527183650920969,0.779075245420485
"1",1,1,1,"1","1",1,1,1,"0","0",1,1,1,"0","1",1,1,1,"1","0",0,0,1,"0","1",1,1,1,"0","0",0,0,1,"0","0",0,0,1,"0","1",1,1,1,"0","1",1,1,1,"1",0.443125813703393,0.355971567647828,1,0.333996129747117,0.685648269378852
"0",1,1,1,"1","0",0,1,1,"0","0",0,0,1,"1","0",0,1,1,"1","0",1,1,1,"1","1",1,1,1,"1","0",0,1,1,"1","0",0,0,1,"0","0",1,1,1,"0","1",1,1,1,"0",0.603759439528042,0.489024969586861,1,0.568945622888883,0.834011967788505
"0",0,1,1,"0","1",1,1,1,"0","0",0,1,1,"0","0",0,0,1,"1","1",1,1,1,"1","0",0,1,1,"0","0",0,0,1,"1","1",1,1,1,"0","0",0,0,1,"1","0",0,1,1,"1",0.535920939303417,0.432834099269451,1,0.639515624136068,0.786457174497463
"0",0,0,1,"1","0",0,0,1,"0","0",0,1,1,"1","0",0,0,1,"1","0",1,1,1,"1","0",0,0,1,"0","0",1,1,1,"0","0",1,1,1,"1","0",0,0,1,"0","0",0,1,1,"1",0.774246552304852,0.630240049712615,1,0.480718054616976,0.968410774548079
"0",0,0,1,"0","0",1,1,1,"1","0",0,1,1,"1","0",0,0,1,"1","1",1,1,1,"1","0",0,0,1,"1","1",1,1,1,"1","0",1,1,1,"0","1",1,1,1,"0","0",1,1,1,"1",0.622743091970605,0.504749196228352,1,0.527723089214942,0.805235481311375
"0",0,0,1,"0","1",1,1,1,"0","1",1,1,1,"1","0",0,1,1,"0","1",1,1,1,"0","0",1,1,1,"0","0",0,0,1,"1","0",0,1,1,"0","0",0,1,1,"1","0",0,1,1,"1",0.376254844785526,0.300582106943043,0,0.35126328948615,0.841378633604401
"1",1,1,1,"0","0",0,0,1,"1","0",0,1,1,"0","0",0,1,1,"0","0",0,1,1,"1","0",0,1,1,"1","1",1,1,1,"0","1",1,1,1,"1","0",0,0,1,"1","0",0,0,1,"0",0.533277261159741,0.430644331287547,1,0.444503061940214,0.812186930015443
"0",0,0,1,"1","0",1,1,1,"1","0",0,1,1,"1","1",1,1,1,"0","0",0,0,1,"0","0",0,1,1,"1","0",0,0,1,"1","0",0,1,1,"1","1",1,1,1,"1","0",0,0,1,"0",0.498754534520922,0.402049034381778,0,0.414892049858882,0.413577823900219
"0",1,1,1,"1","0",0,0,1,"0","0",0,1,1,"1","0",1,1,1,"0","0",1,1,1,"1","0",1,1,1,"1","0",0,0,1,"1","0",0,1,1,"0","1",1,1,1,"0","1",1,1,1,"0",0.571069063949445,0.461947415562494,1,0.559888120366793,0.569747183147103
"0",0,1,1,"1","1",1,1,1,"1","1",1,1,1,"1","0",1,1,1,"0","0",1,1,1,"0","0",0,0,1,"0","0",0,1,1,"0","0",0,0,1,"1","1",1,1,1,"0","0",0,0,1,"0",0.345783361485419,0.275342469261992,0,0.245186976185324,0.928337222796213
"0",0,1,1,"1","1",1,1,1,"0","0",0,1,1,"1","1",1,1,1,"1","0",0,0,1,"1","0",0,1,1,"0","1",1,1,1,"0","0",1,1,1,"0","0",0,0,1,"0","0",1,1,1,"0",0.453888681266524,0.364886489019628,0,0.360296393477456,0.486501777967644
"0",0,1,1,"1","0",0,0,1,"0","0",1,1,1,"1","0",1,1,1,"1","0",1,1,1,"0","0",0,1,1,"0","0",0,0,1,"0","0",0,1,1,"1","0",0,0,1,"1","0",1,1,1,"1",0.5687579829181,0.46003313894825,1,0.542732716366777,0.773307404708025
"0",0,1,1,"1","0",0,0,1,"0","1",1,1,1,"1","0",0,1,1,"0","0",0,1,1,"0","0",0,0,1,"1","0",1,1,1,"0","0",0,0,1,"1","0",0,1,1,"1","0",0,1,1,"0",0.494140414059032,0.398227142039752,1,0.443693199832207,0.325062610065205
"1",1,1,1,"0","0",0,1,1,"1","0",0,0,1,"0","0",0,0,1,"0","0",0,1,1,"0","0",1,1,1,"0","0",0,1,1,"0","0",0,0,1,"1","0",0,0,1,"0","0",1,1,1,"0",0.57414797577483,0.464497689146462,1,0.531546626995897,0.888219744772834
"0",0,0,1,"0","0",0,0,1,"0","0",1,1,1,"0","0",0,1,1,"0","0",0,0,1,"1","0",1,1,1,"1","0",1,1,1,"1","1",1,1,1,"1","0",0,0,1,"0","1",1,1,1,"1",0.703756652475702,0.571853015699896,1,0.688725576550326,0.940431699757885
"0",0,1,1,"1","0",0,0,1,"1","0",1,1,1,"0","0",1,1,1,"1","0",0,1,1,"0","1",1,1,1,"0","0",1,1,1,"0","0",1,1,1,"1","0",1,1,1,"0","0",0,0,1,"1",0.637427925526111,0.516912695940432,1,0.629404066373181,0.919916655276943
"0",1,1,1,"0","0",1,1,1,"0","0",1,1,1,"0","0",0,0,1,"0","1",1,1,1,"1","0",0,1,1,"1","0",0,1,1,"1","0",0,1,1,"0","1",1,1,1,"0","1",1,1,1,"1",0.449196907904709,0.361000276505207,0,0.340627272039101,0.783722228427611
"0",0,1,1,"0","0",0,0,1,"0","1",1,1,1,"0","1",1,1,1,"0","1",1,1,1,"1","0",0,1,1,"0","0",0,0,1,"0","0",0,1,1,"0","1",1,1,1,"1","0",0,0,1,"1",0.323350711271016,0.256761425534616,0,0.300196101295499,0.981258316409933
"0",0,1,1,"1","0",0,0,1,"1","1",1,1,1,"1","0",0,0,1,"1","0",1,1,1,"0","0",0,0,1,"0","1",1,1,1,"0","0",0,1,1,"1","0",0,1,1,"1","0",0,1,1,"1",0.657303720848302,0.533375887693,1,0.516639802671645,0.917643854259871
"0",0,1,1,"1","0",1,1,1,"1","0",0,0,1,"1","0",0,0,1,"1","1",1,1,1,"0","0",0,1,1,"0","0",0,1,1,"0","0",0,1,1,"1","0",0,0,1,"1","0",0,0,1,"1",0.648276708203888,0.525898781106381,1,0.575001575500602,0.953023279966263
"0",0,0,1,"1","0",1,1,1,"1","0",1,1,1,"1","0",0,0,1,"1","0",0,1,1,"1","1",1,1,1,"0","0",0,0,1,"1","0",0,1,1,"0","0",0,0,1,"1","1",1,1,1,"0",0.59287553310226,0.703099019559564,1,0.736573228608007,0.977985383938674
"0",1,1,1,"1","1",1,1,1,"0","1",1,1,1,"1","0",0,0,1,"1","0",0,0,1,"0","0",1,1,1,"1","0",0,1,1,"0","0",0,1,1,"0","0",0,1,1,"1","1",1,1,1,"1",0.542809953034601,0.438540293774077,0,0.514728065099666,0.0915690781661926
"0",0,1,1,"0","0",0,0,1,"0","0",0,1,1,"1","0",1,1,1,"0","0",0,1,1,"0","0",1,1,1,"0","0",0,1,1,"0","0",0,1,1,"1","1",1,1,1,"1","0",0,0,1,"1",0.583657899846757,0.472374792981079,1,0.548787729951845,0.743594177125784
"0",0,0,1,"0","0",0,1,1,"0","1",1,1,1,"1","0",1,1,1,"0","0",0,1,1,"0","0",1,1,1,"1","0",0,1,1,"1","0",0,0,1,"1","1",1,1,1,"0","0",1,1,1,"1",0.338899254640128,0.49272956741204,0,0.275218822989058,0.722839724694103
"0",0,0,1,"0","0",0,0,1,"0","1",1,1,1,"1","0",0,0,1,"1","1",1,1,1,"1","1",1,1,1,"1","0",0,1,1,"0","0",0,0,1,"1","0",0,0,1,"0","0",1,1,1,"1",0.455797051869936,0.589556427421935,0,0.417855833181017,0.472697256753781
"0",0,0,1,"1","0",0,0,1,"1","0",1,1,1,"0","0",0,0,1,"0","0",0,1,1,"0","0",1,1,1,"1","0",1,1,1,"1","0",0,1,1,"0","0",0,1,1,"1","1",1,1,1,"1",0.559749311757807,0.675660452941661,1,0.711612934939995,0.938798520036017
"0",1,1,1,"1","0",0,1,1,"1","0",1,1,1,"1","0",1,1,1,"1","0",1,1,1,"0","0",0,1,1,"0","0",0,0,1,"0","0",1,1,1,"1","0",1,1,1,"1","0",1,1,1,"0",0.472950219200789,0.380675228490107,1,0.28266501913399,0.612375492731625
"0",0,0,1,"0","0",0,0,1,"1","1",1,1,1,"1","0",0,1,1,"1","0",0,1,1,"0","0",1,1,1,"0","0",1,1,1,"0","0",1,1,1,"0","0",0,0,1,"0","0",0,0,1,"1",0.550681303923571,0.668149389893929,1,0.540211786958105,0.942929584388493
"0",0,1,1,"0","1",1,1,1,"1","0",1,1,1,"0","0",0,0,1,"1","0",1,1,1,"0","0",1,1,1,"0","1",1,1,1,"0","0",0,1,1,"1","0",0,1,1,"1","0",1,1,1,"0",0.564613178486888,0.45659998273881,1,0.471011636600095,0.836078327051205
"0",0,0,1,"1","1",1,1,1,"0","1",1,1,1,"0","0",0,0,1,"0","0",0,1,1,"0","0",0,1,1,"0","1",1,1,1,"1","0",1,1,1,"1","0",1,1,1,"1","0",1,1,1,"1",0.477380422757083,0.607434010070674,0,0.373651296858786,0.23585051274825
"1",1,1,1,"0","0",0,1,1,"1","0",0,1,1,"1","0",1,1,1,"0","1",1,1,1,"0","1",1,1,1,"1","1",1,1,1,"0","0",0,1,1,"0","1",1,1,1,"1","0",0,1,1,"0",0.33988656408685,0.27045813106445,0,0.296673028378729,0.805388157398475
"0",0,1,1,"0","0",0,0,1,"0","1",1,1,1,"0","1",1,1,1,"1","0",0,1,1,"0","0",0,0,1,"1","1",1,1,1,"1","0",1,1,1,"0","0",1,1,1,"0","0",1,1,1,"0",0.517500171932007,0.417576112328602,1,0.441277211127631,0.555742122077721
"0",0,0,1,"1","0",1,1,1,"0","0",0,1,1,"1","1",1,1,1,"0","0",0,0,1,"0","0",0,0,1,"1","0",1,1,1,"1","1",1,1,1,"1","0",1,1,1,"1","1",1,1,1,"0",0.372366483421383,0.520450591699188,0,0.570022010409814,0.493719389827084
"1",1,1,1,"1","0",1,1,1,"1","0",1,1,1,"1","0",0,0,1,"1","1",1,1,1,"1","0",1,1,1,"1","1",1,1,1,"0","1",1,1,1,"0","0",0,0,1,"1","1",1,1,1,"0",0.470732760127396,0.378838499275655,0,0.393583133174642,0.307777878911979
"1",1,1,1,"0","0",1,1,1,"0","1",1,1,1,"0","0",1,1,1,"1","0",1,1,1,"0","1",1,1,1,"0","0",0,0,1,"0","1",1,1,1,"0","0",0,0,1,"1","0",0,0,1,"1",0.433742135968632,0.348199034102003,1,0.417075229164662,0.684220410202022
"1",1,1,1,"1","0",0,1,1,"1","0",0,0,1,"1","0",0,1,1,"0","0",1,1,1,"0","1",1,1,1,"0","0",0,0,1,"0","0",0,0,1,"0","0",0,0,1,"0","0",0,0,1,"0",0.537249939262153,0.433934914648416,1,0.340555857423429,0.871894949629675
"1",1,1,1,"0","1",1,1,1,"1","1",1,1,1,"0","0",0,1,1,"0","0",1,1,1,"0","1",1,1,1,"0","1",1,1,1,"1","1",1,1,1,"0","1",1,1,1,"1","0",0,0,1,"1",0.27563602974301,0.217239185610398,0,0.354386431285745,0.749587305947083
"0",1,1,1,"1","1",1,1,1,"1","0",0,0,1,"1","0",1,1,1,"0","0",0,0,1,"1","0",1,1,1,"1","0",0,1,1,"0","0",0,1,1,"0","1",1,1,1,"1","0",0,0,1,"1",0.522364622527402,0.421605354007977,1,0.422720632762044,0.803806804121916
"0",0,1,1,"1","1",1,1,1,"1","0",0,0,1,"0","1",1,1,1,"1","0",1,1,1,"0","0",1,1,1,"1","1",1,1,1,"0","0",0,1,1,"0","0",1,1,1,"0","0",1,1,1,"1",0.514216400716356,0.414856152985166,1,0.402513802612978,0.613517956606467
"1",1,1,1,"1","0",1,1,1,"1","1",1,1,1,"1","0",0,0,1,"1","0",1,1,1,"1","1",1,1,1,"0","0",0,1,1,"1","0",0,1,1,"0","1",1,1,1,"1","0",0,0,1,"0",0.40601135704758,0.325229531577713,1,0.234911630507431,0.690007969446822
"0",0,1,1,"1","0",0,1,1,"1","1",1,1,1,"1","1",1,1,1,"1","1",1,1,1,"1","1",1,1,1,"0","0",0,0,1,"1","0",0,1,1,"0","0",1,1,1,"0","0",0,0,1,"0",0.29435060869839,0.232740537728218,0,0.240195116440893,0.947052133285029
"0",0,0,1,"0","0",0,0,1,"1","0",0,0,1,"0","0",0,0,1,"1","1",1,1,1,"1","1",1,1,1,"1","1",1,1,1,"1","1",1,1,1,"0","0",0,1,1,"0","0",1,1,1,"0",0.548228306247643,0.666117563219686,0,0.584621611820863,0.11686746014248
"0",0,0,1,"1","0",0,1,1,"1","0",1,1,1,"0","1",1,1,1,"0","0",0,1,1,"0","0",0,0,1,"0","0",1,1,1,"0","0",1,1,1,"0","0",1,1,1,"0","1",1,1,1,"0",0.441689022902575,0.577870696995786,1,0.692963262911149,0.465342148838845
"0",0,0,1,"1","0",0,0,1,"0","0",0,1,1,"0","1",1,1,1,"1","0",1,1,1,"0","1",1,1,1,"1","0",1,1,1,"0","0",1,1,1,"1","0",0,0,1,"1","1",1,1,1,"0",0.47691532788512,0.607048770338823,1,0.575058535019916,0.737926937572665
"0",0,0,1,"1","1",1,1,1,"0","0",0,1,1,"1","0",1,1,1,"1","0",1,1,1,"0","1",1,1,1,"0","0",0,0,1,"0","0",0,1,1,"1","0",0,1,1,"1","0",0,0,1,"1",0.532584646642958,0.430070636227019,1,0.546105383084236,0.730067316293416
"1",1,1,1,"1","1",1,1,1,"1","0",0,1,1,"1","0",1,1,1,"1","0",0,1,1,"0","0",1,1,1,"0","0",0,1,1,"1","1",1,1,1,"0","0",1,1,1,"1","1",1,1,1,"1",0.428680518018493,0.344006478003463,0,0.487442034601717,0.171484618529807
"0",1,1,1,"0","0",1,1,1,"0","0",0,1,1,"0","0",1,1,1,"1","0",1,1,1,"0","0",0,0,1,"1","0",0,0,1,"1","0",1,1,1,"0","0",0,0,1,"1","0",0,0,1,"0",0.493612180689252,0.397789604466245,1,0.474193498454625,0.635224173651733
"0",1,1,1,"0","0",0,1,1,"0","1",1,1,1,"0","1",1,1,1,"0","0",0,1,1,"0","0",0,0,1,"0","1",1,1,1,"0","0",0,0,1,"0","0",1,1,1,"0","0",0,1,1,"0",0.349949957806507,0.278793675771098,0,0.441981548918734,0.922238487033788
"0",0,0,1,"1","0",0,1,1,"1","0",0,0,1,"1","0",0,1,1,"0","1",1,1,1,"1","0",0,0,1,"0","0",1,1,1,"1","0",1,1,1,"1","0",0,0,1,"0","0",1,1,1,"0",0.601353303763179,0.487031958799744,1,0.494889596959694,0.760771247826015
"0",1,1,1,"1","1",1,1,1,"0","0",1,1,1,"1","0",0,0,1,"0","0",0,0,1,"0","0",0,0,1,"1","0",0,1,1,"1","0",0,1,1,"0","0",0,1,1,"1","0",0,1,1,"0",0.493264439418469,0.397501569138431,1,0.38930229421362,0.667579918056709
"1",1,1,1,"0","0",1,1,1,"1","1",1,1,1,"0","0",1,1,1,"1","0",0,0,1,"1","0",0,1,1,"1","1",1,1,1,"0","0",1,1,1,"1","1",1,1,1,"0","0",0,1,1,"1",0.367990522473049,0.293736739463159,0,0.22196413594439,0.72504451721588
"0",0,0,1,"0","0",0,1,1,"1","0",0,0,1,"0","0",0,0,1,"1","0",0,0,1,"1","0",0,0,1,"1","1",1,1,1,"1","1",1,1,1,"1","1",1,1,1,"0","0",0,1,1,"1",0.677534782762659,0.773222576287458,1,0.90545649818735,0.984396656943585
"0",0,0,1,"0","0",0,0,1,"1","0",0,1,1,"0","0",0,0,1,"0","0",0,1,1,"1","0",0,0,1,"0","0",0,1,1,"1","0",0,1,1,"0","0",0,1,1,"0","0",0,0,1,"0",0.65922915597477,0.534970732436585,0,0.72440212113456,0.156597020428786
"0",0,1,1,"1","0",0,1,1,"0","1",1,1,1,"1","1",1,1,1,"0","0",0,0,1,"0","0",0,1,1,"0","0",1,1,1,"1","0",1,1,1,"1","1",1,1,1,"0","1",1,1,1,"1",0.386677167287722,0.309214953633166,1,0.269642245053361,0.172504661572043
"0",0,0,1,"1","0",0,0,1,"1","1",1,1,1,"0","1",1,1,1,"0","0",0,0,1,"0","0",0,1,1,"0","1",1,1,1,"0","0",0,1,1,"0","0",0,0,1,"1","1",1,1,1,"0",0.394295240915852,0.538614259299646,0,0.27588373619925,0.462570238941352
"1",1,1,1,"1","1",1,1,1,"1","1",1,1,1,"0","0",0,0,1,"1","1",1,1,1,"1","0",1,1,1,"0","0",0,1,1,"0","1",1,1,1,"1","0",1,1,1,"1","0",0,1,1,"0",0.348836172499543,0.277871123451429,0,0.345253421481039,0.824432734118106
"0",0,1,1,"0","0",0,1,1,"0","0",0,0,1,"0","0",0,0,1,"0","0",0,0,1,"0","0",0,1,1,"0","0",1,1,1,"0","1",1,1,1,"1","0",0,0,1,"0","0",1,1,1,"0",0.797844754002609,0.649786523867145,1,0.746187744300938,0.986203748292517
"0",1,1,1,"1","0",0,0,1,"1","0",0,0,1,"0","0",1,1,1,"1","0",0,0,1,"1","0",1,1,1,"0","1",1,1,1,"0","1",1,1,1,"1","0",1,1,1,"0","1",1,1,1,"0",0.642469581358897,0.521088717346375,1,0.549271718976379,0.933775470611975
"0",0,0,1,"0","0",1,1,1,"0","0",0,1,1,"1","0",1,1,1,"1","1",1,1,1,"0","0",0,1,1,"1","1",1,1,1,"1","0",0,1,1,"1","1",1,1,1,"0","0",0,0,1,"0",0.478120698334436,0.38495795469301,0,0.513543760020623,0.686273717460314
"0",1,1,1,"0","0",0,1,1,"1","0",0,1,1,"0","1",1,1,1,"1","1",1,1,1,"0","0",1,1,1,"1","0",0,0,1,"0","0",0,1,1,"0","1",1,1,1,"0","1",1,1,1,"1",0.433705551013394,0.348168730653835,0,0.301575433737533,0.724930116655274
"0",0,1,1,"1","0",0,0,1,"0","1",1,1,1,"1","0",0,0,1,"1","1",1,1,1,"0","0",0,1,1,"1","0",0,1,1,"1","1",1,1,1,"1","0",1,1,1,"1","0",1,1,1,"1",0.534932981504203,0.432015770320684,1,0.426218504311799,0.510619048398142
"0",0,0,1,"1","0",0,1,1,"1","0",0,0,1,"1","0",0,0,1,"1","0",1,1,1,"0","1",1,1,1,"1","1",1,1,1,"0","1",1,1,1,"0","1",1,1,1,"1","1",1,1,1,"0",0.613075899005155,0.719831054275181,1,0.721520587514236,0.985592118300924
"0",0,1,1,"0","0",1,1,1,"1","1",1,1,1,"0","1",1,1,1,"0","0",1,1,1,"0","1",1,1,1,"1","0",0,1,1,"1","0",1,1,1,"0","1",1,1,1,"0","0",0,0,1,"1",0.36614830719414,0.292210826014438,0,0.385052336945072,0.773226416685029
"0",0,0,1,"0","0",0,0,1,"1","1",1,1,1,"1","0",1,1,1,"1","0",0,1,1,"1","1",1,1,1,"1","0",0,0,1,"1","0",1,1,1,"0","0",0,0,1,"1","0",1,1,1,"1",0.386060207159986,0.531793151635073,1,0.575423781413009,0.777960303597753
"1",1,1,1,"0","1",1,1,1,"1","0",0,1,1,"0","0",0,0,1,"0","0",1,1,1,"0","1",1,1,1,"1","0",0,0,1,"0","0",0,1,1,"1","0",0,0,1,"1","0",1,1,1,"0",0.399909286260147,0.320175164704198,0,0.564908630413259,0.460059027668462
"1",1,1,1,"0","1",1,1,1,"0","0",0,1,1,"0","0",0,0,1,"1","0",0,0,1,"0","1",1,1,1,"0","0",0,0,1,"0","0",1,1,1,"0","0",1,1,1,"1","0",1,1,1,"0",0.685488026577744,0.55672104808106,1,0.429196217768842,0.992838814040705
"0",0,0,1,"0","0",0,1,1,"1","0",0,0,1,"0","1",1,1,1,"0","0",0,1,1,"0","0",0,1,1,"0","0",0,0,1,"1","0",0,0,1,"1","0",1,1,1,"1","0",1,1,1,"0",0.475259540322003,0.605677275628234,0,0.486326758586366,0.245372859939573
"0",0,1,1,"0","0",1,1,1,"1","1",1,1,1,"1","0",0,1,1,"1","0",0,1,1,"0","1",1,1,1,"0","0",0,1,1,"1","1",1,1,1,"1","0",0,1,1,"1","0",0,0,1,"0",0.500473357281951,0.403472741370342,1,0.38323406058024,0.814858682741458
"1",1,1,1,"0","0",1,1,1,"1","1",1,1,1,"0","0",0,0,1,"0","0",0,1,1,"0","0",0,1,1,"0","0",0,0,1,"1","1",1,1,1,"0","0",0,0,1,"0","0",1,1,1,"0",0.401093446088208,0.321156008489265,1,0.394133480441307,0.720717177811554
"1",1,1,1,"0","0",1,1,1,"0","0",1,1,1,"0","0",1,1,1,"1","0",0,0,1,"0","0",1,1,1,"1","0",1,1,1,"1","1",1,1,1,"1","0",0,1,1,"0","1",1,1,1,"1",0.46075708656242,0.370575613484219,1,0.308051199154674,0.756948611956744
"0",1,1,1,"1","0",0,0,1,"1","0",1,1,1,"1","1",1,1,1,"1","0",0,0,1,"1","0",1,1,1,"1","0",1,1,1,"0","0",1,1,1,"0","0",0,1,1,"1","0",1,1,1,"0",0.563889970842165,0.456000947281915,0,0.490957263083477,0.140766396813139
"0",0,0,1,"0","1",1,1,1,"0","0",0,1,1,"1","0",1,1,1,"0","0",0,0,1,"0","0",0,0,1,"1","0",0,0,1,"0","0",0,1,1,"1","1",1,1,1,"1","0",0,1,1,"0",0.486543997759359,0.391935003478926,1,0.424082217397789,0.436128436030395
"0",1,1,1,"1","1",1,1,1,"0","0",0,1,1,"0","1",1,1,1,"1","0",0,0,1,"0","0",0,0,1,"0","0",0,0,1,"1","0",1,1,1,"0","0",0,1,1,"0","0",0,0,1,"1",0.47360270381559,0.381215683810508,1,0.292505153656568,0.576766614299872
"0",0,1,1,"1","0",1,1,1,"1","1",1,1,1,"1","0",0,0,1,"1","0",0,1,1,"0","1",1,1,1,"0","0",0,1,1,"0","1",1,1,1,"0","0",1,1,1,"1","1",1,1,1,"1",0.564097525048992,0.456172865167496,1,0.282031078916109,0.912317099143613
"0",0,0,1,"1","1",1,1,1,"1","0",1,1,1,"0","0",0,1,1,"1","0",0,0,1,"0","0",1,1,1,"0","0",0,1,1,"1","0",0,1,1,"0","0",1,1,1,"1","0",1,1,1,"0",0.562403416470817,0.454769629024234,1,0.434603488748436,0.877550708559274
"0",0,0,1,"0","0",0,1,1,"1","0",1,1,1,"0","1",1,1,1,"0","0",0,0,1,"1","0",1,1,1,"0","0",0,0,1,"1","1",1,1,1,"1","0",0,0,1,"1","0",1,1,1,"1",0.450301808836574,0.585004698129161,1,0.625520110263061,0.756169079739599
"0",0,1,1,"0","0",1,1,1,"1","0",1,1,1,"1","0",0,1,1,"1","0",0,1,1,"0","0",0,0,1,"0","0",0,0,1,"0","0",1,1,1,"1","0",0,1,1,"0","0",1,1,1,"0",0.53513788085717,0.432185489181398,1,0.44170496290056,0.801853028741828
"0",1,1,1,"0","0",0,0,1,"0","0",1,1,1,"1","1",1,1,1,"1","0",1,1,1,"1","0",0,1,1,"0","0",0,0,1,"1","0",0,1,1,"1","0",1,1,1,"0","0",0,0,1,"1",0.500678898507412,0.40364299189632,0,0.491622568699958,0.563205407763491
"1",1,1,1,"1","0",0,1,1,"0","0",1,1,1,"1","1",1,1,1,"0","0",0,0,1,"0","0",0,0,1,"0","0",0,0,1,"0","0",0,1,1,"0","1",1,1,1,"0","1",1,1,1,"0",0.401216002301045,0.32125752223499,0,0.300584810927999,0.702750809214278
"0",0,1,1,"1","0",1,1,1,"1","0",0,0,1,"0","0",1,1,1,"1","0",1,1,1,"1","1",1,1,1,"0","0",1,1,1,"0","1",1,1,1,"0","0",1,1,1,"0","0",1,1,1,"0",0.535604879224323,0.432572305585067,1,0.384407762531978,0.73566338693582
"0",1,1,1,"1","0",0,0,1,"1","0",0,0,1,"0","0",0,0,1,"1","0",0,1,1,"0","1",1,1,1,"1","0",0,0,1,"0","0",0,1,1,"0","0",0,1,1,"0","0",0,1,1,"1",0.727419976100158,0.591453430577259,1,0.679828808192551,0.985690286183533
"1",1,1,1,"0","0",0,0,1,"1","0",0,1,1,"0","1",1,1,1,"0","0",1,1,1,"1","0",1,1,1,"0","0",1,1,1,"0","1",1,1,1,"1","0",0,1,1,"0","0",0,0,1,"0",0.439882375500599,0.353285016281977,0,0.45263980695528,0.605589322441209
"0",1,1,1,"1","1",1,1,1,"0","1",1,1,1,"0","0",1,1,1,"1","0",1,1,1,"1","0",0,1,1,"0","0",0,1,1,"0","1",1,1,1,"1","0",0,1,1,"0","1",1,1,1,"0",0.37406648913546,0.298769484197344,0,0.319102583032004,0.88204220717866
"0",0,0,1,"0","0",1,1,1,"0","0",1,1,1,"1","0",1,1,1,"1","1",1,1,1,"1","1",1,1,1,"0","0",0,0,1,"1","0",1,1,1,"1","1",1,1,1,"1","0",1,1,1,"1",0.316900765086628,0.47450814049979,0,0.290105516551026,0.790964842245534
"1",1,1,1,"0","0",0,1,1,"1","0",0,1,1,"0","0",0,1,1,"1","1",1,1,1,"1","0",0,1,1,"0","0",0,0,1,"0","1",1,1,1,"0","0",0,1,1,"1","1",1,1,1,"0",0.418670926714324,0.335715498028369,1,0.345202127980055,0.546326175150698
"0",1,1,1,"1","1",1,1,1,"1","0",0,0,1,"0","0",0,0,1,"1","1",1,1,1,"1","1",1,1,1,"1","1",1,1,1,"0","1",1,1,1,"1","0",0,0,1,"0","1",1,1,1,"0",0.535570308160118,0.432543670249984,1,0.500194219046973,0.74639465762251
"0",0,1,1,"1","0",0,0,1,"1","0",1,1,1,"1","0",0,1,1,"0","0",0,1,1,"1","0",0,1,1,"0","0",0,1,1,"1","0",0,0,1,"1","1",1,1,1,"1","0",1,1,1,"1",0.58020800467588,0.46951723257639,1,0.506295122520669,0.709083697358342
"1",1,1,1,"0","1",1,1,1,"0","0",1,1,1,"1","0",1,1,1,"0","1",1,1,1,"0","1",1,1,1,"0","0",0,0,1,"0","0",0,1,1,"1","0",1,1,1,"1","0",0,0,1,"0",0.283081738816262,0.223406492841114,0,0.32924983996446,0.898215301097613
"0",0,1,1,"0","1",1,1,1,"1","1",1,1,1,"1","0",0,1,1,"0","0",0,0,1,"1","0",1,1,1,"1","1",1,1,1,"1","0",0,0,1,"1","0",0,1,1,"0","0",0,0,1,"0",0.412440289823659,0.330554639395601,0,0.275199804689138,0.680771051694356
"0",0,1,1,"0","0",0,0,1,"1","0",0,1,1,"1","1",1,1,1,"1","0",1,1,1,"1","0",0,0,1,"0","0",0,1,1,"1","0",1,1,1,"0","0",0,0,1,"0","0",0,0,1,"1",0.545259308092369,0.440569103254779,0,0.66378619713661,0.242953699622772
"0",1,1,1,"0","0",0,0,1,"0","0",0,1,1,"1","0",0,0,1,"1","0",0,1,1,"1","0",0,0,1,"0","0",0,0,1,"0","0",1,1,1,"0","1",1,1,1,"1","0",1,1,1,"0",0.659307127801605,0.535035316777271,1,0.516850136962405,0.906779704538179
"1",1,1,1,"1","0",0,0,1,"1","0",0,1,1,"1","0",1,1,1,"1","1",1,1,1,"1","0",1,1,1,"1","0",1,1,1,"0","0",1,1,1,"1","0",1,1,1,"0","0",1,1,1,"0",0.402621864057807,0.322422002513841,0,0.238198140231407,0.637256734315747
"0",0,0,1,"1","0",0,1,1,"1","0",1,1,1,"0","1",1,1,1,"0","1",1,1,1,"1","0",0,1,1,"0","0",0,1,1,"1","0",1,1,1,"0","0",0,1,1,"1","0",0,1,1,"0",0.321481984123448,0.478302780474748,0,0.190456925576794,0.904126976275161
"0",1,1,1,"0","0",1,1,1,"0","0",1,1,1,"1","0",0,1,1,"1","0",0,1,1,"1","0",0,1,1,"1","0",0,0,1,"0","0",0,0,1,"1","0",0,0,1,"0","0",1,1,1,"0",0.511508283572909,0.412613009951226,1,0.426342742578598,0.580170385684327
"0",0,1,1,"1","0",0,0,1,"1","0",0,1,1,"0","0",0,1,1,"0","0",0,1,1,"1","0",0,0,1,"0","1",1,1,1,"1","0",0,1,1,"0","0",0,0,1,"1","0",0,0,1,"0",0.643597042688352,0.522022597563973,1,0.582706955610772,0.867058365854605
"0",0,1,1,"0","1",1,1,1,"1","1",1,1,1,"0","1",1,1,1,"1","0",0,1,1,"1","0",1,1,1,"1","1",1,1,1,"1","0",0,1,1,"0","0",0,0,1,"0","0",1,1,1,"0",0.405155824105729,0.32452089060793,0,0.412885118380884,0.654661550899927
"0",0,0,1,"1","0",0,0,1,"1","0",0,0,1,"0","0",0,0,1,"1","0",0,0,1,"1","1",1,1,1,"0","0",1,1,1,"1","1",1,1,1,"0","1",1,1,1,"1","1",1,1,1,"1",0.787651563030324,0.864432695899522,1,0.676714598385485,0.998811224632008
"0",0,0,1,"1","0",1,1,1,"1","1",1,1,1,"0","0",0,1,1,"1","0",0,0,1,"1","0",1,1,1,"0","0",1,1,1,"1","0",1,1,1,"0","0",1,1,1,"0","0",0,1,1,"1",0.546642648921763,0.441714929369623,1,0.452210846241428,0.763753017100062
"0",1,1,1,"0","0",0,0,1,"0","1",1,1,1,"0","0",0,1,1,"0","0",0,1,1,"0","0",0,1,1,"0","0",0,1,1,"0","0",1,1,1,"1","1",1,1,1,"0","0",0,0,1,"1",0.511440271978861,0.412556675706681,0,0.607627013641756,0.492544067432565
"0",0,1,1,"0","1",1,1,1,"0","0",0,1,1,"1","1",1,1,1,"1","0",0,1,1,"1","1",1,1,1,"0","1",1,1,1,"1","0",1,1,1,"0","0",1,1,1,"1","0",1,1,1,"0",0.494943953195807,0.398892716356401,1,0.486696325892243,0.606214177297202
"1",1,1,1,"1","0",0,0,1,"0","0",0,1,1,"0","1",1,1,1,"1","0",1,1,1,"0","0",0,1,1,"0","0",0,1,1,"0","1",1,1,1,"0","1",1,1,1,"0","0",0,1,1,"1",0.412787961394651,0.330842616990831,0,0.289157752572824,0.68437672495626
"0",0,0,1,"1","1",1,1,1,"1","0",1,1,1,"1","0",1,1,1,"1","1",1,1,1,"0","1",1,1,1,"1","1",1,1,1,"0","1",1,1,1,"0","0",0,1,1,"0","0",0,0,1,"1",0.403453882966744,0.323111166726772,1,0.236688883020044,0.288029205898206
"0",1,1,1,"1","0",0,0,1,"1","0",1,1,1,"0","0",0,1,1,"0","0",0,0,1,"0","0",1,1,1,"0","0",0,0,1,"1","0",1,1,1,"1","0",0,1,1,"1","0",0,1,1,"1",0.594867345764443,0.481659616787695,1,0.539500634158803,0.944358785936378
"0",0,0,1,"0","0",0,0,1,"1","0",0,0,1,"0","1",1,1,1,"0","0",0,0,1,"1","0",0,0,1,"1","0",0,0,1,"0","0",1,1,1,"1","0",1,1,1,"0","0",1,1,1,"1",0.589230265542702,0.700079631512465,0,0.49657970096368,0.143179012839292
"1",1,1,1,"0","1",1,1,1,"1","1",1,1,1,"0","1",1,1,1,"1","0",1,1,1,"0","0",1,1,1,"1","0",0,1,1,"0","0",0,0,1,"1","0",0,0,1,"0","0",0,1,1,"0",0.262167247114627,0.206082945193837,0,0.263432876226123,0.891846215807461
"0",1,1,1,"0","0",0,1,1,"1","0",0,1,1,"1","0",1,1,1,"1","0",1,1,1,"1","0",0,0,1,"1","0",0,1,1,"1","0",0,0,1,"1","0",0,0,1,"1","0",0,0,1,"1",0.535583789958866,0.432554837271699,1,0.38887098650197,0.748068641376481
"0",0,0,1,"0","0",1,1,1,"0","0",1,1,1,"0","0",0,0,1,"1","1",1,1,1,"1","0",0,0,1,"1","0",1,1,1,"1","1",1,1,1,"0","0",1,1,1,"1","0",0,0,1,"0",0.599530949248815,0.485522496092728,1,0.545228383499461,0.756314411278183
"0",0,1,1,"1","0",0,1,1,"0","0",0,0,1,"0","0",1,1,1,"0","0",1,1,1,"1","1",1,1,1,"1","0",1,1,1,"1","0",0,0,1,"1","1",1,1,1,"1","0",1,1,1,"0",0.564129406194108,0.456199272433058,0,0.461978002494571,0.556926635473503
"0",1,1,1,"1","0",1,1,1,"0","0",0,1,1,"1","0",0,1,1,"1","0",0,0,1,"1","0",0,1,1,"0","0",0,1,1,"1","0",1,1,1,"1","0",1,1,1,"1","0",1,1,1,"0",0.634205381870015,0.514243451601711,1,0.58325934965909,0.954268931010507
"1",1,1,1,"1","1",1,1,1,"0","0",0,0,1,"1","0",0,0,1,"0","0",0,1,1,"1","0",0,1,1,"1","0",1,1,1,"1","0",1,1,1,"0","0",0,0,1,"1","1",1,1,1,"1",0.555052147566049,0.448680546919995,0,0.553354920319677,0.139318891362053
"0",0,1,1,"1","0",1,1,1,"0","1",1,1,1,"0","1",1,1,1,"1","0",0,0,1,"0","0",1,1,1,"0","0",0,0,1,"1","0",0,0,1,"0","1",1,1,1,"0","0",1,1,1,"1",0.354241515439315,0.282348388177863,0,0.258843891340906,0.830709606966044
"0",1,1,1,"0","0",1,1,1,"1","0",0,1,1,"1","0",1,1,1,"0","1",1,1,1,"1","0",1,1,1,"1","0",0,1,1,"0","0",1,1,1,"1","0",0,1,1,"0","1",1,1,1,"1",0.384611456886232,0.307503918381811,0,0.339207736438583,0.894206220458856
"1",1,1,1,"0","0",0,0,1,"1","0",0,1,1,"0","0",1,1,1,"0","1",1,1,1,"0","0",0,0,1,"1","0",1,1,1,"0","0",0,1,1,"1","0",0,0,1,"1","0",0,1,1,"0",0.442261706490317,0.355255824578781,0,0.372411786651909,0.608063256996757
"0",0,1,1,"1","0",1,1,1,"0","0",0,1,1,"1","0",1,1,1,"1","0",1,1,1,"1","1",1,1,1,"1","0",0,1,1,"1","0",0,0,1,"0","0",0,0,1,"1","0",1,1,1,"0",0.55391352971803,0.447737425718505,1,0.223103317635941,0.791758264254207
"0",0,1,1,"1","1",1,1,1,"0","0",0,0,1,"0","0",1,1,1,"0","0",0,1,1,"1","0",0,0,1,"0","0",1,1,1,"1","0",0,0,1,"0","1",1,1,1,"1","0",1,1,1,"1",0.502662036271911,0.405285631939622,1,0.0881284089437208,0.294059683483878
"0",0,1,1,"0","0",0,0,1,"0","1",1,1,1,"0","0",0,1,1,"1","0",0,1,1,"1","0",1,1,1,"1","1",1,1,1,"1","0",0,0,1,"0","0",0,0,1,"0","0",1,1,1,"0",0.577615888881364,0.467370173871155,1,0.493097247557787,0.733925060324195
"1",1,1,1,"1","0",0,1,1,"1","0",1,1,1,"0","1",1,1,1,"0","0",1,1,1,"1","0",0,0,1,"0","0",0,0,1,"0","0",1,1,1,"0","0",1,1,1,"1","0",1,1,1,"0",0.368509357679108,0.294166492504327,0,0.392006725104034,0.872622583836929
"0",0,1,1,"0","1",1,1,1,"0","1",1,1,1,"1","0",0,1,1,"0","0",1,1,1,"0","0",0,0,1,"0","1",1,1,1,"0","0",0,0,1,"0","1",1,1,1,"0","1",1,1,1,"1",0.307667067062066,0.243770607416122,0,0.28219507410481,0.964642458452443
"0",0,0,1,"1","0",1,1,1,"0","0",0,1,1,"0","0",1,1,1,"1","1",1,1,1,"1","0",0,0,1,"1","1",1,1,1,"1","0",0,1,1,"1","0",0,0,1,"1","0",1,1,1,"0",0.399665664081957,0.543062599853712,1,0.497085308959634,0.289314300724254
"0",0,1,1,"1","0",1,1,1,"1","0",0,0,1,"0","1",1,1,1,"0","0",0,0,1,"1","1",1,1,1,"1","0",1,1,1,"1","0",1,1,1,"0","0",0,0,1,"1","0",0,0,1,"1",0.566755345842091,0.458374347556072,1,0.482003777894939,0.868121325422393
"1",1,1,1,"0","1",1,1,1,"1","0",0,1,1,"0","0",0,0,1,"0","1",1,1,1,"1","0",0,0,1,"1","0",1,1,1,"0","0",1,1,1,"0","1",1,1,1,"0","1",1,1,1,"0",0.381556102422167,0.304973157443766,0,0.381798406943171,0.90225080509918
"0",1,1,1,"0","0",0,1,1,"1","0",0,0,1,"0","0",0,0,1,"0","0",1,1,1,"0","0",0,0,1,"0","0",1,1,1,"1","0",0,1,1,"1","0",0,1,1,"0","1",1,1,1,"0",0.589665480643391,0.477350893460118,0,0.603876972492868,0.200888019229349
"0",0,1,1,"0","0",1,1,1,"0","0",0,1,1,"0","1",1,1,1,"0","0",0,0,1,"0","0",0,0,1,"0","0",0,1,1,"1","0",0,1,1,"0","0",0,1,1,"0","0",1,1,1,"0",0.475531605025416,0.38281339952323,0,0.597803265507979,0.603884456187386
"0",1,1,1,"1","0",0,0,1,"0","0",1,1,1,"0","1",1,1,1,"0","1",1,1,1,"1","0",1,1,1,"0","0",1,1,1,"0","0",0,0,1,"1","0",1,1,1,"0","0",0,0,1,"0",0.388404037581104,0.31064532642132,0,0.461007465513843,0.936033049866064
"1",1,1,1,"0","1",1,1,1,"1","0",0,0,1,"1","1",1,1,1,"0","1",1,1,1,"1","0",0,1,1,"0","0",0,0,1,"0","1",1,1,1,"1","0",0,1,1,"0","0",0,1,1,"0",0.280349186366424,0.221143109956235,0,0.0944748035792185,0.898801262149902
"0",0,0,1,"1","0",1,1,1,"1","0",1,1,1,"0","0",1,1,1,"1","0",1,1,1,"1","1",1,1,1,"1","0",0,1,1,"0","1",1,1,1,"1","1",1,1,1,"0","1",1,1,1,"0",0.514087733985421,0.414749577875631,1,0.385052936354729,0.512732497884423
"1",1,1,1,"1","1",1,1,1,"0","0",1,1,1,"0","1",1,1,1,"1","0",0,1,1,"0","0",0,0,1,"1","0",0,1,1,"0","1",1,1,1,"1","1",1,1,1,"1","1",1,1,1,"1",0.284583644043755,0.224650526267379,0,0.260301811137919,0.930654662137288
"0",1,1,1,"0","1",1,1,1,"0","0",1,1,1,"0","0",0,1,1,"1","0",1,1,1,"1","0",0,1,1,"0","0",1,1,1,"1","1",1,1,1,"1","0",0,1,1,"0","0",1,1,1,"1",0.379030810695453,0.302881449350876,0,0.581354850370683,0.726043113708324
"0",0,0,1,"1","0",1,1,1,"1","0",0,0,1,"0","0",1,1,1,"1","0",1,1,1,"1","1",1,1,1,"0","0",0,1,1,"0","0",0,1,1,"0","1",1,1,1,"0","0",0,0,1,"1",0.532518640973345,0.653105191760484,0,0.369046508823108,0.14916109371876
"1",1,1,1,"0","0",0,0,1,"0","1",1,1,1,"1","1",1,1,1,"0","0",1,1,1,"0","1",1,1,1,"1","0",1,1,1,"0","0",1,1,1,"0","0",0,1,1,"0","1",1,1,1,"1",0.389788683937331,0.31179223390867,0,0.390677180975155,0.739583919246413
"0",0,0,1,"1","0",0,1,1,"1","0",0,1,1,"1","0",1,1,1,"0","1",1,1,1,"1","1",1,1,1,"1","0",0,1,1,"0","0",0,1,1,"0","1",1,1,1,"1","0",0,1,1,"0",0.494825537357011,0.398794632097178,0,0.477874715409107,0.711122841359435
"1",1,1,1,"0","1",1,1,1,"1","0",1,1,1,"1","0",0,0,1,"1","0",0,1,1,"0","1",1,1,1,"1","0",0,0,1,"1","1",1,1,1,"1","1",1,1,1,"1","0",0,1,1,"1",0.443093017817889,0.355944402699558,0,0.278759066041067,0.146744223697776
"0",1,1,1,"1","0",0,1,1,"0","0",1,1,1,"0","1",1,1,1,"1","1",1,1,1,"0","0",0,1,1,"0","0",0,1,1,"1","1",1,1,1,"0","1",1,1,1,"1","1",1,1,1,"0",0.405275794120819,0.324620262196888,0,0.274093693924599,0.798286164705467
