"IPW","data_train_enc_0.1_1",500,1,100.0,3600,2,540.1190182096711,0.0,1.3798260688781738,4.10266131621637,77.2,42.4,175.70503109258362,53.38,42.08,"log"
"IPW","data_train_enc_0.1_1",500,1,100.0,3600,2,336.5547622976634,0.0,1.6063487529754639,7.828677501578759,67.60000000000001,51.800000000000004,136.91917201397027,62.53999999999999,50.17,"tree"
"IPW","data_train_enc_0.1_1",500,1,100.0,3600,2,345.52346417697356,0.0,1.124260425567627,7.828677501578759,67.60000000000001,51.800000000000004,136.91917201397027,62.53999999999999,50.17,"true"
"IPW","data_train_enc_0.1_1",500,2,100.0,3600,2,611.564544801854,0.0,19.82275152206421,12.68492777899781,52.6,67.4,206.97314832524992,45.440000000000005,65.84,"log"
"IPW","data_train_enc_0.1_1",500,2,100.0,3600,2,360.85903737113154,0.0,32.860641956329346,7.690524941812769,67.0,54.400000000000006,158.39268833230938,59.19,50.0,"tree"
"IPW","data_train_enc_0.1_1",500,2,100.0,3600,2,366.3274678551903,0.0,21.184508085250854,7.690524941812769,67.0,54.400000000000006,158.39268833230938,59.19,50.0,"true"
"IPW","data_train_enc_0.1_1",500,3,100.0,3600,9,637.1695878166742,11.322070936714221,3601.5046248435974,13.089287282879427,51.6,72.2,224.2562145054071,43.05,68.4,"log"
"IPW","data_train_enc_0.1_1",500,3,100.0,3600,9,373.6014582868322,37.502526803471326,3601.502763032913,7.87543382026646,65.8,54.2,148.1633555286189,60.97,48.59,"tree"
"IPW","data_train_enc_0.1_1",500,3,100.0,3600,9,381.9315059126663,39.12703469864922,3601.5217711925507,7.502113548798973,67.80000000000001,54.0,136.3003955509125,61.77,47.8,"true"
"IPW","data_train_enc_0.1_1",500,4,100.0,3600,9,643.1762245502072,17.951641125899133,3603.5483899116516,14.660297603647354,48.199999999999996,75.2,247.87825945642464,39.61,71.48,"log"
"IPW","data_train_enc_0.1_1",500,4,100.0,3600,9,378.7819463654274,41.22034228016234,3604.622554540634,12.904328246660658,59.0,57.599999999999994,191.1491904121772,52.83,51.519999999999996,"tree"
"IPW","data_train_enc_0.1_1",500,4,100.0,3600,9,375.89092323164243,44.516489841078965,3603.7226893901825,13.144923654564353,55.800000000000004,58.8,194.86059790132566,51.970000000000006,55.16,"true"
"IPW","data_train_enc_0.1_2",500,1,100.0,3600,2,379.8837277918527,0.0,1.1821389198303223,6.574261261987341,61.8,31.6,108.7283526910783,63.12,33.79,"log"
"IPW","data_train_enc_0.1_2",500,1,100.0,3600,2,249.74880279096288,0.0,1.536757230758667,17.653292628282145,41.6,51.4,287.09774382470073,41.13,49.66,"tree"
"IPW","data_train_enc_0.1_2",500,1,100.0,3600,2,286.8852536553388,0.0,1.2761356830596924,11.865215806952975,56.00000000000001,52.2,207.26893814120393,52.92,50.17,"true"
"IPW","data_train_enc_0.1_2",500,2,100.0,3600,2,424.9777379574721,0.0,13.65745997428894,10.319438754706885,46.2,62.0,185.33824563122792,43.22,65.33,"log"
"IPW","data_train_enc_0.1_2",500,2,100.0,3600,2,273.2689061982539,0.0,20.818305253982544,12.90336413004505,53.800000000000004,55.2,208.30308659936435,52.81,49.9,"tree"
"IPW","data_train_enc_0.1_2",500,2,100.0,3600,2,310.1460016509223,0.0,26.688501358032227,12.90336413004505,53.800000000000004,55.2,208.30308659936435,52.81,49.9,"true"
"IPW","data_train_enc_0.1_2",500,3,100.0,3600,9,448.89320850362986,16.61118831137238,3601.637647628784,19.07903486606787,29.599999999999998,77.8,337.56252587082037,24.8,80.08999999999999,"log"
"IPW","data_train_enc_0.1_2",500,3,100.0,3600,9,292.53775330470074,47.30436312218636,3601.73286318779,15.493307381205398,48.199999999999996,57.99999999999999,249.7395647706883,47.22,52.17,"tree"
"IPW","data_train_enc_0.1_2",500,3,100.0,3600,9,327.23543373979595,39.85470063445999,3601.694897413254,15.90983215276718,47.599999999999994,58.599999999999994,270.0680750943441,45.21,53.64,"true"
"IPW","data_train_enc_0.1_2",500,4,100.0,3600,9,455.9827247345617,26.060858698998953,3605.1412160396576,16.673492701546376,38.4,71.0,289.09708741702036,34.81,70.67999999999999,"log"
"IPW","data_train_enc_0.1_2",500,4,100.0,3600,9,309.5304377939028,45.35550080272556,3604.8815910816193,17.69031362476547,44.6,58.4,299.4529118628406,41.63,53.239999999999995,"tree"
"IPW","data_train_enc_0.1_2",500,4,100.0,3600,9,337.1788933621842,45.28312744209745,3603.059017896652,14.403059743060494,56.2,42.8,252.27183622442578,54.81,39.1,"true"
"IPW","data_train_enc_0.1_3",500,1,100.0,3600,2,454.8843119696203,0.0,1.030165433883667,1.11463943412055,89.60000000000001,38.2,93.41694843558187,69.02000000000001,33.94,"log"
"IPW","data_train_enc_0.1_3",500,1,100.0,3600,2,284.0269459339292,0.0,1.6016514301300049,1.11463943412055,89.60000000000001,38.2,93.41694843558187,69.02000000000001,33.94,"tree"
"IPW","data_train_enc_0.1_3",500,1,100.0,3600,2,313.1111833578972,0.0,1.1569759845733643,9.84159978726695,58.199999999999996,20.8,44.32974273845885,79.58,18.3,"true"
"IPW","data_train_enc_0.1_3",500,2,100.0,3600,2,525.0991621441549,0.0,19.93129825592041,20.242481655223074,52.6,70.39999999999999,193.53882633813788,47.589999999999996,66.53,"log"
"IPW","data_train_enc_0.1_3",500,2,100.0,3600,2,300.1602024526628,0.0,20.785863161087036,4.344110033314011,80.60000000000001,47.599999999999994,99.18591157148026,67.61,42.21,"tree"
"IPW","data_train_enc_0.1_3",500,2,100.0,3600,2,323.46336226726004,0.0,23.63475012779236,2.4729968418743007,82.39999999999999,33.4,40.99280189270353,80.10000000000001,29.060000000000002,"true"
"IPW","data_train_enc_0.1_3",500,3,100.0,3600,9,535.0525177917689,14.62704105563346,3601.6060326099396,18.449404108552752,56.2,72.8,188.91451177648673,46.0,68.86,"log"
"IPW","data_train_enc_0.1_3",500,3,100.0,3600,9,321.47446230474577,45.616258276345725,3601.907484292984,18.82226641603952,53.6,65.0,134.95268543061925,56.940000000000005,59.040000000000006,"tree"
"IPW","data_train_enc_0.1_3",500,3,100.0,3600,9,345.09227342415176,42.12811142314504,3601.6368889808655,20.928959433981564,51.0,67.2,183.06705394808003,48.36,61.18,"true"
"IPW","data_train_enc_0.1_3",500,4,100.0,3600,9,535.2814408347713,19.932615991301805,3602.78680229187,20.91501162942674,50.6,73.2,205.1696807576248,46.9,66.92,"log"
"IPW","data_train_enc_0.1_3",500,4,100.0,3600,9,330.2503399138664,46.82635349327527,3602.9949588775635,15.52570332078902,60.199999999999996,58.8,205.6312910675987,48.19,51.81,"tree"
"IPW","data_train_enc_0.1_3",500,4,100.0,3600,9,370.9291534103499,40.35298248398587,3603.2019851207733,22.562294646934347,43.0,62.4,174.12013653593044,51.68000000000001,54.459999999999994,"true"
"IPW","data_train_enc_0.1_4",500,1,100.0,3600,2,685.503311397202,0.0,1.3540420532226562,9.645513290107955,51.800000000000004,30.2,32.566054262264515,81.81,26.69,"log"
"IPW","data_train_enc_0.1_4",500,1,100.0,3600,2,314.2399592708712,0.0,1.4256839752197266,8.872758430216317,61.199999999999996,49.2,148.8446175395698,59.63,50.31,"tree"
"IPW","data_train_enc_0.1_4",500,1,100.0,3600,2,285.8710385468181,0.0,1.5034363269805908,17.79434455151942,33.800000000000004,45.6,88.78902860935938,67.74,42.120000000000005,"true"
"IPW","data_train_enc_0.1_4",500,2,100.0,3600,2,759.4245973612267,0.0,17.803502082824707,7.911267395376327,62.6,59.4,175.51690846813096,51.68000000000001,57.56,"log"
"IPW","data_train_enc_0.1_4",500,2,100.0,3600,2,345.69736688012193,0.0,24.281849145889282,14.746853277452942,42.199999999999996,45.2,224.33450060294945,56.93,40.88,"tree"
"IPW","data_train_enc_0.1_4",500,2,100.0,3600,2,320.7145481511953,0.0,37.67771792411804,17.793750959264493,31.4,54.400000000000006,226.52097077454883,55.96,47.55,"true"
"IPW","data_train_enc_0.1_4",500,3,100.0,3600,9,794.0533768454634,13.523982383840494,3602.400858402252,9.59012668284838,56.8,65.0,184.72907384362887,51.21,59.81999999999999,"log"
"IPW","data_train_enc_0.1_4",500,3,100.0,3600,9,379.6985037141178,43.77100408970428,3601.5963056087494,15.181982182498473,40.2,60.4,210.86658313484762,57.620000000000005,53.21,"tree"
"IPW","data_train_enc_0.1_4",500,3,100.0,3600,9,358.8254956436368,43.20301890020083,3601.4569396972656,17.634202828832994,36.6,67.80000000000001,261.5157451633376,48.78,61.06,"true"
"IPW","data_train_enc_0.1_4",500,4,100.0,3600,9,816.478865407207,14.353684868597059,3603.5881679058075,14.689900466680934,47.4,75.2,231.7702645344783,44.21,67.01,"log"
"IPW","data_train_enc_0.1_4",500,4,100.0,3600,9,405.10459752348936,39.89161988152671,3603.3771805763245,12.46754514047632,45.6,53.800000000000004,148.34302563165497,65.29,45.58,"tree"
"IPW","data_train_enc_0.1_4",500,4,100.0,3600,9,376.7473501920453,40.65663278319047,3602.822649240494,14.465600924813526,44.2,58.8,173.47813558808608,59.51,51.019999999999996,"true"
"IPW","data_train_enc_0.1_5",500,1,100.0,3600,2,506.4498616525194,0.0,0.8448500633239746,7.91225055759986,63.0,39.0,169.98054172935312,53.92,34.53,"log"
"IPW","data_train_enc_0.1_5",500,1,100.0,3600,2,309.57803554509655,0.0,1.4877002239227295,2.3911161914773924,80.80000000000001,22.400000000000002,72.07701983773516,72.61,18.04,"tree"
"IPW","data_train_enc_0.1_5",500,1,100.0,3600,2,404.98473171888577,0.0,0.9113593101501465,2.3911161914773924,80.80000000000001,22.400000000000002,72.07701983773516,72.61,18.04,"true"
"IPW","data_train_enc_0.1_5",500,2,100.0,3600,2,574.1997058173455,0.0,20.961471796035767,9.838451824890093,52.800000000000004,57.599999999999994,161.7325813763891,56.43,58.36,"log"
"IPW","data_train_enc_0.1_5",500,2,100.0,3600,2,334.8268865267917,0.0,24.18384289741516,6.694080900520283,68.4,40.400000000000006,140.49464384766225,60.809999999999995,34.13,"tree"
"IPW","data_train_enc_0.1_5",500,2,100.0,3600,2,422.23008658119295,0.0,20.87674617767334,6.694080900520283,68.4,40.400000000000006,140.49464384766225,60.809999999999995,34.13,"true"
"IPW","data_train_enc_0.1_5",500,3,100.0,3600,9,600.8681638843386,20.569516174910465,3601.7174866199493,15.517282865369967,36.8,72.6,240.8649020237985,41.44,71.02000000000001,"log"
"IPW","data_train_enc_0.1_5",500,3,100.0,3600,9,349.50429294690827,59.46512006672708,3601.4739968776703,12.100803291416733,55.00000000000001,49.8,207.06635353133504,49.45,44.51,"tree"
"IPW","data_train_enc_0.1_5",500,3,100.0,3600,9,434.53059242905647,45.45920564801333,3601.722658395767,8.253110569081183,64.0,39.0,164.48038820093544,57.599999999999994,30.56,"true"
"IPW","data_train_enc_0.1_5",500,4,100.0,3600,9,589.9250768455431,25.83593886657369,3603.6447105407715,14.576864661268022,41.6,69.19999999999999,267.7233585090889,43.89,69.43,"log"
"IPW","data_train_enc_0.1_5",500,4,100.0,3600,9,358.51771778175123,56.947182150666876,3603.9870784282684,13.831739261884005,53.800000000000004,50.2,218.24717058310685,49.08,45.16,"tree"
"IPW","data_train_enc_0.1_5",500,4,100.0,3600,9,447.63238544998177,44.23414138282745,3603.0663805007935,9.712207794240266,60.4,45.800000000000004,187.4889343419957,54.42,39.08,"true"
"IPW","data_train_enc_0.25_1",500,1,100.0,3600,2,317.6884354355608,0.0,1.0549371242523193,7.828677501578759,67.60000000000001,53.800000000000004,136.91917201397027,62.53999999999999,49.62,"log"
"IPW","data_train_enc_0.25_1",500,1,100.0,3600,2,313.317136648943,0.0,1.1826276779174805,7.828677501578759,67.60000000000001,53.800000000000004,136.91917201397027,62.53999999999999,49.62,"tree"
"IPW","data_train_enc_0.25_1",500,1,100.0,3600,2,314.92986679906454,0.0,1.4948325157165527,7.828677501578759,67.60000000000001,53.800000000000004,136.91917201397027,62.53999999999999,49.62,"true"
"IPW","data_train_enc_0.25_1",500,2,100.0,3600,2,347.4928482221981,0.0,17.225086450576782,12.68492777899781,52.6,60.6,206.97314832524992,45.440000000000005,59.57,"log"
"IPW","data_train_enc_0.25_1",500,2,100.0,3600,2,325.36199468110715,0.0,19.778359174728394,9.676107875010137,63.6,57.4,181.7173066086825,58.28,51.739999999999995,"tree"
"IPW","data_train_enc_0.25_1",500,2,100.0,3600,2,326.74156246129223,0.0,27.39859628677368,9.676107875010137,63.6,57.4,181.7173066086825,58.28,51.739999999999995,"true"
"IPW","data_train_enc_0.25_1",500,3,100.0,3600,9,363.9863725145557,41.57327179950502,3601.4187726974487,14.971793200412165,48.199999999999996,65.0,233.02699139800376,40.339999999999996,62.74999999999999,"log"
"IPW","data_train_enc_0.25_1",500,3,100.0,3600,9,337.070337791831,53.13049696869082,3601.5050196647644,9.643090274795439,63.2,57.4,191.36547556324095,56.14,50.8,"tree"
"IPW","data_train_enc_0.25_1",500,3,100.0,3600,9,338.4197056617889,51.59236540674807,3601.4310550689697,8.541496021917817,67.2,56.599999999999994,178.35336781396228,58.540000000000006,49.74,"true"
"IPW","data_train_enc_0.25_1",500,4,100.0,3600,9,368.78922933815096,46.26520317374665,3603.481024980545,13.703866731568304,49.6,65.4,229.1517591928992,39.910000000000004,61.09,"log"
"IPW","data_train_enc_0.25_1",500,4,100.0,3600,9,340.92477651826835,56.130153805635466,3604.2609004974365,9.506986391619597,64.60000000000001,59.599999999999994,222.29336822577088,50.64999999999999,54.06999999999999,"tree"
"IPW","data_train_enc_0.25_1",500,4,100.0,3600,9,336.3369165951849,58.59611458092881,3603.7838439941406,13.93121059232883,52.6,60.4,196.37883882372495,56.43,52.43,"true"
"IPW","data_train_enc_0.25_2",500,1,100.0,3600,2,260.2919427991141,0.0,1.691800832748413,4.147362670960025,70.19999999999999,35.6,63.74597884426453,73.06,34.760000000000005,"log"
"IPW","data_train_enc_0.25_2",500,1,100.0,3600,2,253.3035731146872,0.0,1.5492908954620361,1.9488594072216858,79.80000000000001,31.2,33.257454375572316,81.92,29.880000000000003,"tree"
"IPW","data_train_enc_0.25_2",500,1,100.0,3600,2,261.3630355179998,0.0,1.1475715637207031,1.9488594072216858,79.80000000000001,31.2,33.257454375572316,81.92,29.880000000000003,"true"
"IPW","data_train_enc_0.25_2",500,2,100.0,3600,2,279.01198036061464,0.0,32.28777623176575,15.25961345368656,40.8,64.60000000000001,250.19624175813524,39.89,61.370000000000005,"log"
"IPW","data_train_enc_0.25_2",500,2,100.0,3600,2,267.1874316429153,0.0,24.294954299926758,7.8440841700890545,67.2,45.0,129.48465497122984,67.82000000000001,40.160000000000004,"tree"
"IPW","data_train_enc_0.25_2",500,2,100.0,3600,2,274.8535693177639,0.0,24.064544200897217,6.681284896331033,70.8,44.6,95.44230623218344,73.32,37.88,"true"
"IPW","data_train_enc_0.25_2",500,3,100.0,3600,9,290.22496574646584,45.40766709094504,3601.838549375534,8.658212677495111,57.8,54.0,140.52938525738483,60.260000000000005,50.38,"log"
"IPW","data_train_enc_0.25_2",500,3,100.0,3600,9,279.0811953858646,54.59357160165633,3602.2161695957184,11.026000331138185,61.6,51.800000000000004,180.98952209701872,62.339999999999996,44.12,"tree"
"IPW","data_train_enc_0.25_2",500,3,100.0,3600,9,288.34698133943635,52.30941583981049,3601.675332069397,9.68361147450448,63.6,49.8,167.35588697411382,60.629999999999995,42.55,"true"
"IPW","data_train_enc_0.25_2",500,4,100.0,3600,9,299.4833855760724,52.13408924390587,3603.63955450058,11.442152117408078,51.800000000000004,59.199999999999996,190.08677096007418,52.019999999999996,54.82,"log"
"IPW","data_train_enc_0.25_2",500,4,100.0,3600,9,278.14614751243755,62.95616383435948,3604.8383717536926,11.112817567826768,60.4,52.6,174.80536432813565,62.22,43.8,"tree"
"IPW","data_train_enc_0.25_2",500,4,100.0,3600,9,285.4848231753748,61.33551987176043,3603.4204964637756,9.043881435646247,68.0,46.6,147.925791618388,68.8,38.98,"true"
"IPW","data_train_enc_0.25_3",500,1,100.0,3600,2,277.26417697716363,0.0,0.9780261516571045,1.5153199242546376,88.8,46.0,145.29074060878327,59.919999999999995,44.9,"log"
"IPW","data_train_enc_0.25_3",500,1,100.0,3600,2,268.1955404025831,0.0,1.1953134536743164,9.84159978726695,58.199999999999996,33.800000000000004,44.32974273845885,79.58,30.84,"tree"
"IPW","data_train_enc_0.25_3",500,1,100.0,3600,2,293.2307212961198,0.0,1.3031542301177979,9.84159978726695,58.199999999999996,33.800000000000004,44.32974273845885,79.58,30.84,"true"
"IPW","data_train_enc_0.25_3",500,2,100.0,3600,2,311.92848983833466,0.0,24.1946017742157,13.575257250738156,62.0,60.0,199.4066585282187,46.910000000000004,60.209999999999994,"log"
"IPW","data_train_enc_0.25_3",500,2,100.0,3600,2,278.9347596060969,0.0,25.51167058944702,10.481217759197307,65.4,47.4,223.33730825148305,49.559999999999995,41.68,"tree"
"IPW","data_train_enc_0.25_3",500,2,100.0,3600,2,301.6963339341522,0.0,27.929768800735474,8.239506112876134,61.4,33.0,33.2618992982058,82.41000000000001,29.049999999999997,"true"
"IPW","data_train_enc_0.25_3",500,3,100.0,3600,9,318.2645502986367,43.815806068421224,3601.4858305454254,13.611758730789175,62.4,60.4,190.57592167163085,49.18,59.019999999999996,"log"
"IPW","data_train_enc_0.25_3",500,3,100.0,3600,9,295.30147553894994,64.49310928693241,3601.8929600715637,9.621412521210067,71.6,49.2,136.26340971373847,61.029999999999994,42.230000000000004,"tree"
"IPW","data_train_enc_0.25_3",500,3,100.0,3600,9,314.40552172188325,55.227856633568415,3601.5551929473877,15.289592618202716,54.400000000000006,49.6,161.0325723211378,59.62,40.1,"true"
"IPW","data_train_enc_0.25_3",500,4,100.0,3600,9,326.077257387234,50.306669801347844,3603.3223960399628,14.387625026392927,61.199999999999996,63.2,194.68091275359123,46.39,60.41,"log"
"IPW","data_train_enc_0.25_3",500,4,100.0,3600,9,306.9663777174298,59.448318824507815,3602.789495229721,12.586280935252155,54.6,51.0,132.49724011717947,64.19,41.99,"tree"
"IPW","data_train_enc_0.25_3",500,4,100.0,3600,9,328.3896853091645,55.04215155464328,3603.3280589580536,12.351697118314963,54.2,49.8,126.32050602028514,65.69,40.089999999999996,"true"
"IPW","data_train_enc_0.25_4",500,1,100.0,3600,2,322.5870125977131,0.0,1.3888599872589111,6.967097513630496,66.8,49.0,167.73244173733175,56.64,50.32,"log"
"IPW","data_train_enc_0.25_4",500,1,100.0,3600,2,301.11412578597975,0.0,1.009582757949829,13.309664408014932,56.39999999999999,51.800000000000004,296.9599968705129,37.07,50.27,"tree"
"IPW","data_train_enc_0.25_4",500,1,100.0,3600,2,304.58812834819844,0.0,1.6089718341827393,27.670758742553897,14.2,60.8,256.1298184910792,47.22,54.74,"true"
"IPW","data_train_enc_0.25_4",500,2,100.0,3600,2,360.8132491108585,0.0,32.417136430740356,15.179571532984845,41.4,64.60000000000001,281.40242680039336,37.38,63.019999999999996,"log"
"IPW","data_train_enc_0.25_4",500,2,100.0,3600,2,330.4958725120952,0.0,23.435788869857788,9.074149285660045,53.6,47.0,175.41949337401866,64.21,40.77,"tree"
"IPW","data_train_enc_0.25_4",500,2,100.0,3600,2,323.89281223735304,0.0,25.37674593925476,9.074149285660045,53.6,47.0,175.41949337401866,64.21,40.77,"true"
"IPW","data_train_enc_0.25_4",500,3,100.0,3600,9,383.44276317626765,47.07472718563287,3601.6014297008514,12.77662671429922,49.2,62.4,202.84729187633846,46.089999999999996,60.209999999999994,"log"
"IPW","data_train_enc_0.25_4",500,3,100.0,3600,9,344.9305155275316,61.024968126147506,3602.5208280086517,7.801709467417454,57.99999999999999,49.0,182.12401062876413,64.12,42.72,"tree"
"IPW","data_train_enc_0.25_4",500,3,100.0,3600,9,348.6664746968656,51.98627514596633,3601.4006345272064,10.946589538923757,53.400000000000006,53.0,200.33391278180977,61.260000000000005,43.97,"true"
"IPW","data_train_enc_0.25_4",500,4,100.0,3600,9,390.50933043361033,49.68738838365056,3604.2631528377533,15.856807996324614,45.2,68.2,214.14303169798134,45.25,61.01,"log"
"IPW","data_train_enc_0.25_4",500,4,100.0,3600,9,356.2682693724778,59.85508198450149,3603.0869500637054,13.238039963649529,48.4,56.599999999999994,218.66112983843902,55.43,46.98,"tree"
"IPW","data_train_enc_0.25_4",500,4,100.0,3600,9,347.8894649121966,62.06972193123198,3603.538011789322,12.288427975453846,50.0,53.400000000000006,204.04085674313842,61.01,44.0,"true"
"IPW","data_train_enc_0.25_5",500,1,100.0,3600,2,306.5852416689118,0.0,1.2178313732147217,3.4466623243982886,75.4,37.8,33.684786589894095,82.75,40.58,"log"
"IPW","data_train_enc_0.25_5",500,1,100.0,3600,2,296.69784416490785,0.0,0.9838786125183105,15.686538167752367,47.8,50.2,224.60131627329977,53.300000000000004,49.97,"tree"
"IPW","data_train_enc_0.25_5",500,1,100.0,3600,2,346.6407619086298,0.0,1.4392297267913818,2.3911161914773924,80.80000000000001,34.8,72.07701983773516,72.61,30.240000000000002,"true"
"IPW","data_train_enc_0.25_5",500,2,100.0,3600,2,338.6946566379379,0.0,21.713478803634644,9.838451824890093,52.800000000000004,53.6,161.7325813763891,56.43,55.16,"log"
"IPW","data_train_enc_0.25_5",500,2,100.0,3600,2,315.8301821231594,0.0,23.55405569076538,12.400474532269776,55.60000000000001,47.599999999999994,188.65309891917133,55.730000000000004,42.620000000000005,"tree"
"IPW","data_train_enc_0.25_5",500,2,100.0,3600,2,354.7796661715601,0.0,26.631506204605103,6.942080031897105,71.2,40.400000000000006,138.49974860499702,64.25,33.879999999999995,"true"
"IPW","data_train_enc_0.25_5",500,3,100.0,3600,9,345.6403273528096,51.805620185813936,3601.4077532291412,11.217973307154876,52.0,56.2,185.28074258046277,55.34,55.11000000000001,"log"
"IPW","data_train_enc_0.25_5",500,3,100.0,3600,9,333.05909215135523,52.734288063676836,3601.514314174652,13.922924209729048,49.2,55.2,241.4531910351597,47.53,48.5,"tree"
"IPW","data_train_enc_0.25_5",500,3,100.0,3600,9,365.80022593694923,50.56374683263065,3601.6430966854095,17.273589774382735,39.800000000000004,60.0,305.39316516167116,34.04,52.88,"true"
"IPW","data_train_enc_0.25_5",500,4,100.0,3600,9,344.143023308031,62.24164363583849,3603.4414863586426,16.09606287663466,37.2,61.8,242.48576625186016,42.730000000000004,62.92,"log"
"IPW","data_train_enc_0.25_5",500,4,100.0,3600,9,330.3475782851298,66.57525033163762,3603.69948387146,16.80264787446811,44.4,56.8,287.13239738675946,39.800000000000004,48.69,"tree"
"IPW","data_train_enc_0.25_5",500,4,100.0,3600,9,370.60676836924046,58.36046734112278,3604.0006256103516,12.345768153830111,56.39999999999999,51.800000000000004,210.67420920320822,52.459999999999994,43.309999999999995,"true"
"IPW","data_train_enc_0.5_1",500,1,100.0,3600,2,293.8925130232035,0.0,0.9174728393554688,7.828677501578759,67.60000000000001,54.2,136.91917201397027,62.53999999999999,49.94,"log"
"IPW","data_train_enc_0.5_1",500,1,100.0,3600,2,297.48521948268757,0.0,1.672757863998413,7.828677501578759,67.60000000000001,54.2,136.91917201397027,62.53999999999999,49.94,"tree"
"IPW","data_train_enc_0.5_1",500,1,100.0,3600,2,300.9796279418067,0.0,1.1413843631744385,7.828677501578759,67.60000000000001,54.2,136.91917201397027,62.53999999999999,49.94,"true"
"IPW","data_train_enc_0.5_1",500,2,100.0,3600,2,307.1576235903448,0.0,23.861316442489624,7.317110321662539,69.0,55.2,136.5169187138901,62.239999999999995,49.96,"log"
"IPW","data_train_enc_0.5_1",500,2,100.0,3600,2,309.5407839547351,0.0,27.867902994155884,7.317110321662539,69.0,55.2,136.5169187138901,62.239999999999995,49.96,"tree"
"IPW","data_train_enc_0.5_1",500,2,100.0,3600,2,310.75962205734754,0.0,28.546969413757324,7.317110321662539,69.0,55.2,136.5169187138901,62.239999999999995,49.96,"true"
"IPW","data_train_enc_0.5_1",500,3,100.0,3600,9,316.83599698718206,58.07989210901622,3601.453903198242,8.73982289932702,63.2,57.599999999999994,125.18960908329417,66.14999999999999,50.5,"log"
"IPW","data_train_enc_0.5_1",500,3,100.0,3600,9,318.4519822868839,59.06836181920878,3601.7374424934387,8.73982289932702,63.2,57.599999999999994,125.18960908329417,66.14999999999999,50.5,"tree"
"IPW","data_train_enc_0.5_1",500,3,100.0,3600,9,317.07913062389616,62.039557876723705,3601.908317089081,8.259769576648281,65.60000000000001,57.199999999999996,135.34360301014857,62.83,50.160000000000004,"true"
"IPW","data_train_enc_0.5_1",500,4,100.0,3600,9,325.3775987611225,62.828855673591164,3603.2507150173187,12.641662512658444,57.99999999999999,61.6,179.15742594591788,54.620000000000005,49.93,"log"
"IPW","data_train_enc_0.5_1",500,4,100.0,3600,9,328.2967590683103,61.416482298340384,3603.0158109664917,11.049406050441657,61.8,59.8,196.80280978426225,49.4,49.99,"tree"
"IPW","data_train_enc_0.5_1",500,4,100.0,3600,9,326.4004883464063,62.02176509676016,3603.637684106827,14.15386673645215,53.0,61.0,203.67392119934232,53.39,50.03999999999999,"true"
"IPW","data_train_enc_0.5_2",500,1,100.0,3600,2,254.4727855069395,0.0,0.912194013595581,4.147362670960025,70.19999999999999,50.6,63.74597884426453,73.06,50.339999999999996,"log"
"IPW","data_train_enc_0.5_2",500,1,100.0,3600,2,247.0126080031433,0.0,0.9521853923797607,4.147362670960025,70.19999999999999,50.6,63.74597884426453,73.06,50.339999999999996,"tree"
"IPW","data_train_enc_0.5_2",500,1,100.0,3600,2,252.10064422470458,0.0,1.3228943347930908,0.5855838979164086,89.0,51.4,15.208549459051538,88.23,50.24999999999999,"true"
"IPW","data_train_enc_0.5_2",500,2,100.0,3600,2,260.9702660314008,0.0,41.06542754173279,9.003854636301563,58.8,55.60000000000001,129.87817054105344,61.39,50.24999999999999,"log"
"IPW","data_train_enc_0.5_2",500,2,100.0,3600,2,254.59734216523287,0.0,23.54252529144287,12.603753933922697,58.199999999999996,57.4,210.8868669901075,57.879999999999995,50.06,"tree"
"IPW","data_train_enc_0.5_2",500,2,100.0,3600,2,263.5406093206549,0.0,31.052727460861206,7.459010145980664,72.2,57.4,131.7771968727186,70.55,50.19,"true"
"IPW","data_train_enc_0.5_2",500,3,100.0,3600,9,268.08833648289203,57.899525902756125,3601.487124443054,4.697834378128192,73.8,56.2,99.70672678888783,71.67999999999999,50.44,"log"
"IPW","data_train_enc_0.5_2",500,3,100.0,3600,9,263.52184557964017,59.5470116436048,3601.7307600975037,9.624006256306641,65.60000000000001,57.199999999999996,178.0135196373632,64.56,50.03999999999999,"tree"
"IPW","data_train_enc_0.5_2",500,3,100.0,3600,9,270.69138782622053,57.05128887731061,3601.743045091629,10.214243242069399,68.60000000000001,59.8,165.41952005208935,68.22,50.1,"true"
"IPW","data_train_enc_0.5_2",500,4,100.0,3600,9,271.7669345272067,65.0407733002738,3603.3350546360016,7.562669441517653,63.0,56.599999999999994,132.13951833816594,62.67,50.29,"log"
"IPW","data_train_enc_0.5_2",500,4,100.0,3600,9,272.48180585924837,63.91609238650775,3604.521077156067,11.127206530243786,55.800000000000004,59.4,192.08888910572205,56.169999999999995,50.41,"tree"
"IPW","data_train_enc_0.5_2",500,4,100.0,3600,9,277.19011382595636,61.38754593056446,3604.4507172107697,13.152977557294347,58.8,62.8,206.82457151888661,58.69,49.99,"true"
"IPW","data_train_enc_0.5_3",500,1,100.0,3600,2,256.36717278784505,0.0,1.531365156173706,4.688848731973859,79.4,52.2,222.40112135659427,50.370000000000005,49.32,"log"
"IPW","data_train_enc_0.5_3",500,1,100.0,3600,2,257.7452473742276,0.0,0.9361176490783691,8.84752510035152,73.2,50.4,267.17676891905194,43.87,48.78,"tree"
"IPW","data_train_enc_0.5_3",500,1,100.0,3600,2,268.09163404580664,0.0,1.1659400463104248,4.688848731973859,79.4,52.2,222.40112135659427,50.370000000000005,49.32,"true"
"IPW","data_train_enc_0.5_3",500,2,100.0,3600,2,272.21856784092085,0.0,33.15661334991455,14.1031265130998,64.2,55.800000000000004,201.9966633666007,50.0,50.57000000000001,"log"
"IPW","data_train_enc_0.5_3",500,2,100.0,3600,2,264.96176765896644,0.0,34.11969256401062,15.871738863422003,59.0,51.0,177.1628086952942,60.660000000000004,49.91,"tree"
"IPW","data_train_enc_0.5_3",500,2,100.0,3600,2,276.07723596134997,0.0,32.04387068748474,14.1031265130998,64.2,55.800000000000004,201.9966633666007,50.0,50.57000000000001,"true"
"IPW","data_train_enc_0.5_3",500,3,100.0,3600,9,288.21344434486446,63.538439851497316,3601.5872173309326,11.112666474202348,64.8,57.199999999999996,135.75861644732186,62.03999999999999,49.730000000000004,"log"
"IPW","data_train_enc_0.5_3",500,3,100.0,3600,9,280.0518241469392,66.4748488225275,3601.862660884857,11.254046436653612,68.0,56.39999999999999,190.998428876667,51.339999999999996,49.669999999999995,"tree"
"IPW","data_train_enc_0.5_3",500,3,100.0,3600,9,290.45648742385595,56.625949270709164,3601.4991936683655,12.097354977484457,60.6,59.4,199.57828563993087,50.019999999999996,49.79,"true"
"IPW","data_train_enc_0.5_3",500,4,100.0,3600,9,292.7857592244342,64.63408551609483,3603.694396495819,10.176131206517455,63.4,58.199999999999996,200.68491242601146,50.949999999999996,49.8,"log"
"IPW","data_train_enc_0.5_3",500,4,100.0,3600,9,277.83254765553295,73.39847025136422,3603.2752072811127,6.820709185667571,72.2,51.800000000000004,130.04464143270025,70.21,49.74,"tree"
"IPW","data_train_enc_0.5_3",500,4,100.0,3600,9,296.2214550102991,63.35410239241922,3603.8322393894196,17.161679114281053,53.0,61.0,212.12923193660586,52.33,50.56,"true"
"IPW","data_train_enc_0.5_4",500,1,100.0,3600,2,310.30532727362856,0.0,1.0739970207214355,2.0957582790384457,81.2,47.599999999999994,45.06031748504171,78.08,49.44,"log"
"IPW","data_train_enc_0.5_4",500,1,100.0,3600,2,315.81540581352345,0.0,0.9012675285339355,2.0957582790384457,81.2,47.599999999999994,45.06031748504171,78.08,49.44,"tree"
"IPW","data_train_enc_0.5_4",500,1,100.0,3600,2,312.7976921926977,0.0,1.1981253623962402,11.143604440304994,66.60000000000001,54.400000000000006,338.8368780388741,32.28,50.160000000000004,"true"
"IPW","data_train_enc_0.5_4",500,2,100.0,3600,2,323.07380346609773,0.0,34.783236503601074,10.580203510557427,61.8,54.6,264.28353448282417,42.58,50.56,"log"
"IPW","data_train_enc_0.5_4",500,2,100.0,3600,2,330.0315562894606,0.0,27.113614559173584,8.703747073397553,61.4,52.400000000000006,109.53100560621823,67.41,49.28,"tree"
"IPW","data_train_enc_0.5_4",500,2,100.0,3600,2,321.9347262578003,0.0,25.50464153289795,10.580203510557427,61.8,54.6,264.28353448282417,42.58,50.56,"true"
"IPW","data_train_enc_0.5_4",500,3,100.0,3600,9,340.5609205730572,60.39442176853383,3601.5461111068726,17.78628710984819,45.4,59.8,214.16071553931567,49.6,49.61,"log"
"IPW","data_train_enc_0.5_4",500,3,100.0,3600,9,346.2883786467239,58.785080157460904,3601.7998173236847,5.933141261525955,72.0,56.00000000000001,133.04074030053226,62.53999999999999,49.480000000000004,"tree"
"IPW","data_train_enc_0.5_4",500,3,100.0,3600,9,340.2996470972518,63.73935537568642,3601.5590167045593,17.90707605327389,44.800000000000004,60.0,233.08495201523004,45.69,49.7,"true"
"IPW","data_train_enc_0.5_4",500,4,100.0,3600,9,353.1314828200784,62.394180600950854,3603.1397461891174,9.8208779588768,65.4,59.4,176.33471517517768,57.220000000000006,49.49,"log"
"IPW","data_train_enc_0.5_4",500,4,100.0,3600,9,343.91024818398216,66.81341681760333,3603.2381987571716,10.299357948119424,60.6,54.800000000000004,133.02817871380074,66.79,49.63,"tree"
"IPW","data_train_enc_0.5_4",500,4,100.0,3600,9,350.43099334298944,62.73897552255778,3603.4084916114807,17.69481878151113,42.8,61.6,255.03913908056902,42.120000000000005,49.96,"true"
"IPW","data_train_enc_0.5_5",500,1,100.0,3600,2,307.01964516459293,0.0,1.403385877609253,1.5204610571080546,85.6,53.800000000000004,41.932746942858735,80.24,50.44,"log"
"IPW","data_train_enc_0.5_5",500,1,100.0,3600,2,311.7881917736239,0.0,1.2191174030303955,1.5204610571080546,85.6,53.800000000000004,41.932746942858735,80.24,50.44,"tree"
"IPW","data_train_enc_0.5_5",500,1,100.0,3600,2,322.00320648148363,0.0,1.2601230144500732,18.31989676905632,41.4,57.99999999999999,311.7345367248497,40.38,49.72,"true"
"IPW","data_train_enc_0.5_5",500,2,100.0,3600,2,318.51536891304414,0.0,22.94142770767212,4.076739765009015,78.60000000000001,55.800000000000004,91.21168081761374,72.77,50.14999999999999,"log"
"IPW","data_train_enc_0.5_5",500,2,100.0,3600,2,320.49170847392185,0.0,32.261019229888916,5.543389664261588,73.2,53.2,105.52711827334987,69.55,50.449999999999996,"tree"
"IPW","data_train_enc_0.5_5",500,2,100.0,3600,2,335.3450516016627,0.0,32.90574622154236,6.942080031897105,71.2,58.599999999999994,138.49974860499702,64.25,49.85,"true"
"IPW","data_train_enc_0.5_5",500,3,100.0,3600,9,330.6293541779264,60.82495839134572,3601.5974385738373,5.530096128310942,73.6,58.599999999999994,139.43131638020773,63.839999999999996,50.22,"log"
"IPW","data_train_enc_0.5_5",500,3,100.0,3600,9,338.1088397838066,60.82636031707883,3601.3582344055176,6.230943571006453,73.8,57.99999999999999,126.21609666701325,68.32000000000001,49.919999999999995,"tree"
"IPW","data_train_enc_0.5_5",500,3,100.0,3600,9,344.95728849728823,53.49645542709359,3601.419718027115,7.869671051658125,68.0,60.199999999999996,169.12834353121073,58.540000000000006,49.58,"true"
"IPW","data_train_enc_0.5_5",500,4,100.0,3600,9,331.89077871545294,66.4253987858972,3602.9328894615173,12.440823430548292,59.8,59.8,190.41347963436803,56.66,50.27,"log"
"IPW","data_train_enc_0.5_5",500,4,100.0,3600,9,337.9729240280063,63.48870388735291,3603.5800070762634,5.624793220543083,68.4,56.599999999999994,111.54094422169963,61.69,49.99,"tree"
"IPW","data_train_enc_0.5_5",500,4,100.0,3600,9,347.1795982321157,58.70641469651689,3603.406728029251,9.40743524579538,64.4,61.8,186.383231747205,57.830000000000005,50.12,"true"
"IPW","data_train_enc_0.75_1",500,1,100.0,3600,2,323.80751977043025,0.0,1.0494520664215088,4.905546780062993,73.6,77.8,30.545715035334094,83.05,74.79,"log"
"IPW","data_train_enc_0.75_1",500,1,100.0,3600,2,291.9010758947313,0.0,0.8975458145141602,3.5566317357869046,77.8,72.39999999999999,46.27210173951751,78.5,69.22,"tree"
"IPW","data_train_enc_0.75_1",500,1,100.0,3600,2,305.95165616673955,0.0,1.214559555053711,9.912030792665206,57.599999999999994,70.19999999999999,38.72832714295484,81.04,65.7,"true"
"IPW","data_train_enc_0.75_1",500,2,100.0,3600,2,377.4688569958804,0.0,22.86547589302063,16.135136302722053,54.0,62.4,258.741553752605,54.13,59.58,"log"
"IPW","data_train_enc_0.75_1",500,2,100.0,3600,2,310.1303959924285,0.0,23.909783840179443,5.33868983391087,80.4,60.8,155.38585135997909,61.95,55.900000000000006,"tree"
"IPW","data_train_enc_0.75_1",500,2,100.0,3600,2,311.373474213393,0.0,20.119038343429565,10.8045985074978,55.60000000000001,69.8,47.12802071772261,79.39,64.73,"true"
"IPW","data_train_enc_0.75_1",500,3,100.0,3600,9,387.12879888176514,31.32412996635463,3601.4549522399902,13.956170708290484,56.599999999999994,67.2,223.19579119731193,59.85,62.370000000000005,"log"
"IPW","data_train_enc_0.75_1",500,3,100.0,3600,9,323.9000960541356,58.30958765136679,3601.381726503372,4.804441019278111,73.6,66.0,126.65229141939665,68.82000000000001,60.95,"tree"
"IPW","data_train_enc_0.75_1",500,3,100.0,3600,9,320.4022691744822,48.863690757400136,3601.9831306934357,13.826991190306329,48.0,67.4,68.19576403604523,72.99,60.97,"true"
"IPW","data_train_enc_0.75_1",500,4,100.0,3600,9,383.5436379253847,42.95247279456809,3602.7975924015045,17.42581008566488,52.800000000000004,65.0,250.9074452236081,55.13,58.989999999999995,"log"
"IPW","data_train_enc_0.75_1",500,4,100.0,3600,9,329.6596854676693,58.114686213170245,3603.004801273346,9.539048765952616,62.6,61.4,201.16595175300682,58.41,54.98,"tree"
"IPW","data_train_enc_0.75_1",500,4,100.0,3600,9,328.5716703655431,53.995838103819935,3603.301728963852,11.55272349258562,57.599999999999994,68.60000000000001,112.17594918298603,72.82,60.06,"true"
"IPW","data_train_enc_0.75_2",500,1,100.0,3600,2,272.69421802033025,0.0,0.9356586933135986,1.0051418812704256,86.2,74.2,17.754995242623917,87.29,74.69,"log"
"IPW","data_train_enc_0.75_2",500,1,100.0,3600,2,242.698954437324,0.0,1.1695058345794678,0.5855838979164086,89.0,70.6,15.208549459051538,88.23,70.13000000000001,"tree"
"IPW","data_train_enc_0.75_2",500,1,100.0,3600,2,241.81964975073197,0.0,1.1240184307098389,0.5855838979164086,89.0,70.6,15.208549459051538,88.23,70.13000000000001,"true"
"IPW","data_train_enc_0.75_2",500,2,100.0,3600,2,296.379344651655,0.0,23.50976061820984,16.504438572442535,55.800000000000004,62.2,245.9917413262327,57.379999999999995,59.519999999999996,"log"
"IPW","data_train_enc_0.75_2",500,2,100.0,3600,2,252.7216192366854,0.0,23.071976900100708,2.1551125290044597,85.0,70.6,47.24093129185366,84.24000000000001,68.22,"tree"
"IPW","data_train_enc_0.75_2",500,2,100.0,3600,2,253.38208180332637,0.0,26.10453224182129,2.589746866565452,83.6,70.0,61.31920514526248,82.25,67.01,"true"
"IPW","data_train_enc_0.75_2",500,3,100.0,3600,9,310.74875108075025,32.51389935497994,3601.665915966034,6.130366278699963,77.2,73.2,97.86769408418212,78.17,70.13000000000001,"log"
"IPW","data_train_enc_0.75_2",500,3,100.0,3600,9,272.6865998910988,58.285404662230334,3601.5979058742523,7.725379299858901,65.2,68.0,143.37700660057774,63.4,62.019999999999996,"tree"
"IPW","data_train_enc_0.75_2",500,3,100.0,3600,9,268.5327863900784,59.784570936301904,3601.834567785263,9.844091461308796,62.6,62.2,144.4878482280852,64.85,57.97,"true"
"IPW","data_train_enc_0.75_2",500,4,100.0,3600,9,316.00510035948923,43.500697966328055,3603.9001924991608,8.537803541076109,72.8,72.39999999999999,135.74852741979754,72.54,67.36,"log"
"IPW","data_train_enc_0.75_2",500,4,100.0,3600,9,274.4650131263925,62.42852169742884,3604.9158103466034,12.721515070831247,53.6,61.6,213.5749046231375,52.019999999999996,53.1,"tree"
"IPW","data_train_enc_0.75_2",500,4,100.0,3600,9,266.1250525455871,68.7566413855677,3603.623081445694,12.384250409779158,60.6,65.0,202.3766224268523,59.72,56.58,"true"
"IPW","data_train_enc_0.75_3",500,1,100.0,3600,2,289.7714981856593,0.0,0.9219532012939453,6.612129188073498,67.2,74.6,38.560779602560565,80.99,74.71,"log"
"IPW","data_train_enc_0.75_3",500,1,100.0,3600,2,262.6450933826758,0.0,1.0995814800262451,6.119796405305267,75.0,50.8,176.01828243425769,56.52,50.36000000000001,"tree"
"IPW","data_train_enc_0.75_3",500,1,100.0,3600,2,266.3070142993778,0.0,1.4730286598205566,6.119796405305267,75.0,50.8,176.01828243425769,56.52,50.36000000000001,"true"
"IPW","data_train_enc_0.75_3",500,2,100.0,3600,2,327.92739967854425,0.0,16.42941927909851,9.566104287920938,58.8,71.8,112.87643836294406,72.16,70.04,"log"
"IPW","data_train_enc_0.75_3",500,2,100.0,3600,2,277.0535511757572,0.0,24.46932077407837,5.6104621581339,80.2,57.599999999999994,136.7640228358232,60.260000000000005,55.24,"tree"
"IPW","data_train_enc_0.75_3",500,2,100.0,3600,2,280.831885391466,0.0,25.931567192077637,5.6104621581339,80.2,57.599999999999994,136.7640228358232,60.260000000000005,55.24,"true"
"IPW","data_train_enc_0.75_3",500,3,100.0,3600,9,334.56731979092297,39.66847408110511,3601.4853208065033,11.47925382116003,56.00000000000001,71.39999999999999,131.35162390004348,69.53,68.61,"log"
"IPW","data_train_enc_0.75_3",500,3,100.0,3600,9,290.68083641780646,54.118468195017236,3601.601653575897,11.553943291470762,55.60000000000001,65.8,93.07923868026926,68.27,58.17,"tree"
"IPW","data_train_enc_0.75_3",500,3,100.0,3600,9,291.722229992117,55.0932606398346,3601.501655817032,9.468492602891624,75.4,56.8,166.70089520260814,53.38,51.980000000000004,"true"
"IPW","data_train_enc_0.75_3",500,4,100.0,3600,9,338.59297506565366,45.664813512314865,3603.510445833206,13.24582066966831,54.6,71.2,133.76325003944117,70.6,67.82000000000001,"log"
"IPW","data_train_enc_0.75_3",500,4,100.0,3600,9,294.6417508612091,63.45891061247192,3604.042660474777,12.79278904489482,57.4,60.4,165.66033900912967,51.67,54.47,"tree"
"IPW","data_train_enc_0.75_3",500,4,100.0,3600,9,296.5631403892323,63.44843645511917,3603.399608373642,19.028058488548712,39.800000000000004,60.0,158.39616788205538,57.05,50.61,"true"
"IPW","data_train_enc_0.75_4",500,1,100.0,3600,2,356.21398371274364,0.0,1.390467643737793,3.001436144002131,75.4,73.8,28.54523395128742,82.93,75.29,"log"
"IPW","data_train_enc_0.75_4",500,1,100.0,3600,2,321.00893491483237,0.0,1.046438455581665,8.872758430216317,61.199999999999996,55.2,148.8446175395698,59.63,49.49,"tree"
"IPW","data_train_enc_0.75_4",500,1,100.0,3600,2,334.78210160950414,0.0,1.202514410018921,11.143604440304994,66.60000000000001,50.4,338.8368780388741,32.28,45.28,"true"
"IPW","data_train_enc_0.75_4",500,2,100.0,3600,2,399.0576861171341,0.0,22.009670972824097,12.87785033503662,55.800000000000004,69.6,195.88602383300739,62.41,64.27000000000001,"log"
"IPW","data_train_enc_0.75_4",500,2,100.0,3600,2,338.16878532378917,0.0,29.929090976715088,8.056773887349705,73.0,61.199999999999996,219.17010928956392,49.85,53.72,"tree"
"IPW","data_train_enc_0.75_4",500,2,100.0,3600,2,353.3868237257552,0.0,43.29374051094055,8.056773887349705,73.0,61.199999999999996,219.17010928956392,49.85,53.72,"true"
"IPW","data_train_enc_0.75_4",500,3,100.0,3600,9,404.47542090769736,40.96669691678848,3601.9379608631134,10.251820953643895,61.0,72.39999999999999,146.79308370863214,68.23,67.22,"log"
"IPW","data_train_enc_0.75_4",500,3,100.0,3600,9,349.75689021383596,60.901342456062935,3601.9435427188873,10.306558935734419,60.0,63.4,250.18780541856242,51.01,54.54,"tree"
"IPW","data_train_enc_0.75_4",500,3,100.0,3600,9,360.59386789455016,59.261656427796204,3601.6143882274628,9.138482430334388,69.8,60.8,222.32969507388114,48.92,51.629999999999995,"true"
"IPW","data_train_enc_0.75_4",500,4,100.0,3600,9,405.9819281060069,41.97637699859531,3603.3736369609833,8.70965139585494,61.4,74.0,132.80406703212242,69.58,66.38,"log"
"IPW","data_train_enc_0.75_4",500,4,100.0,3600,9,361.23757616529383,58.80714316549258,3603.410245656967,9.002445809866781,62.8,69.19999999999999,150.50652610763026,63.470000000000006,59.730000000000004,"tree"
"IPW","data_train_enc_0.75_4",500,4,100.0,3600,9,371.87520940974593,57.38039955410324,3602.9628076553345,6.942359724837626,70.0,65.2,181.80223979604148,56.55,53.72,"true"
"IPW","data_train_enc_0.75_5",500,1,100.0,3600,2,343.06378130439504,0.0,1.0330026149749756,1.5204610571080546,85.6,76.8,41.932746942858735,80.24,75.62,"log"
"IPW","data_train_enc_0.75_5",500,1,100.0,3600,2,292.8751272749339,0.0,1.2152729034423828,1.5204610571080546,85.6,76.8,41.932746942858735,80.24,75.62,"tree"
"IPW","data_train_enc_0.75_5",500,1,100.0,3600,2,299.67890987174263,0.0,1.4305379390716553,1.5204610571080546,85.6,76.8,41.932746942858735,80.24,75.62,"true"
"IPW","data_train_enc_0.75_5",500,2,100.0,3600,2,369.58249085811156,0.0,17.12436842918396,12.837421455832336,65.60000000000001,66.8,215.5847902534003,60.51,65.3,"log"
"IPW","data_train_enc_0.75_5",500,2,100.0,3600,2,307.22915400117387,0.0,22.145353078842163,2.933091440987101,78.2,73.0,52.561182458364776,76.9,70.92,"tree"
"IPW","data_train_enc_0.75_5",500,2,100.0,3600,2,311.31817160491227,0.0,22.624555349349976,2.933091440987101,78.2,73.0,52.561182458364776,76.9,70.92,"true"
"IPW","data_train_enc_0.75_5",500,3,100.0,3600,9,384.30995360858356,37.929406605426244,3601.8201866149902,11.28425818636264,66.8,69.39999999999999,206.8326347636323,60.980000000000004,65.45,"log"
"IPW","data_train_enc_0.75_5",500,3,100.0,3600,9,322.9176925685039,58.41003648035736,3601.626493215561,8.082355965145025,60.6,62.0,158.84511134804075,53.81,55.19,"tree"
"IPW","data_train_enc_0.75_5",500,3,100.0,3600,9,324.45570734070895,55.56576590858964,3601.850252866745,4.615500894060221,73.6,74.8,81.6691378353954,71.05,68.86,"true"
"IPW","data_train_enc_0.75_5",500,4,100.0,3600,9,382.6989823762657,45.536206852339596,3602.7805070877075,6.7023044434267165,75.0,74.8,119.46087766322587,70.64,70.00999999999999,"log"
"IPW","data_train_enc_0.75_5",500,4,100.0,3600,9,320.1122218068764,68.9221283812292,3603.1088712215424,14.635184979034518,49.2,57.4,228.2579186814873,53.0,49.17,"tree"
"IPW","data_train_enc_0.75_5",500,4,100.0,3600,9,320.70630570767435,65.3461883473417,3603.140652656555,6.836153672289525,72.6,74.4,132.2328246305182,67.09,67.86,"true"
"IPW","data_train_enc_0.9_1",500,1,100.0,3600,2,577.0935340691261,0.0,0.7610635757446289,19.061780207399487,51.2,35.4,387.482855932184,24.9,33.19,"log"
"IPW","data_train_enc_0.9_1",500,1,100.0,3600,2,288.68205036239124,0.0,1.3757014274597168,7.333573780976074,64.2,81.8,28.738488879904764,83.74000000000001,82.0,"tree"
"IPW","data_train_enc_0.9_1",500,1,100.0,3600,2,290.26832060477994,0.0,1.3378686904907227,3.5566317357869046,77.8,84.2,46.27210173951751,78.5,81.06,"true"
"IPW","data_train_enc_0.9_1",500,2,100.0,3600,2,665.2536764549529,0.0,14.937147855758667,20.978170861913654,44.4,61.4,302.4029245075722,45.04,58.03,"log"
"IPW","data_train_enc_0.9_1",500,2,100.0,3600,2,333.3887850815456,0.0,19.46713161468506,14.574112622082446,57.99999999999999,70.8,145.09084847051372,63.970000000000006,66.09,"tree"
"IPW","data_train_enc_0.9_1",500,2,100.0,3600,2,318.0182933821187,0.0,20.296029567718506,5.779650954946813,78.0,67.80000000000001,128.71341950239744,66.84,62.64999999999999,"true"
"IPW","data_train_enc_0.9_1",500,3,100.0,3600,9,702.811565395848,12.396559042978044,3601.700348377228,17.23159958373306,53.400000000000006,71.2,239.56297396037462,55.410000000000004,67.38,"log"
"IPW","data_train_enc_0.9_1",500,3,100.0,3600,9,354.7851860264043,38.64456090952356,3601.374059677124,11.23304720111187,66.4,65.0,161.23916271500104,61.94,58.87,"tree"
"IPW","data_train_enc_0.9_1",500,3,100.0,3600,9,333.9630162854954,32.88373620715595,3601.402264356613,8.743460136693125,71.6,69.39999999999999,139.1772609476042,67.17,63.62,"true"
"IPW","data_train_enc_0.9_1",500,4,100.0,3600,9,700.924243483486,14.728249243811293,3603.788681745529,10.8125932688413,66.0,79.2,160.07485562232137,66.25999999999999,72.2,"log"
"IPW","data_train_enc_0.9_1",500,4,100.0,3600,9,358.387532227747,41.707613541249536,3602.834228515625,12.745844959057388,64.4,64.8,159.66636640137088,62.01,59.330000000000005,"tree"
"IPW","data_train_enc_0.9_1",500,4,100.0,3600,9,334.10987377773324,42.190540544565295,3603.2794485092163,9.403450935115156,65.8,68.4,190.95928467893015,63.71,61.760000000000005,"true"
"IPW","data_train_enc_0.9_2",500,1,100.0,3600,2,760.9312765223527,0.0,0.5257182121276855,18.201339582917313,48.199999999999996,41.199999999999996,278.12589325106825,47.0,42.35,"log"
"IPW","data_train_enc_0.9_2",500,1,100.0,3600,2,255.94153097345503,0.0,0.8852777481079102,0.5855838979164086,89.0,84.8,15.208549459051538,88.23,82.16,"tree"
"IPW","data_train_enc_0.9_2",500,1,100.0,3600,2,254.8211257809478,0.0,1.0860018730163574,0.5855838979164086,89.0,84.8,15.208549459051538,88.23,82.16,"true"
"IPW","data_train_enc_0.9_2",500,2,100.0,3600,2,831.9498909472761,0.0,11.443081140518188,14.456162090197768,63.800000000000004,74.4,201.5160003109181,66.9,73.39,"log"
"IPW","data_train_enc_0.9_2",500,2,100.0,3600,2,276.6567951066153,0.0,39.586329221725464,13.261213686734582,57.99999999999999,61.8,172.13652035329105,63.870000000000005,60.92999999999999,"tree"
"IPW","data_train_enc_0.9_2",500,2,100.0,3600,2,264.0199356493674,0.0,21.187790393829346,2.873797320794718,84.39999999999999,81.8,41.72333649853633,84.08,78.62,"true"
"IPW","data_train_enc_0.9_2",500,3,100.0,3600,9,848.7751675049104,8.880136896600163,3601.639354944229,13.610088656232332,64.60000000000001,76.0,195.70510090408433,67.02,73.28,"log"
"IPW","data_train_enc_0.9_2",500,3,100.0,3600,9,301.11561652202914,35.44747424118051,3601.373305082321,12.621721314570674,59.599999999999994,64.60000000000001,178.45277982875558,61.419999999999995,59.209999999999994,"tree"
"IPW","data_train_enc_0.9_2",500,3,100.0,3600,9,283.7643901494828,39.29277555085339,3601.6196563243866,5.595861426944258,76.8,77.4,79.42923326304515,78.46,73.31,"true"
"IPW","data_train_enc_0.9_2",500,4,100.0,3600,9,857.5560169615337,11.545033179639107,3602.826993227005,13.078784630001842,63.0,75.2,195.26430337535615,64.23,71.25,"log"
"IPW","data_train_enc_0.9_2",500,4,100.0,3600,9,302.59171260173827,49.71706337080776,3604.5411999225616,8.24251442051438,68.8,71.8,107.19706956244971,72.27,67.43,"tree"
"IPW","data_train_enc_0.9_2",500,4,100.0,3600,9,297.3364606640001,44.615623936525736,3603.222744703293,3.8905767512689318,77.2,81.39999999999999,61.9075332477224,78.14999999999999,74.03999999999999,"true"
"IPW","data_train_enc_0.9_3",500,1,100.0,3600,2,387.8666542723404,0.0,0.8070957660675049,20.811596045845036,59.599999999999994,33.0,345.73487817032344,32.019999999999996,34.35,"log"
"IPW","data_train_enc_0.9_3",500,1,100.0,3600,2,261.19639491438176,0.0,1.688234567642212,1.11463943412055,89.60000000000001,64.2,93.41694843558187,69.02000000000001,65.73,"tree"
"IPW","data_train_enc_0.9_3",500,1,100.0,3600,2,268.53038579133454,0.0,1.098822832107544,1.11463943412055,89.60000000000001,64.2,93.41694843558187,69.02000000000001,65.73,"true"
"IPW","data_train_enc_0.9_3",500,2,100.0,3600,2,453.6091080828181,0.0,13.36119556427002,25.908405309663905,38.0,65.8,239.0049171641029,53.09,65.98,"log"
"IPW","data_train_enc_0.9_3",500,2,100.0,3600,2,280.498576682655,0.0,21.30969476699829,3.218434349310344,83.39999999999999,70.8,104.88405827805582,65.38000000000001,70.55,"tree"
"IPW","data_train_enc_0.9_3",500,2,100.0,3600,2,288.9338668499612,0.0,25.18547034263611,25.611748563760248,42.6,35.199999999999996,332.05424029247433,27.29,32.879999999999995,"true"
"IPW","data_train_enc_0.9_3",500,3,100.0,3600,9,469.69723228167084,18.284720658353343,3601.805657148361,21.059022508324713,45.4,69.19999999999999,239.2007327793,53.510000000000005,67.06,"log"
"IPW","data_train_enc_0.9_3",500,3,100.0,3600,9,312.61535336010854,44.29194190287017,3601.574546813965,14.592263992759193,53.0,68.0,129.19310674973696,64.08,60.95,"tree"
"IPW","data_train_enc_0.9_3",500,3,100.0,3600,9,324.84090488205266,43.88059995612145,3601.555860042572,16.75889572193628,58.599999999999994,50.8,262.79800780033406,37.79,47.22,"true"
"IPW","data_train_enc_0.9_3",500,4,100.0,3600,9,463.5615266930299,30.814014393381324,3603.198817253113,20.646321464571464,45.800000000000004,72.8,196.45352191850773,60.51,72.86,"log"
"IPW","data_train_enc_0.9_3",500,4,100.0,3600,9,310.9479916536626,53.300684959624675,3603.192491531372,18.230618591334505,50.0,59.0,201.75708565865824,49.230000000000004,53.2,"tree"
"IPW","data_train_enc_0.9_3",500,4,100.0,3600,9,325.8419674032395,52.26400889925195,3603.5000796318054,17.943826180653282,55.800000000000004,52.0,264.63423984212784,37.55,46.379999999999995,"true"
"IPW","data_train_enc_0.9_4",500,1,100.0,3600,2,616.1907055175399,0.0,1.1052789688110352,11.143604440304994,66.60000000000001,47.8,338.8368780388741,32.28,42.559999999999995,"log"
"IPW","data_train_enc_0.9_4",500,1,100.0,3600,2,323.9141944997656,0.0,1.0251967906951904,11.143604440304994,66.60000000000001,47.8,338.8368780388741,32.28,42.559999999999995,"tree"
"IPW","data_train_enc_0.9_4",500,1,100.0,3600,2,361.0920087703254,0.0,1.215027093887329,11.143604440304994,66.60000000000001,47.8,338.8368780388741,32.28,42.559999999999995,"true"
"IPW","data_train_enc_0.9_4",500,2,100.0,3600,2,721.8466198861126,0.0,16.203843593597412,12.87785033503662,55.800000000000004,77.0,195.88602383300739,62.41,73.55000000000001,"log"
"IPW","data_train_enc_0.9_4",500,2,100.0,3600,2,343.3573589109283,0.0,29.020398378372192,8.056773887349705,73.0,61.8,219.17010928956392,49.85,56.56,"tree"
"IPW","data_train_enc_0.9_4",500,2,100.0,3600,2,369.09585762955305,0.0,38.814568758010864,8.056773887349705,73.0,61.8,219.17010928956392,49.85,56.56,"true"
"IPW","data_train_enc_0.9_4",500,3,100.0,3600,9,730.030452668103,5.107546278052535,3601.4044921398163,11.473179722709641,57.599999999999994,79.2,188.82624020993123,64.02,74.91,"log"
"IPW","data_train_enc_0.9_4",500,3,100.0,3600,9,366.8853849215535,51.47360269566169,3601.435963869095,12.021301862142941,63.0,57.599999999999994,211.22785549751256,47.510000000000005,52.21,"tree"
"IPW","data_train_enc_0.9_4",500,3,100.0,3600,9,392.097566980665,41.634852243024156,3602.0721728801727,9.17171429820026,71.2,66.4,226.65304892789368,52.27,58.540000000000006,"true"
"IPW","data_train_enc_0.9_4",500,4,100.0,3600,9,731.9614695064164,17.27195841515048,3603.2625238895416,11.912664275058283,56.8,78.8,192.13977141790835,63.24999999999999,74.21,"log"
"IPW","data_train_enc_0.9_4",500,4,100.0,3600,9,380.8692768736274,50.56992375931415,3602.960553884506,16.008696676222648,53.400000000000006,53.0,266.8176448118745,40.98,44.67,"tree"
"IPW","data_train_enc_0.9_4",500,4,100.0,3600,9,402.56915148491305,45.176998854879514,3603.541885614395,9.067464026916207,71.8,65.8,231.15884145837,50.629999999999995,57.26,"true"
"IPW","data_train_enc_0.9_5",500,1,100.0,3600,2,772.3017712737724,0.0,0.9857666492462158,21.093026212562215,37.4,36.0,307.5396289032705,46.089999999999996,34.589999999999996,"log"
"IPW","data_train_enc_0.9_5",500,1,100.0,3600,2,295.7787190817379,0.0,1.221069574356079,10.459474672211948,58.199999999999996,49.6,145.82182309200076,62.739999999999995,49.76,"tree"
"IPW","data_train_enc_0.9_5",500,1,100.0,3600,2,293.55112418367247,0.0,1.4261572360992432,1.5204610571080546,85.6,91.4,41.932746942858735,80.24,90.16999999999999,"true"
"IPW","data_train_enc_0.9_5",500,2,100.0,3600,2,858.6028454092633,0.0,11.315552711486816,19.166824945271994,47.599999999999994,59.8,315.7875892562355,43.580000000000005,58.58,"log"
"IPW","data_train_enc_0.9_5",500,2,100.0,3600,2,313.56524871527074,0.0,22.408309936523438,11.451059618128411,59.8,52.2,159.1050339611202,66.28,53.010000000000005,"tree"
"IPW","data_train_enc_0.9_5",500,2,100.0,3600,2,307.92670102494765,0.0,23.88273286819458,3.7302308474523835,78.4,86.0,63.62399353650524,75.0,83.99,"true"
"IPW","data_train_enc_0.9_5",500,3,100.0,3600,9,879.4429394034494,6.606302030651309,3601.3693420886993,13.754944975346127,57.8,69.6,227.30289166166475,53.66,66.58,"log"
"IPW","data_train_enc_0.9_5",500,3,100.0,3600,9,333.6426362343953,56.11014778879587,3601.68172955513,12.135134861252771,54.400000000000006,62.6,210.2691594946933,54.35,57.28,"tree"
"IPW","data_train_enc_0.9_5",500,3,100.0,3600,9,324.3228101802925,51.730820753652964,3601.5280668735504,6.5578603506368776,68.4,68.0,94.36484124924267,68.64,62.71,"true"
"IPW","data_train_enc_0.9_5",500,4,100.0,3600,9,885.6135243391176,14.930844588558703,3603.011594772339,13.901713683461065,59.8,71.2,244.7100935140394,56.56,69.6,"log"
"IPW","data_train_enc_0.9_5",500,4,100.0,3600,9,345.1953831046022,58.85721473916609,3602.9445366859436,10.019680788334869,59.4,66.8,162.17376125382515,61.12,61.23,"tree"
"IPW","data_train_enc_0.9_5",500,4,100.0,3600,9,335.7089406809408,54.940505773951095,3604.9992291927338,8.69600240615395,61.199999999999996,69.0,147.1369768292655,60.029999999999994,64.23,"true"
