"Robust","data_train_0.1_1",4000,1,100.0,3600,2,2207.8021581521234,0.0,4.383719205856323,25.614110591665316,82.875,49.3,73.99842329543141,80.32000000000001,49.45,"log","linear"
"Robust","data_train_0.1_1",4000,1,100.0,3600,2,4991.313988923251,0.0,4.446864128112793,112.87906326083845,67.5,30.475,256.4031494367754,69.76,29.909999999999997,"log","lasso"
"Robust","data_train_0.1_1",4000,1,100.0,3600,2,2206.3430936199325,0.0,4.304189205169678,25.614110591665316,82.875,49.3,73.99842329543141,80.32000000000001,49.45,"tree","linear"
"Robust","data_train_0.1_1",4000,1,100.0,3600,2,2191.8326515822814,0.0,7.529319524765015,25.614110591665316,82.875,49.3,73.99842329543141,80.32000000000001,49.45,"tree","lasso"
"Robust","data_train_0.1_1",4000,1,100.0,3600,2,2206.3190768463664,0.0,3.187406539916992,25.614110591665316,82.875,49.3,73.99842329543141,80.32000000000001,49.45,"true","linear"
"Robust","data_train_0.1_1",4000,1,100.0,3600,2,2182.9531043747115,0.0,8.570724487304688,25.614110591665316,82.875,49.3,73.99842329543141,80.32000000000001,49.45,"true","lasso"
"Robust","data_train_0.1_1",4000,2,100.0,3600,2,2207.8021581521234,0.0,28.98481297492981,25.614110591665316,82.875,49.3,73.99842329543141,80.32000000000001,49.45,"log","linear"
"Robust","data_train_0.1_1",4000,2,100.0,3600,2,5043.3216158223695,0.0,31.16072726249695,112.24223250178495,67.325,50.849999999999994,264.61670177194543,68.82000000000001,49.57,"log","lasso"
"Robust","data_train_0.1_1",4000,2,100.0,3600,2,2206.3430936199325,0.0,18.700141191482544,25.614110591665316,82.875,49.3,73.99842329543141,80.32000000000001,49.45,"tree","linear"
"Robust","data_train_0.1_1",4000,2,100.0,3600,2,2191.832651582282,0.0,53.023016929626465,25.614110591665316,82.875,49.3,73.99842329543141,80.32000000000001,49.45,"tree","lasso"
"Robust","data_train_0.1_1",4000,2,100.0,3600,2,2206.3190768463664,0.0,20.247494220733643,25.614110591665316,82.875,49.3,73.99842329543141,80.32000000000001,49.45,"true","linear"
"Robust","data_train_0.1_1",4000,2,100.0,3600,2,2182.9531043747115,0.0,31.13486075401306,25.614110591665316,82.875,49.3,73.99842329543141,80.32000000000001,49.45,"true","lasso"
"Robust","data_train_0.1_2",4000,1,100.0,3600,2,4271.421564536184,0.0,3.681190252304077,101.1997803889145,70.625,29.2,243.14330782288343,71.19,30.73,"log","lasso"
"Robust","data_train_0.1_2",4000,1,100.0,3600,2,2224.9402055664586,0.0,3.807556629180908,30.662495912093945,80.45,49.875,83.43746798380066,79.38,49.86,"log","linear"
"Robust","data_train_0.1_2",4000,1,100.0,3600,2,2220.1542982137425,0.0,4.434407711029053,30.662495912093945,80.45,49.875,83.43746798380066,79.38,49.86,"tree","linear"
"Robust","data_train_0.1_2",4000,1,100.0,3600,2,2213.1398185436788,0.0,7.638436794281006,30.662495912093945,80.45,49.875,83.43746798380066,79.38,49.86,"tree","lasso"
"Robust","data_train_0.1_2",4000,1,100.0,3600,2,2220.338553196031,0.0,3.3817572593688965,30.662495912093945,80.45,49.875,83.43746798380066,79.38,49.86,"true","linear"
"Robust","data_train_0.1_2",4000,1,100.0,3600,2,2224.4446336393107,0.0,5.414288282394409,30.662495912093945,80.45,49.875,83.43746798380066,79.38,49.86,"true","lasso"
"Robust","data_train_0.1_2",4000,2,100.0,3600,2,4328.024837175168,0.0,28.62531018257141,96.43021543236475,69.22500000000001,49.0,259.9213899068058,70.35,51.05,"log","lasso"
"Robust","data_train_0.1_2",4000,2,100.0,3600,2,2224.9402055664586,0.0037659254342240975,35.040140867233276,30.662495912093945,80.45,49.875,83.43746798380066,79.38,49.86,"log","linear"
"Robust","data_train_0.1_2",4000,2,100.0,3600,2,2220.1542982137425,0.009521549283246316,16.956322193145752,30.662495912093945,80.45,49.875,83.43746798380066,79.38,49.86,"tree","linear"
"Robust","data_train_0.1_2",4000,2,100.0,3600,2,2213.1398185436788,0.0,49.975929975509644,30.662495912093945,80.45,49.875,83.43746798380066,79.38,49.86,"tree","lasso"
"Robust","data_train_0.1_2",4000,2,100.0,3600,2,2220.3385531960316,0.0,18.82154107093811,30.662495912093945,80.45,49.875,83.43746798380066,79.38,49.86,"true","linear"
"Robust","data_train_0.1_2",4000,2,100.0,3600,2,2224.4446336393107,0.0,40.84143686294556,30.662495912093945,80.45,49.875,83.43746798380066,79.38,49.86,"true","lasso"
"Robust","data_train_0.1_3",4000,1,100.0,3600,2,4634.1879533796455,2.7672324523751832e-12,3.704723358154297,98.48149468078208,71.125,30.025000000000002,241.6178505627165,71.86,29.89,"log","lasso"
"Robust","data_train_0.1_3",4000,1,100.0,3600,2,2180.407735737928,0.0,4.02833366394043,35.85631023178453,78.8,49.95,99.56750608611601,77.58,50.349999999999994,"log","linear"
"Robust","data_train_0.1_3",4000,1,100.0,3600,2,2183.6422768821017,0.0,3.738420248031616,35.85631023178453,78.8,49.95,99.56750608611601,77.58,50.349999999999994,"tree","linear"
"Robust","data_train_0.1_3",4000,1,100.0,3600,2,2186.8482746696864,0.0,6.856852054595947,35.85631023178453,78.8,49.95,99.56750608611601,77.58,50.349999999999994,"tree","lasso"
"Robust","data_train_0.1_3",4000,1,100.0,3600,2,2183.828749744329,0.0,4.644457817077637,35.85631023178453,78.8,49.95,99.56750608611601,77.58,50.349999999999994,"true","linear"
"Robust","data_train_0.1_3",4000,1,100.0,3600,2,2185.6327119507987,0.0,7.300704479217529,35.85631023178453,78.8,49.95,99.56750608611601,77.58,50.349999999999994,"true","lasso"
"Robust","data_train_0.1_3",4000,2,100.0,3600,2,2180.407735737928,0.0,27.46818256378174,35.85631023178453,78.8,49.95,99.56750608611601,77.58,50.349999999999994,"log","linear"
"Robust","data_train_0.1_3",4000,2,100.0,3600,2,4682.52847399,0.0,29.00574803352356,100.76513216872277,70.5,49.2,234.55536614832212,72.34,49.79,"log","lasso"
"Robust","data_train_0.1_3",4000,2,100.0,3600,2,2183.642276882102,0.00817026938986895,24.985366821289062,35.85631023178453,78.8,49.95,99.56750608611601,77.58,50.349999999999994,"tree","linear"
"Robust","data_train_0.1_3",4000,2,100.0,3600,2,2186.848274669687,0.0,34.56289744377136,35.85631023178453,78.8,49.95,99.56750608611601,77.58,50.349999999999994,"tree","lasso"
"Robust","data_train_0.1_3",4000,2,100.0,3600,2,2183.828749744329,0.00955704785996012,28.22741675376892,35.85631023178453,78.8,49.95,99.56750608611601,77.58,50.349999999999994,"true","linear"
"Robust","data_train_0.1_3",4000,2,100.0,3600,2,2194.886643191886,0.0,38.07879710197449,65.64343283195421,75.1,30.599999999999998,176.20105381740674,74.18,29.95,"true","lasso"
"Robust","data_train_0.1_4",4000,1,100.0,3600,2,2196.7446089611162,0.0,3.3827810287475586,41.161140822841425,77.75,50.14999999999999,100.81441783912213,77.95,49.72,"log","linear"
"Robust","data_train_0.1_4",4000,1,100.0,3600,2,4372.819653177628,0.0,4.364815711975098,98.34806169337868,71.125,29.425,227.2444006041231,72.95,30.42,"log","lasso"
"Robust","data_train_0.1_4",4000,1,100.0,3600,2,2190.7990313193823,0.0,3.865196704864502,41.161140822841425,77.75,50.14999999999999,100.81441783912213,77.95,49.72,"tree","linear"
"Robust","data_train_0.1_4",4000,1,100.0,3600,2,2199.0432651359997,0.0,6.540648698806763,41.161140822841425,77.75,50.14999999999999,100.81441783912213,77.95,49.72,"tree","lasso"
"Robust","data_train_0.1_4",4000,1,100.0,3600,2,2209.9618411158476,0.0,5.047757148742676,41.161140822841425,77.75,50.14999999999999,100.81441783912213,77.95,49.72,"true","lasso"
"Robust","data_train_0.1_4",4000,1,100.0,3600,2,2190.505349496399,0.0,4.735150575637817,41.161140822841425,77.75,50.14999999999999,100.81441783912213,77.95,49.72,"true","linear"
"Robust","data_train_0.1_4",4000,2,100.0,3600,2,4444.537270235265,0.0,20.895133018493652,85.84576959589253,70.625,48.825,233.7669032132747,72.32,49.75,"log","lasso"
"Robust","data_train_0.1_4",4000,2,100.0,3600,2,2196.7446089611162,0.009581827185371802,24.164496898651123,41.161140822841425,77.75,50.14999999999999,100.81441783912213,77.95,49.72,"log","linear"
"Robust","data_train_0.1_4",4000,2,100.0,3600,2,2199.043265136,0.0,25.571864128112793,41.161140822841425,77.75,50.14999999999999,100.81441783912213,77.95,49.72,"tree","lasso"
"Robust","data_train_0.1_4",4000,2,100.0,3600,2,2190.7990313193823,0.0,27.278904914855957,41.161140822841425,77.75,50.14999999999999,100.81441783912213,77.95,49.72,"tree","linear"
"Robust","data_train_0.1_4",4000,2,100.0,3600,2,2190.505349496399,0.0,29.2668879032135,41.161140822841425,77.75,50.14999999999999,100.81441783912213,77.95,49.72,"true","linear"
"Robust","data_train_0.1_4",4000,2,100.0,3600,2,2209.9618411158476,0.0,33.647066593170166,41.161140822841425,77.75,50.14999999999999,100.81441783912213,77.95,49.72,"true","lasso"
"Robust","data_train_0.1_5",4000,1,100.0,3600,2,2172.4481168206494,0.0,3.5469181537628174,33.32976921381386,80.22500000000001,49.425000000000004,88.61836345037584,78.62,49.72,"log","linear"
"Robust","data_train_0.1_5",4000,1,100.0,3600,2,3902.4475246866728,0.0,3.700479507446289,102.67048710508146,70.42500000000001,30.375000000000004,253.8980680849162,70.59,29.79,"log","lasso"
"Robust","data_train_0.1_5",4000,1,100.0,3600,2,2197.4468812796035,0.0,4.992162704467773,33.32976921381386,80.22500000000001,49.425000000000004,88.61836345037584,78.62,49.72,"tree","lasso"
"Robust","data_train_0.1_5",4000,1,100.0,3600,2,2178.122336172036,0.0,4.4952661991119385,33.32976921381386,80.22500000000001,49.425000000000004,88.61836345037584,78.62,49.72,"tree","linear"
"Robust","data_train_0.1_5",4000,1,100.0,3600,2,2178.1642863726784,0.0,3.2164008617401123,33.32976921381386,80.22500000000001,49.425000000000004,88.61836345037584,78.62,49.72,"true","linear"
"Robust","data_train_0.1_5",4000,1,100.0,3600,2,2222.4294634192065,0.0,6.502384901046753,33.32976921381386,80.22500000000001,49.425000000000004,88.61836345037584,78.62,49.72,"true","lasso"
"Robust","data_train_0.1_5",4000,2,100.0,3600,2,2172.448116820649,0.0,26.239078044891357,33.32976921381386,80.22500000000001,49.425000000000004,88.61836345037584,78.62,49.72,"log","linear"
"Robust","data_train_0.1_5",4000,2,100.0,3600,2,3932.962808560241,0.0,28.194609880447388,118.9824627826664,69.3,49.75,263.55036377781335,70.62,49.58,"log","lasso"
"Robust","data_train_0.1_5",4000,2,100.0,3600,2,2197.4468812796035,0.0,26.870057344436646,33.32976921381386,80.22500000000001,49.425000000000004,88.61836345037584,78.62,49.72,"tree","lasso"
"Robust","data_train_0.1_5",4000,2,100.0,3600,2,2178.122336172036,0.0,28.039202451705933,33.32976921381386,80.22500000000001,49.425000000000004,88.61836345037584,78.62,49.72,"tree","linear"
"Robust","data_train_0.1_5",4000,2,100.0,3600,2,2178.1642863726784,0.0,25.69954752922058,33.32976921381386,80.22500000000001,49.425000000000004,88.61836345037584,78.62,49.72,"true","linear"
"Robust","data_train_0.1_5",4000,2,100.0,3600,2,2231.033171715993,0.0,32.76878213882446,57.60629041113883,77.225,30.725,158.16872690985863,75.64999999999999,29.67,"true","lasso"
"Robust","data_train_0.25_1",4000,1,100.0,3600,2,2205.5738098097745,0.0,3.8392727375030518,25.614110591665316,82.875,49.475,73.99842329543141,80.32000000000001,49.47,"log","linear"
"Robust","data_train_0.25_1",4000,1,100.0,3600,2,2286.070983639833,0.0,9.874120950698853,115.49805606411596,67.675,38.675,260.71890801121367,69.43,37.04,"log","lasso"
"Robust","data_train_0.25_1",4000,1,100.0,3600,2,2205.3694965594896,0.0,2.896677255630493,25.614110591665316,82.875,49.475,73.99842329543141,80.32000000000001,49.47,"tree","linear"
"Robust","data_train_0.25_1",4000,1,100.0,3600,2,2214.8222472108073,0.0,9.269843339920044,25.614110591665316,82.875,49.475,73.99842329543141,80.32000000000001,49.47,"tree","lasso"
"Robust","data_train_0.25_1",4000,1,100.0,3600,2,2205.3868907294036,0.0,2.9998457431793213,25.614110591665316,82.875,49.475,73.99842329543141,80.32000000000001,49.47,"true","linear"
"Robust","data_train_0.25_1",4000,1,100.0,3600,2,2212.235674428031,0.0,7.100449562072754,25.614110591665316,82.875,49.475,73.99842329543141,80.32000000000001,49.47,"true","lasso"
"Robust","data_train_0.25_1",4000,2,100.0,3600,2,2205.5738098097745,0.00713116496104377,21.177918672561646,25.614110591665316,82.875,49.475,73.99842329543141,80.32000000000001,49.47,"log","linear"
"Robust","data_train_0.25_1",4000,2,100.0,3600,2,2310.4359179447547,0.0,31.98048710823059,70.36410866889253,74.47500000000001,50.224999999999994,172.01109529008426,73.97,49.26,"log","lasso"
"Robust","data_train_0.25_1",4000,2,100.0,3600,2,2205.3694965594896,0.009951714754033943,18.391673803329468,25.614110591665316,82.875,49.475,73.99842329543141,80.32000000000001,49.47,"tree","linear"
"Robust","data_train_0.25_1",4000,2,100.0,3600,2,2214.8222472108073,0.0,38.93631935119629,25.614110591665316,82.875,49.475,73.99842329543141,80.32000000000001,49.47,"tree","lasso"
"Robust","data_train_0.25_1",4000,2,100.0,3600,2,2205.3868907294036,0.008386264613215571,20.74601984024048,25.614110591665316,82.875,49.475,73.99842329543141,80.32000000000001,49.47,"true","linear"
"Robust","data_train_0.25_1",4000,2,100.0,3600,2,2212.235674428031,0.0,51.106680154800415,25.614110591665316,82.875,49.475,73.99842329543141,80.32000000000001,49.47,"true","lasso"
"Robust","data_train_0.25_2",4000,1,100.0,3600,2,2219.7706147777226,0.0,3.498408555984497,30.662495912093945,80.45,49.9,83.43746798380066,79.38,50.46000000000001,"log","linear"
"Robust","data_train_0.25_2",4000,1,100.0,3600,2,2314.8210700941654,0.0,7.123725652694702,101.1997803889145,70.625,37.325,243.14330782288343,71.19,38.35,"log","lasso"
"Robust","data_train_0.25_2",4000,1,100.0,3600,2,2218.701567519555,0.0,4.1987738609313965,30.662495912093945,80.45,49.9,83.43746798380066,79.38,50.46000000000001,"tree","linear"
"Robust","data_train_0.25_2",4000,1,100.0,3600,2,2215.904607284014,0.0,9.636236429214478,30.662495912093945,80.45,49.9,83.43746798380066,79.38,50.46000000000001,"tree","lasso"
"Robust","data_train_0.25_2",4000,1,100.0,3600,2,2218.6944147707604,0.0,2.9931588172912598,30.662495912093945,80.45,49.9,83.43746798380066,79.38,50.46000000000001,"true","linear"
"Robust","data_train_0.25_2",4000,1,100.0,3600,2,2214.7107373179083,0.0,10.27290678024292,30.662495912093945,80.45,49.9,83.43746798380066,79.38,50.46000000000001,"true","lasso"
"Robust","data_train_0.25_2",4000,2,100.0,3600,2,2219.7706147777226,0.0009446547086267777,24.207359790802002,30.662495912093945,80.45,49.9,83.43746798380066,79.38,50.46000000000001,"log","linear"
"Robust","data_train_0.25_2",4000,2,100.0,3600,2,2325.6249253978367,0.0,26.241326570510864,96.43021543236475,69.22500000000001,49.675000000000004,259.9213899068058,70.35,51.129999999999995,"log","lasso"
"Robust","data_train_0.25_2",4000,2,100.0,3600,2,2218.7015675195553,0.0019572900606164806,18.69721484184265,30.662495912093945,80.45,49.9,83.43746798380066,79.38,50.46000000000001,"tree","linear"
"Robust","data_train_0.25_2",4000,2,100.0,3600,2,2215.9046072840147,0.0,39.65838003158569,30.662495912093945,80.45,49.9,83.43746798380066,79.38,50.46000000000001,"tree","lasso"
"Robust","data_train_0.25_2",4000,2,100.0,3600,2,2218.6944147707604,0.006228621026678336,25.14799690246582,30.662495912093945,80.45,49.9,83.43746798380066,79.38,50.46000000000001,"true","linear"
"Robust","data_train_0.25_2",4000,2,100.0,3600,2,2214.7107373179083,0.0,48.15921998023987,30.662495912093945,80.45,49.9,83.43746798380066,79.38,50.46000000000001,"true","lasso"
"Robust","data_train_0.25_3",4000,1,100.0,3600,2,2183.9085416490807,0.0,3.484867811203003,35.85631023178453,78.8,49.65,99.56750608611601,77.58,50.28,"log","linear"
"Robust","data_train_0.25_3",4000,1,100.0,3600,2,2287.8086246234084,0.0,6.054278373718262,98.44184542884615,70.85000000000001,37.4,234.56801048890173,72.28,37.96,"log","lasso"
"Robust","data_train_0.25_3",4000,1,100.0,3600,2,2185.062542697582,0.0,4.134220361709595,35.85631023178453,78.8,49.65,99.56750608611601,77.58,50.28,"tree","linear"
"Robust","data_train_0.25_3",4000,1,100.0,3600,2,2179.420426037315,0.0,6.268307209014893,35.85631023178453,78.8,49.65,99.56750608611601,77.58,50.28,"tree","lasso"
"Robust","data_train_0.25_3",4000,1,100.0,3600,2,2185.067549040192,0.0,4.222057342529297,35.85631023178453,78.8,49.65,99.56750608611601,77.58,50.28,"true","linear"
"Robust","data_train_0.25_3",4000,1,100.0,3600,2,2178.277019977832,0.0,8.511353015899658,35.85631023178453,78.8,49.65,99.56750608611601,77.58,50.28,"true","lasso"
"Robust","data_train_0.25_3",4000,2,100.0,3600,2,2183.9085416490807,0.00909644754200409,19.9251766204834,35.85631023178453,78.8,49.65,99.56750608611601,77.58,50.28,"log","linear"
"Robust","data_train_0.25_3",4000,2,100.0,3600,2,2289.38461866588,0.0,81.80055737495422,100.76513216872277,70.5,49.55,234.55536614832212,72.34,49.58,"log","lasso"
"Robust","data_train_0.25_3",4000,2,100.0,3600,2,2185.062542697582,0.005977761509646127,28.064039707183838,35.85631023178453,78.8,49.65,99.56750608611601,77.58,50.28,"tree","linear"
"Robust","data_train_0.25_3",4000,2,100.0,3600,2,2179.420426037315,0.0,75.01950883865356,35.85631023178453,78.8,49.65,99.56750608611601,77.58,50.28,"tree","lasso"
"Robust","data_train_0.25_3",4000,2,100.0,3600,2,2185.067549040192,0.00643710871043262,27.563327312469482,35.85631023178453,78.8,49.65,99.56750608611601,77.58,50.28,"true","linear"
"Robust","data_train_0.25_3",4000,2,100.0,3600,2,2178.277019977832,0.0,75.32070851325989,35.85631023178453,78.8,49.65,99.56750608611601,77.58,50.28,"true","lasso"
"Robust","data_train_0.25_4",4000,1,100.0,3600,2,2192.7405163536014,0.0,3.5315353870391846,41.161140822841425,77.75,49.875,100.81441783912213,77.95,50.24999999999999,"log","linear"
"Robust","data_train_0.25_4",4000,1,100.0,3600,2,2322.7271457224797,0.0,6.023214817047119,98.07062399923237,71.1,36.625,241.50886337370696,71.44,37.18,"log","lasso"
"Robust","data_train_0.25_4",4000,1,100.0,3600,2,2191.5525457019385,0.0,3.9926936626434326,41.161140822841425,77.75,49.875,100.81441783912213,77.95,50.24999999999999,"tree","linear"
"Robust","data_train_0.25_4",4000,1,100.0,3600,2,2189.1116887584053,0.0,8.61211895942688,41.161140822841425,77.75,49.875,100.81441783912213,77.95,50.24999999999999,"tree","lasso"
"Robust","data_train_0.25_4",4000,1,100.0,3600,2,2191.512428874533,0.0,4.337809324264526,41.161140822841425,77.75,49.875,100.81441783912213,77.95,50.24999999999999,"true","linear"
"Robust","data_train_0.25_4",4000,1,100.0,3600,2,2187.4517715981683,0.0,7.648009300231934,41.161140822841425,77.75,49.875,100.81441783912213,77.95,50.24999999999999,"true","lasso"
"Robust","data_train_0.25_4",4000,2,100.0,3600,2,2192.7405163536014,0.0004948091947804093,21.93364453315735,41.161140822841425,77.75,49.875,100.81441783912213,77.95,50.24999999999999,"log","linear"
"Robust","data_train_0.25_4",4000,2,100.0,3600,2,2342.1222912099443,0.0,22.77980399131775,85.84576959589253,70.625,48.9,233.7669032132747,72.32,50.38,"log","lasso"
"Robust","data_train_0.25_4",4000,2,100.0,3600,2,2191.552545701938,0.004254881930485629,21.207963466644287,41.161140822841425,77.75,49.875,100.81441783912213,77.95,50.24999999999999,"tree","linear"
"Robust","data_train_0.25_4",4000,2,100.0,3600,2,2189.1116887584053,0.0,30.919939517974854,41.161140822841425,77.75,49.875,100.81441783912213,77.95,50.24999999999999,"tree","lasso"
"Robust","data_train_0.25_4",4000,2,100.0,3600,2,2191.512428874533,0.009764571096865862,26.933306217193604,41.161140822841425,77.75,49.875,100.81441783912213,77.95,50.24999999999999,"true","linear"
"Robust","data_train_0.25_4",4000,2,100.0,3600,2,2187.4517715981683,0.0,36.05402994155884,41.161140822841425,77.75,49.875,100.81441783912213,77.95,50.24999999999999,"true","lasso"
"Robust","data_train_0.25_5",4000,1,100.0,3600,2,2179.299833382018,0.0,2.9793052673339844,33.32976921381386,80.22500000000001,49.925000000000004,88.61836345037584,78.62,50.129999999999995,"log","linear"
"Robust","data_train_0.25_5",4000,1,100.0,3600,2,2273.0111990869796,0.0,7.736453533172607,102.67048710508146,70.42500000000001,37.875,253.8980680849162,70.59,38.12,"log","lasso"
"Robust","data_train_0.25_5",4000,1,100.0,3600,2,2180.003174445963,0.0,2.893678665161133,33.32976921381386,80.22500000000001,49.925000000000004,88.61836345037584,78.62,50.129999999999995,"tree","linear"
"Robust","data_train_0.25_5",4000,1,100.0,3600,2,2179.8073883283328,0.0,6.417288541793823,33.32976921381386,80.22500000000001,49.925000000000004,88.61836345037584,78.62,50.129999999999995,"tree","lasso"
"Robust","data_train_0.25_5",4000,1,100.0,3600,2,2180.025048641106,0.0,3.5347843170166016,33.32976921381386,80.22500000000001,49.925000000000004,88.61836345037584,78.62,50.129999999999995,"true","linear"
"Robust","data_train_0.25_5",4000,1,100.0,3600,2,2176.810619991622,0.0,6.645421981811523,33.32976921381386,80.22500000000001,49.925000000000004,88.61836345037584,78.62,50.129999999999995,"true","lasso"
"Robust","data_train_0.25_5",4000,2,100.0,3600,2,2179.299833382018,0.009709352413494979,20.634982347488403,33.32976921381386,80.22500000000001,49.925000000000004,88.61836345037584,78.62,50.129999999999995,"log","linear"
"Robust","data_train_0.25_5",4000,2,100.0,3600,2,2277.280061240468,0.0,38.15574312210083,57.60629041113883,77.225,38.625,158.16872690985863,75.64999999999999,37.74,"log","lasso"
"Robust","data_train_0.25_5",4000,2,100.0,3600,2,2180.003174445963,0.00905824925795236,21.952086210250854,33.32976921381386,80.22500000000001,49.925000000000004,88.61836345037584,78.62,50.129999999999995,"tree","linear"
"Robust","data_train_0.25_5",4000,2,100.0,3600,2,2179.8073883283328,0.0,32.895304441452026,33.32976921381386,80.22500000000001,49.925000000000004,88.61836345037584,78.62,50.129999999999995,"tree","lasso"
"Robust","data_train_0.25_5",4000,2,100.0,3600,2,2180.025048641106,0.009746124770340902,18.855141162872314,33.32976921381386,80.22500000000001,49.925000000000004,88.61836345037584,78.62,50.129999999999995,"true","linear"
"Robust","data_train_0.25_5",4000,2,100.0,3600,2,2176.810619991622,0.0,37.11102223396301,33.32976921381386,80.22500000000001,49.925000000000004,88.61836345037584,78.62,50.129999999999995,"true","lasso"
"Robust","data_train_0.5_1",4000,1,100.0,3600,2,2207.246008115373,0.0,2.6414737701416016,25.614110591665316,82.875,49.675000000000004,73.99842329543141,80.32000000000001,50.7,"log","linear"
"Robust","data_train_0.5_1",4000,1,100.0,3600,2,2227.5250524357416,0.0,5.10710883140564,25.614110591665316,82.875,49.675000000000004,73.99842329543141,80.32000000000001,50.7,"log","lasso"
"Robust","data_train_0.5_1",4000,1,100.0,3600,2,2207.26263959696,0.0,3.0041940212249756,25.614110591665316,82.875,49.675000000000004,73.99842329543141,80.32000000000001,50.7,"tree","linear"
"Robust","data_train_0.5_1",4000,1,100.0,3600,2,2218.3255579095107,0.0,4.8953940868377686,25.614110591665316,82.875,49.675000000000004,73.99842329543141,80.32000000000001,50.7,"tree","lasso"
"Robust","data_train_0.5_1",4000,1,100.0,3600,2,2207.2589328958493,0.0,3.4859957695007324,25.614110591665316,82.875,49.675000000000004,73.99842329543141,80.32000000000001,50.7,"true","linear"
"Robust","data_train_0.5_1",4000,1,100.0,3600,2,2228.979197684981,0.0,5.553542137145996,25.614110591665316,82.875,49.675000000000004,73.99842329543141,80.32000000000001,50.7,"true","lasso"
"Robust","data_train_0.5_1",4000,2,100.0,3600,2,2207.246008115373,0.004830924877164304,20.707341194152832,25.614110591665316,82.875,49.675000000000004,73.99842329543141,80.32000000000001,50.7,"log","linear"
"Robust","data_train_0.5_1",4000,2,100.0,3600,2,2227.5250524357416,0.0,39.693236351013184,25.614110591665316,82.875,49.675000000000004,73.99842329543141,80.32000000000001,50.7,"log","lasso"
"Robust","data_train_0.5_1",4000,2,100.0,3600,2,2207.26263959696,0.008072742064701127,21.891395092010498,25.614110591665316,82.875,49.675000000000004,73.99842329543141,80.32000000000001,50.7,"tree","linear"
"Robust","data_train_0.5_1",4000,2,100.0,3600,2,2218.3255579095107,0.0,40.89426827430725,25.614110591665316,82.875,49.675000000000004,73.99842329543141,80.32000000000001,50.7,"tree","lasso"
"Robust","data_train_0.5_1",4000,2,100.0,3600,2,2207.2589328958493,0.004571668137564469,18.562497854232788,25.614110591665316,82.875,49.675000000000004,73.99842329543141,80.32000000000001,50.7,"true","linear"
"Robust","data_train_0.5_1",4000,2,100.0,3600,2,2228.9791976849815,0.0,39.66016244888306,25.614110591665316,82.875,49.675000000000004,73.99842329543141,80.32000000000001,50.7,"true","lasso"
"Robust","data_train_0.5_2",4000,1,100.0,3600,2,2221.5193249008803,0.0,3.9654319286346436,30.662495912093945,80.45,50.324999999999996,83.43746798380066,79.38,50.12,"log","linear"
"Robust","data_train_0.5_2",4000,1,100.0,3600,2,2215.5117412773425,0.0,11.400298357009888,30.662495912093945,80.45,50.324999999999996,83.43746798380066,79.38,50.12,"log","lasso"
"Robust","data_train_0.5_2",4000,1,100.0,3600,2,2221.6013110615545,0.0,3.0108044147491455,30.662495912093945,80.45,50.324999999999996,83.43746798380066,79.38,50.12,"tree","linear"
"Robust","data_train_0.5_2",4000,1,100.0,3600,2,2220.97108159855,0.0,5.687049388885498,30.662495912093945,80.45,50.324999999999996,83.43746798380066,79.38,50.12,"tree","lasso"
"Robust","data_train_0.5_2",4000,1,100.0,3600,2,2221.5082856963036,0.0,3.1292455196380615,30.662495912093945,80.45,50.324999999999996,83.43746798380066,79.38,50.12,"true","linear"
"Robust","data_train_0.5_2",4000,1,100.0,3600,2,2203.131050759475,0.0,8.268923997879028,30.662495912093945,80.45,50.324999999999996,83.43746798380066,79.38,50.12,"true","lasso"
"Robust","data_train_0.5_2",4000,2,100.0,3600,2,2221.5193249008803,0.008901164225785374,20.138542652130127,30.662495912093945,80.45,50.324999999999996,83.43746798380066,79.38,50.12,"log","linear"
"Robust","data_train_0.5_2",4000,2,100.0,3600,2,2215.5117412773425,0.0,42.308579444885254,30.662495912093945,80.45,50.324999999999996,83.43746798380066,79.38,50.12,"log","lasso"
"Robust","data_train_0.5_2",4000,2,100.0,3600,2,2221.6013110615545,0.0011255970760543762,19.908995866775513,30.662495912093945,80.45,50.324999999999996,83.43746798380066,79.38,50.12,"tree","linear"
"Robust","data_train_0.5_2",4000,2,100.0,3600,2,2220.97108159855,0.0,31.780402183532715,30.662495912093945,80.45,50.324999999999996,83.43746798380066,79.38,50.12,"tree","lasso"
"Robust","data_train_0.5_2",4000,2,100.0,3600,2,2221.5082856963036,0.007472886318882822,23.612395763397217,30.662495912093945,80.45,50.324999999999996,83.43746798380066,79.38,50.12,"true","linear"
"Robust","data_train_0.5_2",4000,2,100.0,3600,2,2203.1310507594753,0.0,62.4146785736084,30.662495912093945,80.45,50.324999999999996,83.43746798380066,79.38,50.12,"true","lasso"
"Robust","data_train_0.5_3",4000,1,100.0,3600,2,2185.9553810721472,0.0,4.166504859924316,35.85631023178453,78.8,50.425,99.56750608611601,77.58,49.59,"log","linear"
"Robust","data_train_0.5_3",4000,1,100.0,3600,2,2178.7822803422455,0.0,7.390568256378174,35.85631023178453,78.8,50.425,99.56750608611601,77.58,49.59,"log","lasso"
"Robust","data_train_0.5_3",4000,1,100.0,3600,2,2185.94552561037,0.0,3.844543218612671,35.85631023178453,78.8,50.425,99.56750608611601,77.58,49.59,"tree","linear"
"Robust","data_train_0.5_3",4000,1,100.0,3600,2,2185.5831476134726,0.0,9.070077419281006,35.85631023178453,78.8,50.425,99.56750608611601,77.58,49.59,"tree","lasso"
"Robust","data_train_0.5_3",4000,1,100.0,3600,2,2185.9654406778022,0.0,3.5158681869506836,35.85631023178453,78.8,50.425,99.56750608611601,77.58,49.59,"true","linear"
"Robust","data_train_0.5_3",4000,1,100.0,3600,2,2175.844224207174,0.0,7.095394611358643,35.85631023178453,78.8,50.425,99.56750608611601,77.58,49.59,"true","lasso"
"Robust","data_train_0.5_3",4000,2,100.0,3600,2,2185.9553810721472,0.009972345656616857,28.40792179107666,35.85631023178453,78.8,50.425,99.56750608611601,77.58,49.59,"log","linear"
"Robust","data_train_0.5_3",4000,2,100.0,3600,2,2178.7822803422455,0.0,85.3471691608429,35.85631023178453,78.8,50.425,99.56750608611601,77.58,49.59,"log","lasso"
"Robust","data_train_0.5_3",4000,2,100.0,3600,2,2185.94552561037,0.0076585913363419605,26.41763687133789,35.85631023178453,78.8,50.425,99.56750608611601,77.58,49.59,"tree","linear"
"Robust","data_train_0.5_3",4000,2,100.0,3600,2,2185.583147613473,0.0,27.3899028301239,35.85631023178453,78.8,50.425,99.56750608611601,77.58,49.59,"tree","lasso"
"Robust","data_train_0.5_3",4000,2,100.0,3600,2,2185.9654406778022,0.0077330520328608016,25.896252632141113,35.85631023178453,78.8,50.425,99.56750608611601,77.58,49.59,"true","linear"
"Robust","data_train_0.5_3",4000,2,100.0,3600,2,2175.844224207174,0.0,76.89818406105042,35.85631023178453,78.8,50.425,99.56750608611601,77.58,49.59,"true","lasso"
"Robust","data_train_0.5_4",4000,1,100.0,3600,2,2190.6841091133124,0.0,4.107829332351685,41.161140822841425,77.75,50.224999999999994,100.81441783912213,77.95,50.89,"log","linear"
"Robust","data_train_0.5_4",4000,1,100.0,3600,2,2192.4766661272383,0.0,9.630167007446289,41.161140822841425,77.75,50.224999999999994,100.81441783912213,77.95,50.89,"log","lasso"
"Robust","data_train_0.5_4",4000,1,100.0,3600,2,2190.6861703364066,0.0,3.097633123397827,41.161140822841425,77.75,50.224999999999994,100.81441783912213,77.95,50.89,"tree","linear"
"Robust","data_train_0.5_4",4000,1,100.0,3600,2,2192.438860918397,0.0,8.978454351425171,41.161140822841425,77.75,50.224999999999994,100.81441783912213,77.95,50.89,"tree","lasso"
"Robust","data_train_0.5_4",4000,1,100.0,3600,2,2190.6861703364066,0.0,3.3550848960876465,41.161140822841425,77.75,50.224999999999994,100.81441783912213,77.95,50.89,"true","linear"
"Robust","data_train_0.5_4",4000,1,100.0,3600,2,2189.078860918397,0.0,7.016437530517578,41.161140822841425,77.75,50.224999999999994,100.81441783912213,77.95,50.89,"true","lasso"
"Robust","data_train_0.5_4",4000,2,100.0,3600,2,2190.6841091133124,0.001363530881111147,28.83675503730774,41.161140822841425,77.75,50.224999999999994,100.81441783912213,77.95,50.89,"log","linear"
"Robust","data_train_0.5_4",4000,2,100.0,3600,2,2192.4766661272383,0.0,29.767383813858032,41.161140822841425,77.75,50.224999999999994,100.81441783912213,77.95,50.89,"log","lasso"
"Robust","data_train_0.5_4",4000,2,100.0,3600,2,2190.6861703364066,0.00198041086399426,27.06534695625305,41.161140822841425,77.75,50.224999999999994,100.81441783912213,77.95,50.89,"tree","linear"
"Robust","data_train_0.5_4",4000,2,100.0,3600,2,2192.438860918397,0.0,41.310601472854614,41.161140822841425,77.75,50.224999999999994,100.81441783912213,77.95,50.89,"tree","lasso"
"Robust","data_train_0.5_4",4000,2,100.0,3600,2,2190.6861703364066,0.0019068519637443103,31.498318672180176,41.161140822841425,77.75,50.224999999999994,100.81441783912213,77.95,50.89,"true","linear"
"Robust","data_train_0.5_4",4000,2,100.0,3600,2,2189.078860918397,0.0,91.12930035591125,41.161140822841425,77.75,50.224999999999994,100.81441783912213,77.95,50.89,"true","lasso"
"Robust","data_train_0.5_5",4000,1,100.0,3600,2,2179.435987919387,0.0,3.9266958236694336,33.32976921381386,80.22500000000001,50.875,88.61836345037584,78.62,49.830000000000005,"log","linear"
"Robust","data_train_0.5_5",4000,1,100.0,3600,2,2175.989908557627,0.0,5.2304770946502686,33.32976921381386,80.22500000000001,50.875,88.61836345037584,78.62,49.830000000000005,"log","lasso"
"Robust","data_train_0.5_5",4000,1,100.0,3600,2,2179.4392927527424,0.0,3.761561632156372,33.32976921381386,80.22500000000001,50.875,88.61836345037584,78.62,49.830000000000005,"tree","linear"
"Robust","data_train_0.5_5",4000,1,100.0,3600,2,2176.015340625012,0.0,7.345387935638428,33.32976921381386,80.22500000000001,50.875,88.61836345037584,78.62,49.830000000000005,"tree","lasso"
"Robust","data_train_0.5_5",4000,1,100.0,3600,2,2179.3692437770324,0.0,4.13463282585144,33.32976921381386,80.22500000000001,50.875,88.61836345037584,78.62,49.830000000000005,"true","linear"
"Robust","data_train_0.5_5",4000,1,100.0,3600,2,2177.6828699119883,0.0,6.015975475311279,33.32976921381386,80.22500000000001,50.875,88.61836345037584,78.62,49.830000000000005,"true","lasso"
"Robust","data_train_0.5_5",4000,2,100.0,3600,2,2179.435987919387,0.007459732982914765,26.372032403945923,33.32976921381386,80.22500000000001,50.875,88.61836345037584,78.62,49.830000000000005,"log","linear"
"Robust","data_train_0.5_5",4000,2,100.0,3600,2,2175.9899085576267,0.0,34.012874364852905,33.32976921381386,80.22500000000001,50.875,88.61836345037584,78.62,49.830000000000005,"log","lasso"
"Robust","data_train_0.5_5",4000,2,100.0,3600,2,2179.4392927527424,0.009843108339354803,26.456294775009155,33.32976921381386,80.22500000000001,50.875,88.61836345037584,78.62,49.830000000000005,"tree","linear"
"Robust","data_train_0.5_5",4000,2,100.0,3600,2,2176.015340625012,0.0,42.49134969711304,33.32976921381386,80.22500000000001,50.875,88.61836345037584,78.62,49.830000000000005,"tree","lasso"
"Robust","data_train_0.5_5",4000,2,100.0,3600,2,2179.3692437770324,0.006849824125872958,20.13504385948181,33.32976921381386,80.22500000000001,50.875,88.61836345037584,78.62,49.830000000000005,"true","linear"
"Robust","data_train_0.5_5",4000,2,100.0,3600,2,2177.6828699119883,0.0,39.67512321472168,33.32976921381386,80.22500000000001,50.875,88.61836345037584,78.62,49.830000000000005,"true","lasso"
"Robust","data_train_0.75_1",4000,1,100.0,3600,2,2204.0457429902585,0.0,3.054323673248291,25.614110591665316,82.875,49.575,73.99842329543141,80.32000000000001,50.33,"log","linear"
"Robust","data_train_0.75_1",4000,1,100.0,3600,2,2305.7903700119077,0.0,4.015187501907349,25.614110591665316,82.875,49.575,73.99842329543141,80.32000000000001,50.33,"log","lasso"
"Robust","data_train_0.75_1",4000,1,100.0,3600,2,2204.850260078825,0.0,3.624253511428833,25.614110591665316,82.875,49.575,73.99842329543141,80.32000000000001,50.33,"tree","linear"
"Robust","data_train_0.75_1",4000,1,100.0,3600,2,2219.5495040785368,0.0,5.042145729064941,25.614110591665316,82.875,49.575,73.99842329543141,80.32000000000001,50.33,"tree","lasso"
"Robust","data_train_0.75_1",4000,1,100.0,3600,2,2204.8440716224213,0.0,4.026206731796265,25.614110591665316,82.875,49.575,73.99842329543141,80.32000000000001,50.33,"true","linear"
"Robust","data_train_0.75_1",4000,1,100.0,3600,2,2225.513839596822,0.0,5.051602125167847,25.614110591665316,82.875,49.575,73.99842329543141,80.32000000000001,50.33,"true","lasso"
"Robust","data_train_0.75_1",4000,2,100.0,3600,2,2204.0457429902585,0.0,17.94428777694702,25.614110591665316,82.875,49.575,73.99842329543141,80.32000000000001,50.33,"log","linear"
"Robust","data_train_0.75_1",4000,2,100.0,3600,2,2305.7903700119073,0.0,28.75944447517395,25.614110591665316,82.875,49.575,73.99842329543141,80.32000000000001,50.33,"log","lasso"
"Robust","data_train_0.75_1",4000,2,100.0,3600,2,2204.850260078825,0.0,22.53092861175537,25.614110591665316,82.875,49.575,73.99842329543141,80.32000000000001,50.33,"tree","linear"
"Robust","data_train_0.75_1",4000,2,100.0,3600,2,2219.5495040785368,0.0,25.779855012893677,25.614110591665316,82.875,49.575,73.99842329543141,80.32000000000001,50.33,"tree","lasso"
"Robust","data_train_0.75_1",4000,2,100.0,3600,2,2204.844071622422,0.0,19.602052927017212,25.614110591665316,82.875,49.575,73.99842329543141,80.32000000000001,50.33,"true","linear"
"Robust","data_train_0.75_1",4000,2,100.0,3600,2,2225.513839596822,0.0,21.88677215576172,25.614110591665316,82.875,49.575,73.99842329543141,80.32000000000001,50.33,"true","lasso"
"Robust","data_train_0.75_2",4000,1,100.0,3600,2,2221.6039512739244,0.0,2.9883687496185303,30.662495912093945,80.45,51.1,83.43746798380066,79.38,50.1,"log","linear"
"Robust","data_train_0.75_2",4000,1,100.0,3600,2,2277.4194650874324,0.0,5.022196292877197,30.662495912093945,80.45,51.1,83.43746798380066,79.38,50.1,"log","lasso"
"Robust","data_train_0.75_2",4000,1,100.0,3600,2,2222.698916775736,0.0,3.1962757110595703,30.662495912093945,80.45,51.1,83.43746798380066,79.38,50.1,"tree","linear"
"Robust","data_train_0.75_2",4000,1,100.0,3600,2,2212.0866612361,0.0,6.582135200500488,30.662495912093945,80.45,51.1,83.43746798380066,79.38,50.1,"tree","lasso"
"Robust","data_train_0.75_2",4000,1,100.0,3600,2,2222.7331227801546,0.0,3.7681922912597656,30.662495912093945,80.45,51.1,83.43746798380066,79.38,50.1,"true","linear"
"Robust","data_train_0.75_2",4000,1,100.0,3600,2,2188.950979024257,0.0,7.771165132522583,30.662495912093945,80.45,51.1,83.43746798380066,79.38,50.1,"true","lasso"
"Robust","data_train_0.75_2",4000,2,100.0,3600,2,2221.6039512739244,0.004879616858072251,18.832395315170288,30.662495912093945,80.45,51.1,83.43746798380066,79.38,50.1,"log","linear"
"Robust","data_train_0.75_2",4000,2,100.0,3600,2,2277.4194650874324,0.0,28.343122482299805,30.662495912093945,80.45,51.1,83.43746798380066,79.38,50.1,"log","lasso"
"Robust","data_train_0.75_2",4000,2,100.0,3600,2,2222.698916775736,0.00439954238155548,23.82499384880066,30.662495912093945,80.45,51.1,83.43746798380066,79.38,50.1,"tree","linear"
"Robust","data_train_0.75_2",4000,2,100.0,3600,2,2212.0866612361006,0.0,41.98771548271179,30.662495912093945,80.45,51.1,83.43746798380066,79.38,50.1,"tree","lasso"
"Robust","data_train_0.75_2",4000,2,100.0,3600,2,2222.7331227801546,0.00984611552706092,27.60915207862854,30.662495912093945,80.45,51.1,83.43746798380066,79.38,50.1,"true","linear"
"Robust","data_train_0.75_2",4000,2,100.0,3600,2,2208.268516284864,0.0,38.86995220184326,56.139570893246464,77.825,49.975,170.04210823628435,74.33,49.730000000000004,"true","lasso"
"Robust","data_train_0.75_3",4000,1,100.0,3600,2,2185.888033746577,0.0,3.612215995788574,35.85631023178453,78.8,50.449999999999996,99.56750608611601,77.58,49.29,"log","linear"
"Robust","data_train_0.75_3",4000,1,100.0,3600,2,2257.3118303786578,0.0,3.5779919624328613,35.85631023178453,78.8,50.449999999999996,99.56750608611601,77.58,49.29,"log","lasso"
"Robust","data_train_0.75_3",4000,1,100.0,3600,2,2183.563497423718,0.0,3.702195405960083,35.85631023178453,78.8,50.449999999999996,99.56750608611601,77.58,49.29,"tree","linear"
"Robust","data_train_0.75_3",4000,1,100.0,3600,2,2176.1164039852147,0.0,5.590449094772339,35.85631023178453,78.8,50.449999999999996,99.56750608611601,77.58,49.29,"tree","lasso"
"Robust","data_train_0.75_3",4000,1,100.0,3600,2,2183.5420660506275,0.0,4.436967372894287,35.85631023178453,78.8,50.449999999999996,99.56750608611601,77.58,49.29,"true","linear"
"Robust","data_train_0.75_3",4000,1,100.0,3600,2,2177.8258544966407,0.0,6.1282148361206055,35.85631023178453,78.8,50.449999999999996,99.56750608611601,77.58,49.29,"true","lasso"
"Robust","data_train_0.75_3",4000,2,100.0,3600,2,2185.888033746577,0.00816233460149331,21.115527629852295,35.85631023178453,78.8,50.449999999999996,99.56750608611601,77.58,49.29,"log","linear"
"Robust","data_train_0.75_3",4000,2,100.0,3600,2,2257.311830378658,0.0,34.737250328063965,35.85631023178453,78.8,50.449999999999996,99.56750608611601,77.58,49.29,"log","lasso"
"Robust","data_train_0.75_3",4000,2,100.0,3600,2,2176.1164039852147,0.0,27.946489810943604,35.85631023178453,78.8,50.449999999999996,99.56750608611601,77.58,49.29,"tree","lasso"
"Robust","data_train_0.75_3",4000,2,100.0,3600,2,2183.563497423718,0.0,30.36634397506714,35.85631023178453,78.8,50.449999999999996,99.56750608611601,77.58,49.29,"tree","linear"
"Robust","data_train_0.75_3",4000,2,100.0,3600,2,2183.5420660506275,0.0,29.123208045959473,35.85631023178453,78.8,50.449999999999996,99.56750608611601,77.58,49.29,"true","linear"
"Robust","data_train_0.75_3",4000,2,100.0,3600,2,2177.8258544966407,0.0,34.95666837692261,35.85631023178453,78.8,50.449999999999996,99.56750608611601,77.58,49.29,"true","lasso"
"Robust","data_train_0.75_4",4000,1,100.0,3600,2,2192.0448027417224,0.0,3.454190969467163,41.161140822841425,77.75,50.575,100.81441783912213,77.95,50.71,"log","linear"
"Robust","data_train_0.75_4",4000,1,100.0,3600,2,2310.817288888311,0.0,3.888749122619629,41.161140822841425,77.75,50.575,100.81441783912213,77.95,50.71,"log","lasso"
"Robust","data_train_0.75_4",4000,1,100.0,3600,2,2213.2624018349907,0.0,3.3093090057373047,41.161140822841425,77.75,50.575,100.81441783912213,77.95,50.71,"tree","lasso"
"Robust","data_train_0.75_4",4000,1,100.0,3600,2,2193.2865311864334,0.0,4.375167608261108,41.161140822841425,77.75,50.575,100.81441783912213,77.95,50.71,"tree","linear"
"Robust","data_train_0.75_4",4000,1,100.0,3600,2,2193.2010110540723,0.0,3.973466396331787,41.161140822841425,77.75,50.575,100.81441783912213,77.95,50.71,"true","linear"
"Robust","data_train_0.75_4",4000,1,100.0,3600,2,2219.4864595685503,0.0,4.363837957382202,41.161140822841425,77.75,50.575,100.81441783912213,77.95,50.71,"true","lasso"
"Robust","data_train_0.75_4",4000,2,100.0,3600,2,2192.0448027417224,0.006123770497965618,21.886562824249268,41.161140822841425,77.75,50.575,100.81441783912213,77.95,50.71,"log","linear"
"Robust","data_train_0.75_4",4000,2,100.0,3600,2,2310.817288888311,0.0,31.425270557403564,41.161140822841425,77.75,50.575,100.81441783912213,77.95,50.71,"log","lasso"
"Robust","data_train_0.75_4",4000,2,100.0,3600,2,2193.2865311864334,0.0,26.43947958946228,41.161140822841425,77.75,50.575,100.81441783912213,77.95,50.71,"tree","linear"
"Robust","data_train_0.75_4",4000,2,100.0,3600,2,2213.2624018349907,0.0,31.929665327072144,41.161140822841425,77.75,50.575,100.81441783912213,77.95,50.71,"tree","lasso"
"Robust","data_train_0.75_4",4000,2,100.0,3600,2,2193.2010110540723,0.0,21.5842764377594,41.161140822841425,77.75,50.575,100.81441783912213,77.95,50.71,"true","linear"
"Robust","data_train_0.75_4",4000,2,100.0,3600,2,2219.4864595685503,0.0,29.6262366771698,41.161140822841425,77.75,50.575,100.81441783912213,77.95,50.71,"true","lasso"
"Robust","data_train_0.75_5",4000,1,100.0,3600,2,2178.388966665516,0.0,2.986781597137451,33.32976921381386,80.22500000000001,51.925,88.61836345037584,78.62,50.370000000000005,"log","linear"
"Robust","data_train_0.75_5",4000,1,100.0,3600,2,2269.594805364891,0.0,3.4226624965667725,33.32976921381386,80.22500000000001,51.925,88.61836345037584,78.62,50.370000000000005,"log","lasso"
"Robust","data_train_0.75_5",4000,1,100.0,3600,2,2176.719208024234,0.0,3.2254722118377686,33.32976921381386,80.22500000000001,51.925,88.61836345037584,78.62,50.370000000000005,"tree","linear"
"Robust","data_train_0.75_5",4000,1,100.0,3600,2,2167.87844226806,0.0,6.20077657699585,33.32976921381386,80.22500000000001,51.925,88.61836345037584,78.62,50.370000000000005,"tree","lasso"
"Robust","data_train_0.75_5",4000,1,100.0,3600,2,2176.7530788220474,0.0,3.627662420272827,33.32976921381386,80.22500000000001,51.925,88.61836345037584,78.62,50.370000000000005,"true","linear"
"Robust","data_train_0.75_5",4000,1,100.0,3600,2,2186.316050389548,0.0,5.970599174499512,33.32976921381386,80.22500000000001,51.925,88.61836345037584,78.62,50.370000000000005,"true","lasso"
"Robust","data_train_0.75_5",4000,2,100.0,3600,2,2178.388966665516,0.0,18.9004487991333,33.32976921381386,80.22500000000001,51.925,88.61836345037584,78.62,50.370000000000005,"log","linear"
"Robust","data_train_0.75_5",4000,2,100.0,3600,2,2269.594805364891,0.0,36.384685039520264,33.32976921381386,80.22500000000001,51.925,88.61836345037584,78.62,50.370000000000005,"log","lasso"
"Robust","data_train_0.75_5",4000,2,100.0,3600,2,2176.719208024234,0.0,19.190555572509766,33.32976921381386,80.22500000000001,51.925,88.61836345037584,78.62,50.370000000000005,"tree","linear"
"Robust","data_train_0.75_5",4000,2,100.0,3600,2,2167.8784422680606,0.0,37.467005252838135,33.32976921381386,80.22500000000001,51.925,88.61836345037584,78.62,50.370000000000005,"tree","lasso"
"Robust","data_train_0.75_5",4000,2,100.0,3600,2,2186.316050389548,0.0,26.40041756629944,33.32976921381386,80.22500000000001,51.925,88.61836345037584,78.62,50.370000000000005,"true","lasso"
"Robust","data_train_0.75_5",4000,2,100.0,3600,2,2176.7530788220474,0.0020403285118784555,26.577276706695557,33.32976921381386,80.22500000000001,51.925,88.61836345037584,78.62,50.370000000000005,"true","linear"
"Robust","data_train_0.9_1",4000,1,100.0,3600,2,2209.4750354993066,0.0,4.727663516998291,25.614110591665316,82.875,49.8,73.99842329543141,80.32000000000001,50.7,"log","linear"
"Robust","data_train_0.9_1",4000,1,100.0,3600,2,3800.4769320165847,0.0,6.324959993362427,361.54864528175216,32.324999999999996,30.7,893.4515364954017,30.570000000000004,29.770000000000003,"log","lasso"
"Robust","data_train_0.9_1",4000,1,100.0,3600,2,2201.4809129808996,0.0,4.731778383255005,25.614110591665316,82.875,49.8,73.99842329543141,80.32000000000001,50.7,"tree","linear"
"Robust","data_train_0.9_1",4000,1,100.0,3600,2,2219.9575037251398,0.0,9.107186555862427,25.614110591665316,82.875,49.8,73.99842329543141,80.32000000000001,50.7,"tree","lasso"
"Robust","data_train_0.9_1",4000,1,100.0,3600,2,2201.4976924742396,0.0,3.283168077468872,25.614110591665316,82.875,49.8,73.99842329543141,80.32000000000001,50.7,"true","linear"
"Robust","data_train_0.9_1",4000,1,100.0,3600,2,2200.407183861051,0.0,9.034006595611572,25.614110591665316,82.875,49.8,73.99842329543141,80.32000000000001,50.7,"true","lasso"
"Robust","data_train_0.9_1",4000,2,100.0,3600,2,3914.1081326208405,0.0,26.42616033554077,195.91873780644497,57.475,50.3,470.72259521870353,56.24,50.7,"log","lasso"
"Robust","data_train_0.9_1",4000,2,100.0,3600,2,2209.4750354993066,0.0,28.454713582992554,25.614110591665316,82.875,49.8,73.99842329543141,80.32000000000001,50.7,"log","linear"
"Robust","data_train_0.9_1",4000,2,100.0,3600,2,2201.4809129809,0.0,25.749762296676636,25.614110591665316,82.875,49.8,73.99842329543141,80.32000000000001,50.7,"tree","linear"
"Robust","data_train_0.9_1",4000,2,100.0,3600,2,2219.9575037251398,0.0,39.76100468635559,25.614110591665316,82.875,49.8,73.99842329543141,80.32000000000001,50.7,"tree","lasso"
"Robust","data_train_0.9_1",4000,2,100.0,3600,2,2201.4976924742396,0.0,20.14754581451416,25.614110591665316,82.875,49.8,73.99842329543141,80.32000000000001,50.7,"true","linear"
"Robust","data_train_0.9_1",4000,2,100.0,3600,2,2200.407183861051,0.0,39.66787242889404,25.614110591665316,82.875,49.8,73.99842329543141,80.32000000000001,50.7,"true","lasso"
"Robust","data_train_0.9_2",4000,1,100.0,3600,2,2204.323183422108,0.0,5.461848020553589,30.662495912093945,80.45,50.375,83.43746798380066,79.38,50.019999999999996,"log","linear"
"Robust","data_train_0.9_2",4000,1,100.0,3600,2,3448.1881352535092,0.0,5.896718502044678,366.4513345955193,29.375,29.25,903.1111323556879,28.810000000000002,30.09,"log","lasso"
"Robust","data_train_0.9_2",4000,1,100.0,3600,2,2222.171419581621,0.0,4.186038494110107,30.662495912093945,80.45,50.375,83.43746798380066,79.38,50.019999999999996,"tree","linear"
"Robust","data_train_0.9_2",4000,1,100.0,3600,2,2193.79501242522,0.0,9.348862886428833,30.662495912093945,80.45,50.375,83.43746798380066,79.38,50.019999999999996,"tree","lasso"
"Robust","data_train_0.9_2",4000,1,100.0,3600,2,2222.3189075248374,0.0,4.639398097991943,30.662495912093945,80.45,50.375,83.43746798380066,79.38,50.019999999999996,"true","linear"
"Robust","data_train_0.9_2",4000,1,100.0,3600,2,2202.8857332503276,0.0,8.820520877838135,30.662495912093945,80.45,50.375,83.43746798380066,79.38,50.019999999999996,"true","lasso"
"Robust","data_train_0.9_2",4000,2,100.0,3600,2,2204.323183422108,0.0,28.882650136947632,30.662495912093945,80.45,50.375,83.43746798380066,79.38,50.019999999999996,"log","linear"
"Robust","data_train_0.9_2",4000,2,100.0,3600,2,3545.1857549332317,0.0,30.728336095809937,194.6582333429917,55.60000000000001,50.224999999999994,500.86279843924444,53.790000000000006,50.01,"log","lasso"
"Robust","data_train_0.9_2",4000,2,100.0,3600,2,2222.171419581621,0.0,27.85053515434265,30.662495912093945,80.45,50.375,83.43746798380066,79.38,50.019999999999996,"tree","linear"
"Robust","data_train_0.9_2",4000,2,100.0,3600,2,2193.79501242522,0.0,36.40777277946472,30.662495912093945,80.45,50.375,83.43746798380066,79.38,50.019999999999996,"tree","lasso"
"Robust","data_train_0.9_2",4000,2,100.0,3600,2,2222.3189075248374,0.0,23.4359188079834,30.662495912093945,80.45,50.375,83.43746798380066,79.38,50.019999999999996,"true","linear"
"Robust","data_train_0.9_2",4000,2,100.0,3600,2,2205.64141023477,0.0,47.32152771949768,56.139570893246464,77.825,50.849999999999994,170.04210823628435,74.33,49.87,"true","lasso"
"Robust","data_train_0.9_3",4000,1,100.0,3600,2,2212.588642588338,0.0,4.50899863243103,35.85631023178453,78.8,49.5,99.56750608611601,77.58,49.57,"log","linear"
"Robust","data_train_0.9_3",4000,1,100.0,3600,2,3439.8566101973574,0.0,5.026552200317383,354.02084927854236,29.15,30.4,898.0839008737187,27.72,30.73,"log","lasso"
"Robust","data_train_0.9_3",4000,1,100.0,3600,2,2181.6606499814175,0.0,4.774356126785278,35.85631023178453,78.8,49.5,99.56750608611601,77.58,49.57,"tree","linear"
"Robust","data_train_0.9_3",4000,1,100.0,3600,2,2179.461610484013,0.0,6.837782859802246,35.85631023178453,78.8,49.5,99.56750608611601,77.58,49.57,"tree","lasso"
"Robust","data_train_0.9_3",4000,1,100.0,3600,2,2181.0724428581834,0.0,4.342256546020508,35.85631023178453,78.8,49.5,99.56750608611601,77.58,49.57,"true","linear"
"Robust","data_train_0.9_3",4000,1,100.0,3600,2,2180.2813681815987,0.0,7.564813613891602,35.85631023178453,78.8,49.5,99.56750608611601,77.58,49.57,"true","lasso"
"Robust","data_train_0.9_3",4000,2,100.0,3600,2,3533.951879976992,0.0,23.00239062309265,193.19050333179558,54.300000000000004,49.6,503.72460183688173,52.239999999999995,50.14999999999999,"log","lasso"
"Robust","data_train_0.9_3",4000,2,100.0,3600,2,2212.588642588338,0.0,25.810494899749756,35.85631023178453,78.8,49.5,99.56750608611601,77.58,49.57,"log","linear"
"Robust","data_train_0.9_3",4000,2,100.0,3600,2,2181.6606499814175,0.0015290404469194528,22.078800916671753,35.85631023178453,78.8,49.5,99.56750608611601,77.58,49.57,"tree","linear"
"Robust","data_train_0.9_3",4000,2,100.0,3600,2,2179.4616104840134,0.0,35.32152795791626,35.85631023178453,78.8,49.5,99.56750608611601,77.58,49.57,"tree","lasso"
"Robust","data_train_0.9_3",4000,2,100.0,3600,2,2181.0724428581834,0.008137562390015939,27.32774019241333,35.85631023178453,78.8,49.5,99.56750608611601,77.58,49.57,"true","linear"
"Robust","data_train_0.9_3",4000,2,100.0,3600,2,2180.2813681815987,0.0,29.632763862609863,35.85631023178453,78.8,49.5,99.56750608611601,77.58,49.57,"true","lasso"
"Robust","data_train_0.9_4",4000,1,100.0,3600,2,2178.97987211881,0.0,5.967459440231323,41.161140822841425,77.75,50.025,100.81441783912213,77.95,50.38,"log","linear"
"Robust","data_train_0.9_4",4000,1,100.0,3600,2,4115.114946314507,0.0,7.065176248550415,359.4737282342251,28.875,28.449999999999996,903.2547635395061,27.05,30.12,"log","lasso"
"Robust","data_train_0.9_4",4000,1,100.0,3600,2,2188.893890043867,0.0,3.4930949211120605,41.161140822841425,77.75,50.025,100.81441783912213,77.95,50.38,"tree","linear"
"Robust","data_train_0.9_4",4000,1,100.0,3600,2,2201.7359827822556,0.0,6.889198064804077,41.161140822841425,77.75,50.025,100.81441783912213,77.95,50.38,"tree","lasso"
"Robust","data_train_0.9_4",4000,1,100.0,3600,2,2188.86659485196,0.0,3.923685073852539,41.161140822841425,77.75,50.025,100.81441783912213,77.95,50.38,"true","linear"
"Robust","data_train_0.9_4",4000,1,100.0,3600,2,2175.042450338553,0.0,6.760821342468262,41.161140822841425,77.75,50.025,100.81441783912213,77.95,50.38,"true","lasso"
"Robust","data_train_0.9_4",4000,2,100.0,3600,2,4227.648118968205,0.0,25.539402961730957,193.49471808785,54.37499999999999,49.7,494.3471361030175,52.690000000000005,50.68,"log","lasso"
"Robust","data_train_0.9_4",4000,2,100.0,3600,2,2178.97987211881,0.0,26.986610174179077,41.161140822841425,77.75,50.025,100.81441783912213,77.95,50.38,"log","linear"
"Robust","data_train_0.9_4",4000,2,100.0,3600,2,2188.893890043867,0.0,25.312400341033936,41.161140822841425,77.75,50.025,100.81441783912213,77.95,50.38,"tree","linear"
"Robust","data_train_0.9_4",4000,2,100.0,3600,2,2201.7359827822556,0.005022502977348457,36.86517095565796,41.161140822841425,77.75,50.025,100.81441783912213,77.95,50.38,"tree","lasso"
"Robust","data_train_0.9_4",4000,2,100.0,3600,2,2188.8665948519606,0.0,28.67703890800476,41.161140822841425,77.75,50.025,100.81441783912213,77.95,50.38,"true","linear"
"Robust","data_train_0.9_4",4000,2,100.0,3600,2,2183.047844168748,0.0,35.1441924571991,69.95562869033294,71.675,50.74999999999999,162.87368748853623,75.81,50.8,"true","lasso"
"Robust","data_train_0.9_5",4000,1,100.0,3600,2,2176.482706708835,0.0,6.7516725063323975,33.32976921381386,80.22500000000001,52.2,88.61836345037584,78.62,50.19,"log","linear"
"Robust","data_train_0.9_5",4000,1,100.0,3600,2,4198.537796626663,0.0,9.867655992507935,364.0048741918968,30.175,29.849999999999998,907.041091244177,28.23,29.94,"log","lasso"
"Robust","data_train_0.9_5",4000,1,100.0,3600,2,2173.5450845320875,0.0,3.463393449783325,33.32976921381386,80.22500000000001,52.2,88.61836345037584,78.62,50.19,"tree","linear"
"Robust","data_train_0.9_5",4000,1,100.0,3600,2,2140.33886247545,0.0,6.709444761276245,33.32976921381386,80.22500000000001,52.2,88.61836345037584,78.62,50.19,"tree","lasso"
"Robust","data_train_0.9_5",4000,1,100.0,3600,2,2173.7779713380514,0.0,3.7655444145202637,33.32976921381386,80.22500000000001,52.2,88.61836345037584,78.62,50.19,"true","linear"
"Robust","data_train_0.9_5",4000,1,100.0,3600,2,2177.281560568249,0.0,8.148154020309448,33.32976921381386,80.22500000000001,52.2,88.61836345037584,78.62,50.19,"true","lasso"
"Robust","data_train_0.9_5",4000,2,100.0,3600,2,2176.482706708835,0.0,20.475578784942627,33.32976921381386,80.22500000000001,52.2,88.61836345037584,78.62,50.19,"log","linear"
"Robust","data_train_0.9_5",4000,2,100.0,3600,2,4282.176871258311,0.0,22.860402584075928,195.73633866363457,55.7,51.725,495.7837682545623,53.690000000000005,49.559999999999995,"log","lasso"
"Robust","data_train_0.9_5",4000,2,100.0,3600,2,2173.5450845320875,0.0,34.074379444122314,33.32976921381386,80.22500000000001,52.2,88.61836345037584,78.62,50.19,"tree","linear"
"Robust","data_train_0.9_5",4000,2,100.0,3600,2,2180.5837008334997,0.0,42.697094678878784,66.93451495198141,73.725,72.25,169.13588524245696,74.06,70.43,"tree","lasso"
"Robust","data_train_0.9_5",4000,2,100.0,3600,2,2173.7779713380514,0.0,24.04445743560791,33.32976921381386,80.22500000000001,52.2,88.61836345037584,78.62,50.19,"true","linear"
"Robust","data_train_0.9_5",4000,2,100.0,3600,2,2177.281560568249,0.0,45.31747841835022,33.32976921381386,80.22500000000001,52.2,88.61836345037584,78.62,50.19,"true","lasso"
